proper_name,designation,hip,hr,bayer_id,constellation,origin,language,adopted
Tianbang,HR 6588,86414,6588,Iota Her,Her,"Tiān Bàng (Celestial Flail, 天棓) is a defensive weapon, attested as constellation since 100 BCE. WGSN represents it by its determinative star.",Chinese,2026/06/20
Tianbian,HR 6973,91117,6973,α Sct,Sct,"Tiān Biàn (Market Officer, 天弁) is a traditional Chinese asterism close to the Celestial Market super-constellation. It literally means “Celestial Cap"" and describes a ceremonial headgear. The name is attested since around 100 BCE. WGSN represents it by its determinative star.",Chinese,2026/06/18
Telum,HR 7635,98337,7635,γ Sge,Sge,"Telum, the Dart, has been used as an alternative name for Sagitta in European literature of the past millennium (e.g. Dürer 1515, Uranometria 1603, Kepler 1627). WGSN applies the name to the brightest star of the asterism.",Latin,2026/06/18
Shakh,HR 7488,96837,7488,β Sge,Sge,"ŠAḪ, Pig, is a Sumerian constellation attested in MUL.APIN (dating between 1350 and 1150 BCE). The two stars Alpha and Beta Sagittae look like the nose of the Mesopotamian constellation The Pig. WGSN applies the name to Beta.",Sumerian,2026/06/18
Zuoqi,HR 7536,97365,7536,δ Sge,Sge,"Zuŏ Qí (Left Flag, 左旗) is a Chinese asterism consisting of nine stars and attested for more than 2000 years. It belongs to the super-constellation of flags and drums as signal transmitter.  WGSN represents it by its determinative star.",Chinese,2026/06/18
Guqi,HR 7377,95501,7377,δ Aql,Aql,"Gŭ Qí (Drum Flag, 鼓旗) is a Chinese asterism consisting of nine stars that originated no later than about 100 BCE. It forms a super-constellation with Hé Gŭ (River-Drum) and Zuŏ Qí (Left Flag), as drums and flags were used to transmit signals.",Chinese,2026/06/18
Arin-majlep,HR 7176,93244,7176,ε Aql,Aql,"Arin-majlep, the ""replica of the Big Eye"", with the Big Eye referring to Altair, is the name of a small asterism of three stars in a row: ε, ζ, and ω Aql. WGSN named ε Aql after it.",Marshallese,2026/06/18
Pagru,HR 7570,97804,7570,η Aql,Aql,"Akkadian Pagru, ""body"" or ""corpse,"" is commonly translated ""The Dead Man"", attested as a constellation in MUL.APIN which dates between 1350 and 1150 BCE, and has been used through the entire 1st millennium BCE.",Akkadian,2026/06/18
Hru,HR 7474,96665,7474,σ Aql,Aql,"Hru or Ru means Arrow. The term derives from Sanskrit, but is used as a constellation on the Island of Bali for at least 1300 years.",Sanskrit,2026/06/18
Pongaponga,HR 7051,91919,7051,ε1 Lyr A,Lyr,Pongaponga (“nostrils”) is a star name from the island of Pukapuka (South Pacific) for the visual double star ε1 (4) Lyr and ε2 (5) Lyr. WGSN applies the name to ε1 Lyr A.,Cook Is. Maori,2026/06/18
Niandao,HR 7157,92862,7157,13 Lyr,Lyr,"Niăn Dào (Imperial Passageway, 辇道) is a private way for the emporer for harmonious journeys. WGSN represents it by its determinative star.",Chinese,2026/06/18
Kautoki,HR 7056,91971,7056,ζ1 Lyr,Lyr,"The name means ""handle (kau) of the adze (toki)"" and describes an asterism from the Polynesian island of Kapingamarangi.",Kapingamarangi,2026/06/18
Urquchillay,HR 7057,91973,7057,ζ2 Lyr,Lyr,"Urquchillay, the Llama of Many Colors, is the name of the Inka god of livestock and wildlife; it was the protector of animal. Its constellation covers large areas of Lyra; WGSN adopts the name for a star close the the god's heart.",Quechua,2026/06/18
Jiantai,HR 7139,92791,7139,δ2 Lyr,Lyr,"Jiàn Tái (Clepsydra Terrace, 渐台) is a Chinese constellation of 4 stars, a symbol of astronomical timekeeping and musical pitch calibration.",Chinese,2026/06/18
Ninnisig,HR 7314,94713,7314,θ Lyr,Lyr,"Ninnisig and Erragal are two Sumerian gods associated with the pair of stars, Ninnisig is the goddess who is butcher of the highest temple (name honours a profession).",Sumerian,2026/06/18
Yaqana,HR 6115,80582,6115,ε Nor,Nor,"Yaqana is a mother llama and forms a super-constellation with Uñallamacha, the baby llama. They rise in the sky when baby llamas are born on Earth.",Quechua,2026/06/18
Moth,HD 61005,36948,,,Pup,"The star has a surrounding nebula and circumstellar disk, creating the appearance of a moth.",English,2026/06/13
Butterfly Star,IRAS 04302+2247,,,,Tau,"The YSO was nicknamed ""Butterfly"" in 1997 because of the shape of its infrared image in Lucas and Roche (1997), who announced it as ""a butterfly in Taurus"".",English,2026/06/13
Dust-Ball,V* V927 Per,,,,Per,"In infrared, the star V927 Per looks embedded into a dusty nebula with bow shocks; the unresolved fuzziness caused the nickname.",English,2026/06/13
Flying Saucer,2MASS J16281370-2431391,,,,Oph,The star 2MASS J16281370-2431391 is invisible and got the name in 2008 becaus of its edge-on disk of large grains (dust or debris).,English,2026/06/13
Necklace,IRAS 19417+1701,,,,Sge,"The star is the central star of a planetary nebula, nicknamed The Necklace Nebula (Sabin 2010). the binary shows eqautorial and polar outflow causing a knotted ring structure which led to the name.",English,2026/06/13
Peony Star,WR 102ka,,,,Sgr,The nebula of this WN star seems to look like a peony flower.,English,2026/06/13
Rosette Eye,RAFGL 961,,,,Mon,"To the discoverers, the nebula around this star looked like a cat eye in the Rosette Nebula, so they nicknamed it the ""rosette eye"".",English,2026/06/13
Southern Crab,WRAY 16-147,,,,Cen,"The ""southern crab"" is easily visible in the structure of this PN around this star and therefore nicknamed in the popular French magazin ""Ciel et Espace"" in 2008.",English,2026/06/13
Beehive Proplyd,HH 540,,,,Ori,Infrared photographs of the outlayers of the Great Orion Nebula M42 show a structure around this Herbig Haro Object that resembles a beehive.,English,2026/06/13
Frosty Leo,IRAS 09371+1212,,,,Leo,"Frosty Leo is the name of the post-AGB star IRAS 09371+1212 in constellation Leo. It is ""an icy evolved, mass-losing star with a unique IR spectrum"" (1987).",English,2026/06/13
Bibing,HR 1239,18724,1239,λ Tau,Tau,"Bibing (畢柄), The handle of the Net (Lunar Mansion) in the super-constellation of the White Tiger of the West, attested in ancient China for more than 2000 years.",Chinese,2026/05/17
Lembu,HR 1547,22565,1547,97 Tau,Tau,"""Lintang Lěmbu"" means Ox/Bull/Cow Constellation, representing an animal to pull carts & chariots. It is found in the calendar series Palelintangan used for at least 1300 years on the islands of Java and Bali, Indonesia.",Proto-Mon-Khmer,2026/05/17
Shakata,HR 1407,20877,1407,75 Tau,Tau,"Rohiṇīśakaṭa (रोहिणीशकट) is the Cart of Rohini, a deity represented in the star Aldebaran, and one of the nakshatras.  Her cart is traditionally seen in the Hyades star cluster; WGSN represents it by a star within their central area to honour the area's cultural importance.",Sanskrit,2026/05/17
Nüchuang,HR 6418,84380,6418,π Her,Her,"Nǚ Chuáng (Women’s Bed, 女床)  is a small asterism consisting of only three stars that dates back to around 100 BCE and belongs to the Shi school.",Chinese,2026/05/14
Tianji,HR 6212,81693,6212,ζ Her,Her,"Celestial Discipline, 天紀, is an ancient Chinese asterism of nine stars first recorded in the Western Han Shishi xingjing (Master Shi’s Star Canon, 石氏星經).",Chinese,2026/05/14
Asuusiha,HR 6092,79992,6092,τ Her,Her,"Asu Usiha (Manchu: ᠠᠰᡠ ᡠᠰᡳᡥᠠ, Net Stars), a Manchu shamanic constellation. It represents a hunting net to capture sables.",Manchu,2026/05/14
Khepdenreret,HR 6324,83207,6324,ϵ Her,Her,"Khepdenreret, the Buttocks of the Hippopotamus (goddess) Reret, is a star name from ancient Egypt documented in the Ramesside Star Clocks from around 1200 BCE",Egyptian,2026/05/14
Aurwandilsta,HR 5971,78493,5971,ι CrB,CrB,"Aurvandils tá, Aurvandill's Toe, is a Norse constellation from Iceland, documented in Snorri's Edda from the 13th century CE.",Norse,2026/05/14
Baltesha,HR 5849,76952,5849,γ CrB A,CrB,"(MUL.)BAL.TEŠ2.A (𒀯𒁄𒌨𒀀), the Asterism of Dignity, is an ancient Sumerian constellation in CrB.",Sumerian,2026/05/14
Matrichakra,HR 5889,77512,5889,δ CrB,CrB,"Mātrīcakra, The Circle (मातृचक्र), is an Indian name for CrB; the Sanskrit term occurs on historical globes and astrolabes.",Sanskrit,2026/05/14
Guansuo,HR 5778,76127,5778,θ CrB A,CrB,"Guàn Suǒ (Coiled Thong, 贯索), a Chinese constellation of 9 stars in CrB. It resembles a string threaded through a series of copper coins, attested since ancient times.",Chinese,2026/05/14
Stephanos,HR 5855,77048,5855,π CrB,CrB,"Στέφανος, The Wreath, is the ancient Greek name of CrB. It can represent either the laurel wreath of an emperor or victorious athlete, or a bridal wreath.",Ancient Greek,2026/05/14
Speedy Mic,HD 197890,102626,,,Mic,"The variable star V* BO Mic is a red (K-type) flare star with outbursts of high energy (X-ray, UV) and an extraordinarily rapid rotation: its radius equaling that of our Sun, it completes a rotation in 0.38 days (instead of 25).",English,2026/05/09
Red Rectangle,HD 44179,30089,,,Mon,"The binary system V777 Mon is embedded in a bipolar nebula that made the star look like a rectangle in the first infrared images in 1973. The object was considered peculiar and nicknamed ""red rectangle"" in a 1975 paper.",English,2026/05/09
Paloma,2MASS J05243042+4244506,,,,Aur,"Paloma, The Dove/ Pigeon, was introduced by a research team in 2007 for this peculiar cataclysmic variable due to its proximity to an SNR that looks like a bird (name has been in SIMBAD already).",Spanish,2026/04/19
Sapaki,WR 67-1,,,,Cir,"The word translates into ""solitary"" which refers to the research find that this Wolf-Rayet star was born in isolation (name has been in SIMBAD already).",Quechua,2026/04/18
Bajamar Star,2MASS J20555125+4352246,,,,Cyg,a star close to the North America Nebula named after an original term for the Bahamas islands (name has been in SIMBAD already).,Spanish,2026/04/18
Calvera,PSR J1412+7922,,,,UMi,"This neutron star is named after the villain in the 1960 film The Magnificent Seven, as it was found in 2001 as eighth object of the category of isolated neutron stars that had formerly been called The Magnificant Seven (name has been in SIMBAD already).",fictional,2026/04/18
Holoea,IRAS 05327+3404,,,,Aur,"The name is Hawaiian for ""flowing gas"", given to this Young Stellar Object because it was discovered with the James Clerk Maxwell Telescope at Mauna Kea, Hawaii (name has been in SIMBAD already).",Hawaiian,2026/04/18
Stella Ludoviciana,HD 116798,,,,UMa,"The modern Latin name was given to the star in 1722 due to a misinterpreted observation, mistaking it for a planet (name has been in SIMBAD already).",Latin,2026/04/17
Pulcherrima,HR 5505,72105,5505,ε Boo B,Boo,"The Latin name translates to ""most beautiful"" or ""loveliest,"" referring to its striking, contrasting colors; it was introduced by F. Struve in 1837.",Latin,2026/04/15
Maenalus,HR 5511,72220,5511,109 Virginis,Vir,"Mons Maenalus is an early modern European constellation or asterism introduced by Hevelius (1690), setting a celestial memorial for a mountain in the central Peloponnese, Greece.",Latin,2026/04/15
Alrumh,HR 5490,71995,5490,34 Bootis,Boo,"Al-Rumḥ (الرُّمْح), the Lance/ Spear, is an Arabic asterism from pre-Islamic times that covers the area between Epsilon, Upsilon, Eta and Sigma Bootis. The named star is close to the dominant Epsilon Bootis, which also forms part of the Chinese constellation of The Lance (Genghe).",Arabic,2026/04/15
Genghe,HR 5447,71284,5447,Sigma Bootis,Boo,"Gěnghé (Celestial Lance, 梗河) is a Chinese constellation of 3 stars. WGSN named the second star in the line.",Chinese,2026/04/15
Kalasungsang,HR 5429,71053,5429,Rho Bootis,Boo,"On Bali (Indonesia) ""Kala"" means ""demon"" and ""sungsang"" means ""upside down"". Originally, the term is from Sanskrit काल, dark/ death or time. The daemon reminds us not to waste time.","Sanskrit, Javanese",2026/04/15
Qigong,HR 5681,74666,5681,Delta Bootis A,Boo,"Qī Gōng (Seven Excellencies, 七公) is a Chinese asterism composed of seven stars; WGSN named the determinative star after the constellation.",Chinese,2026/04/15
Tepiamenit,HR 5185,67275,5185,Tau Bootis,Boo,"Menit, The Mooring Post, is an Egyptian constellation, preserved in Ramesside Star Clocks of the 2nd millennium BCE. Tepiamenit is the ""Predecessor of the Pole"" inside Menit.",Egyptian,2026/04/15
Krios,HD 240429,,,,Cas,Krios is one of the twelve Titans from Greek mythology. The name was given to a component of a co-moving pair in a 2018 spectroscopy paper and appears culturally well reflected (name has been in SIMBAD already).,Greek,2026/03/22
Kronos,HD 240430,,,,Cas,Kronos is a Greek god. The name was given to a component of a co-moving pair in a 2018 spectroscopy paper and appears culturally well reflected (name has been in SIMBAD already).,Greek,2026/03/22
Pherkad Minor,HR 5714,74793,5714,11 UMi,UMi,One of Piazzi's star names following the schema of naming a faint visual neighbour in reference to the visually more striking star in a constellation.,"Arabic, Latin",2026/03/22
Pistol Star,V*4647 Sgr,,,,Sgr,A blue supergiant surrounded by a nebula which is the reason for the name (name has been in SIMBAD already).,English,2026/03/22
Ping,HR 1654,23685,1654,eps Lep,Lep,"Píng (屏), the Screen in front of a toilet, is a Chinese constellation",Chinese,2026/03/22
Bade,HR 1702,24305,1702,μ Lep,Lep,"Bade, the Funeral Tower, is an Oceanic constellation name from Bali (Indonesia).",Balinese,2026/03/22
Darlugal,HR 1998,27288,1998,zet Lep,Lep,"Derived from Sumerian DAR.LUGAL, The Rooster, an animal first domesticated in China and India, and archaeologically attested in West Asia only since the 2nd millennium BCE for cockfights.",Sumerian,2026/03/22
Udang,HR 8075,104139,8075,tet Cap,Cap,"Udang, ""the Shrimp"", is an Oceanic name from Bali (Indonesia). It is anchored in the cultural calendar called ""Palelintangan"" which is attested for ~1300 years. Particularly whiteleg and tiger shrimp are leading fishery commodity in Bali with significant economic potential.",Balinese,2026/02/22
Gaja,HR 1497,21881,1497,tau Tau,Tau,"The term ""gaja"" (गज) in Sanskrit means ""elephant"". Yet, the constellation ""Gaja(h)"" is not known in India but only in Indonesia. There it is attested in the cultural calendar called Palelintangan where it is found in the intersection between Sunday and the second day of a five-day cycle.",Sanskrit,2026/02/22
Naga,HR 5020,64962,5020,gam Hya,Hya,"Sanskrit नाग, nāgá, means “large snake” or ""serpent"". Languages like Iban, Indonesian, Italian, Javanese, Malay, Marano, Portuguese, Tagalog and Yakan borrow the term; Japanese ""naga"" means ""long""; German ""Nagel"" (nail) and English ""naked"" are derived from homophonous Sanskrit ""nāga"" for gold/ iron/ metal.",Sanskrit,2026/02/22
Yuyu,HR 3475,43103,3475,iot Cnc,Cnc,"Yuyu is a word from Javanese, inherited from Old Javanese ""hayuyu"", spoken on the island of Java, Indonesia. It means ""freshwater crab"". The animal can be found in rice fields in Indonesia and the constellation is attested for at least 1300 years.",Javanese,2026/02/22
Lumbung,HR 4823,61966,4823,39 Cru,Cru,"The term ""Lumbung"" is inherited from Malay, Proto-Malayo-Polynesian, designating a quickly set up rice barn or granary. The constellation of Lumbung is attested for ~1300 years in the cultural calendar and associated with Wednesday and the third day of an Oceanic market cycle.",Malay,2026/02/22
Tonglingxing,HR 2527,33694,2527,,Cam,"Tóng Líng (Phoenix Tree Mound, 桐陵) is a traditional Chinese star name at the right wall of the Purple Palace constellation, rarely used, but ~2000 years old. WGSN uses ""Tonglingxing"" to avoid confusion with an asteroid name.",Chinese,2026/02/22
Shangwei,HR 2209,29997,2209,,Cam,"Shàng Wèi (The Great Imperial Guard, 上衛) is the name of the fifth star on the right wall and the sixth star on the left wall of the Zǐ Gōng (Purple Palace, 紫宮) / Zǐwēi Yuán (Purple Forbidden Enclosure, 紫微垣), counting northward from the southern gate. Its corresponding star has changed many times throughout history.",Chinese,2025/12/25
Shangcheng,HR 932,14862,932,,Cas,"Shàng Chéng (The Great Imperial Minister, 上丞) and Shào Chéng (The Second Imperial Minister, 少丞) are the two stars located to the left and right of the northern gate of the Zǐ Gōng (Purple Palace) / Zǐwēi Yuán (Purple Enclosure).",Chinese,2025/12/25
Shaowei,,17959,,gam Cam,Cam,"Shào Wèi (The Second Imperial Guard, 少衛) is the sixth star on the right wall of the Zǐ Gōng (Purple Palace, 紫宮) or Zǐwēi Yuán (Purple Forbidden Enclosure), counting northward from the southern gate. Although its identification has varied across historical sources, all recorded versions consistently place it within the modern constellation Camelopardalis.",Chinese,2025/12/25
Kamelos,HR 2363,31940,2363,,Cam,"""Kamelos"" is Greek for camel, a pun with the name of the constellation ""Camelopardalis"" whose Latin term is a Greek loanword, literally meaning ""checkered camel"" = giraffe. On this base, Jacob Bartsch proposed 1624 ""Camelus Rebeccae"" as an alternative name for the constellation Camelopardalis, a reference to the story of Abraham's daughter-in-law, Rebecca.",Greek,2025/12/25
Custos,HR 1155,17884,1155,BE Cam,Cam,"Custos Messium, the Harvest Keeper, was a constellation invented in Early Modern Time by the French astronomer Joseph Jérôme de Lalande (1732–1807) who might have punned with the name of his compatriot Charles Messier. Some European astronomers copied and translated it, though. The constellation became obsolete in the depolitisation of the IAU-sky and WGSN only resembles the Keeper, Custos.",Latin,2025/12/25
Huagai,HR 707,11569,707,iot Cas,Cas,"Huá Gài (Canopy of the Emperor, 華蓋) is a Chinese asterism consisting of sixteen stars, divided into two parts: seven stars forming the Huá Gài (“Canopy”) proper and nine forming the Gàng (“Shaft”). The asterism originated within the Gan school during the Han dynasty, around the first century BCE.",Chinese,2025/12/25
Gang,HR 580,9598,580,50 Cas,Cas,"Gàng (“Shaft”) forms part of the ancient Chinese asterism of Huá Gài (Canopy of the Emperor, 華蓋). Allen (1899) mentions the term as a star name in Cam but WGSN places it in a correcter position.",Chinese,2025/12/25
Rangifer,HR 592,9763,592,49 Cas,Cas,"Rangifer, the Reindeer, is an extinct constellation first introduced by Pierre-Charles Le Monnier in 1743 in the book La Théorie des Comètes. He aimed to resemble an Indigenous constellation of the Sami people in Northern Scandinavia, where he had travelled to on a geodetic expedition.",Latin,2025/12/25
Tarandus,HR 285,5372,285,2 UMi,Cep,"Tarandus is an alternative name for the Early Modern European constellation ""Rangifer"", the Reindeer, from Greek τάρανδος (reindeer), Latinised by Carl Linnaeus 1758 ""Cervus Tarandus"" for a species, Jamieson 1822 used ""Rangifer tarandus"" for the reindeer in the sky.",Latin,2025/12/25
Sarvvis,HR 1122,17358,1122,δ Per,Per,"Sarvvis, the reindeer or moose (bull), is an Indigenous constellation, used by the Sami people of northern Scandinavia.",Sami,2025/12/25
Áldu,HR 1220,18532,1220,ϵ Per,Per,"Áldu, the Reindeer Cow, in Sami language. The Sami constellation of the reindeer is usually called with the male term ""Sarvvis"", but mythology reports it keeping its antlers during winter, which only females do.",Sami,2025/12/25
Cexing,HR 130,2599,130,κ Cas,Cas,"Cè (Whip, 策) is an ancient Chinese star name representing the horsewhip, located beside the asterism Wangliang (王良) and closely associated with both Wangliang (王良) and Tiansi (天駟). It belongs to the Gān school. ""Xing"" means star. The ancients sometimes also call it Cexing (whip star) or Tiance (celestial whip). In modern and postmodern literature in English, the name is occasionally used for γ Cas but this is a late shift, only attested from the 18th century onwards when the Chinese uranography was reworked under Jesuit influence. WGSN corrects the adoption to the Indigenous version.",Chinese,2025/11/13
Tiansi,HR 264,4427,264,γ Cas,Cas,"Tiān Sì (Heavenly Quadriga, 天駟) is an old Chinese asterism, attested for at least 2000 years. It comprises four of the five stars forming the constellation Wangliang (王良) and represents the four horses pulling the chariot. It may thus be regarded as a constituent sub-constellation/asterism of Wangliang (王良). In the literature in English, the name ""Ce"" (old spelling: Tsih) can be found; WGSN corrects this misapplication of an old star name.",Chinese,2025/11/13
Bagu,HR 2077,28358,2077,δ Aur,Aur,"Bā Gǔ (Eight Kinds of Crops, 八穀) is a Chinese constellation consisting of eight stars located within the constellations Lynx, Auriga, and Camelopardalis. It refers to land management officials in charge of rice, millet, barley, wheat, soybean, bean, chestnut, and hemp. It belongs to the asterisms introduced by Gan De and originated during the Han dynasty (roughly 2000 years ago).",Chinese,2025/11/13
Apdu,HR 664,10670,664,γ Tri,Tri,"Apd(w), ȝpd, The Bird, is an ancient Egyptian constellation from the second millennium BCE; the language is moribunt. There are at least 21 spelling variants throughout the millennia in hierglyphs, and it is probably not any specific bird; might be a goose or falcon or something else. Four star names within the constellation are attested in Ramesside Star Clocks and identified with the area between α, β Per and all of Triangulum. WGSN adopts the name of the constellation for any unspecific spot within its area to preserve an old Egyptian cultural name.",Egyptian,2025/11/13
Alaybasan,HR 622,10064,622,β Tri,Tri,"Al-Aybasān (الأيبسان), the Two Joints (of bones), is an Indigenous Arabian asterism. Name variants are Al-Anīsān (الأنيسان) and Al-Baysan. The later spelling variant al-Anīsān that originated from a mistake changed the meaning, as it translates The Two Friends. WGSN adopts a spelling variant without hyphen: ""Alaybasan"" is the name for β Tri",Arabic,2025/11/07
Shengong,HR 6298,83100,6298,,Sco,"Shengong (神宫, Divine Palace) is a subsidiary asterism attached to the lodge Wěi (尾), Tail [of the Azure Dragon], located to the left of its determinative star and consisting of only one star (single star-asterism).",Chinese,2025/10/16
Apamvatsa,HR 5095,66006,5095,74 Vir,Vir,"Apāṃvatsa (अपऻऺवत्स), ""calf of the waters"" (or: ""the smaller one""), is an Indian star name attested throughout the last millennium. The only indication of the position is Apamvatsa is 5° to the north of Citrā (चित्रा) (Spica) in Virgo, attested in several historical documents.",Sanskrit,2025/10/16
Siwarha,-,,,α Ori B,Ori,"The name Betelgeuse means “Hand of al-Jawzā’,” with “al-jawzā’” being the name of an old Arabian female figure whose stars were largely consistent with Greek Orion. Given that alpha Ori A orbits the hand of al-Jawzā’, the discovery team suggested that the companion star be named سوارها (Siwarha), or “Her Bracelet.”",Arabic,2025/09/22
Blaze Star,HR 5958,78322,5958,T CrB,CrB,"""Blaze Star"" as a nickname for the recurrent nova T CrB has occurred in magazines since 1866. At that time, the physics of novae and supernovae was yet unknown, and the eruption of T CrB in 1866 was actually the first time of a naked-eye transient with spectroscopic evidence for hydrogen in the emission nebula. Recurrent Novae are a rare type of stars; only ten Galactic objects are known. T CrB is the prototype of T CrB-type recurrent novae which are contact binaries composed of a white dwarf orbiting a red giant.",English,2025/09/22
Shatabhisha,HR 8698,112961,8698,λ Aqr,Aqr,"Śatabhiṣa (शतभिष), literally ""hundred physicians"", is the name of the 24th nakshatra of Vedic astronomy. Its earliest attestation is in a Vedic religious text (Atharvaveda) from the first millennium BCE, and an astronomy text (Vedanga Jyotisha) that dates around 300 BCE.  As the yogatara (main star) of this nakshatra, λ Aquarii stands ""pars pro toto"" for the entire constellation.",Sanskrit,2025/09/22
Junnanmen,HR 335,5434,335,φ And,And,"Jūn Nán Mén (军南门, ""Southern Millitary Gate"") is a Chinese constellation, simplified: Junnanmen. It is the name of a Chinese single-star asterism that WGSN preserves in its earliest version (before Tang Dynasty), identified with φ And.""Junnanmen"" is assigned to the primary of the phi And (HR 335, HIP 5434, HD 6811) binary system, i.e. phi And A (HD 6811A).",Chinese,2025/08/25
Dajiangjunbei,HR 496,8068,496,φ Per,Per,"天大将军, “Celestial Grand General” is an important constellation in ancient China. As the determinative star was already named, WGSN named the northernmost star ""The Northern one of The Great General"" (Dajiangjunbei).",Chinese,2025/08/25
Hydor,HR 9098,301,9098,2 Cet,Cet,"The IAU-name ""Hydor"" resembles the original application of this name as a constellation in a vast area of faint stars in antiquity. It fits nicely the Indigenous Arabian constellation of ""Safina"", Ship. Note that the name ""Hydor"" was misapplied to a star in Aqr in the recent time. WGSN corrects this mistake. The Greek term ""Hydor"" (Ὕδωρ), Water, originally referred to a huge constellation, depicted around Cetus on ancient globes and described south of Aquarius in Aratus's poem of the 4th century BCE.",Greek,2025/08/25
Triminus,HR 642,10280,642,6 Tri,Tri,"The star ι Tri (iota or 6 Trianguli) is the brightest one in the early modern variant of a lesser triangle next to the recognisable classical asterism within the constellation Triangulum. The name is composed of the IAU-abbreviation ""Tri"" and Hevelius's name ""Minus"" for the lesser triangle. The name applies to the visible dot in the sky, so that ""iot Tri A"" is ""Triminus A"". The other component is not visible to the naked eye.",Latin,2025/08/25
Bodu,HR 6730,88267,6730,95 Her,Her,"Bó Dù (帛度, “Textile Ruler”) is a Chinese asterism consisting of two stars, established by the Wuxian (巫咸) tradition during the Han dynasty. WGSN chose to adopt the name according to the Yi Shitong catalog because earlier identifications are highly uncertain.",Chinese,2025/06/17
Deltoton,HR 660,10644,660,δ Tri,Tri,"Deltoton (Δελτωτόν; the letter Delta: Δ) is an ancient Greek name variant for the constellation triangulum, probably the original one as ""Delta"" is the first letter in the ancient Greek term for ""dios"", the highest god who possesses and rules the stars. In early uranographies, this triangle was considered a sign of the divinity of the starry sky, a divine inscription ""written in the stars"".",Greek,2025/06/17
Ramus,HR 6787,88886,6787,102 Her,Her,"Ramus, The Branch (of golden apples), is an addition to the early modern asterism Cerberus in Hercules. The name occurs in Bayer (1603) as a term but in depiction only later.",Latin,2025/06/17
Tusizuo,HR 6895,90139,6895,109 Her,Her,"Tú Sì (屠肆, ""Butcher's Shop"") is a Chinese asterism consisting of two stars, established by the Wuxian (巫咸) school during the Han dynasty. As ""Tusi"" could be confused with other celestial bodies named Tusi after two Persian astronomers (asteroid (10269) Tusi and asteroid (7058) Al-Tusi), WGSN chose to add a determinative here. The chosen star 95 Her is ""the left one in Tusi"", in Chinese ""Tusizuo"", so WGSN adopts this name.",Chinese,2025/06/17
Paradys,HR 5470,72370,5470,α Aps,Aps,"In Dutch around 1600, two spelling versions of the Apus-bird existed. WGSN decided to take the first part of the earliest written witness, Paradys-vogel (Plancius 1598), to name the main star of the constellation.",Dutch,2025/05/18
Honores,HR 8830,114570,8830,7 And,And,"The Latin term ""Honores"" means honour. A constellation introduced by Bode (1801). He had given a paper in 1790 that this was a joined decision by many European astronomers as a memorial to an extraordinarily generous patron of scientific research and benevolent, peaceful ruler. WGSN considers this message worth to convay even without the dedication to a specific person; we named a star in the feather ""Honores"" as there is a German proverb ""Die Feder ist mächtiger als das Schwert"" (the feather is mightier than the sword).",Latin,2025/05/14
Alfarasalkamil,HR 8762,113726,8762,ο And,And,"Alfarasalkamil (الفرس الكامل) means ""The Complete Horse"", as opposed to the Greek constellation of a half horse that is now called Pegasus. The Arabian tradition may perhaps root in or connect to the Babylonian one.",Arabic,2025/05/08
Kaffalmusalsala,HR 8976,116805,8976,κ And,And,"Arabic desciption of a Greek star name. The Arabic term (كفّ المسلسة) means ""Hand of the Chained Woman""; originating from the Almagest ""Hand of Andromeda"", originally designating a group of three stars.",Arabic,2025/05/08
Rasalnaqa,HR 8965,116631,8965,ι And,And,"The group of stars that Ptolemy called ""The Hand of Andromeda"" is also called ""The Head of the She-Camel"" in an Indigenous Arabian tradition. as-Sufi (11th c. CE) combines these two traditions, and so does IAU by naming one of the star after ""the hand"" and the other one ""the camel's head""",Arabic,2025/05/08
Udkadua,HR 8961,116584,8961,λ And,And,"The Sumerian term UD.KA.DU8.A is a compound, literally meaning ""the storm demon with the gaping mouth"". This Babylonian constellation is at least 3000 years old; the star named after it is its heel. It was highly important, as it was used for time-measurement for at least a millennium (if not longer).",Sumerian,2025/05/08
Kui,HR 271,4463,271,η And,And,"Kui奎, The Legs, is an ancient Chinese constellation with 16 stars, belonging to the 28 Lunar Mansions in China, with a very long history. Its determinative star used to be zeta And for many centuries but it was changed to eta And in Qing Dynasty.",Chinese,2025/04/06
Heng,HR 5190,67464,5190,ν Cen,Cen,"Heng is an old Chinese name of a constellation within the super-constellation of Kulou, The Arsenal. The translation is not certain; probably a measuring device.",Chinese,2025/03/16
Shimu,HR 215,3693,215,ζ And,And,"""Tian Shi Mu"", The Eye of the Celestial Pig, is the oldest preserved name for this star in China. Later, this region was named Kui, the Legs, and zeta And was (in historical times before Qing Dynasty) used as the determinative star of this constellation and lunar mansion.",Chinese,2025/03/16
Kulou,HR 5028,65109,5028,ι Cen,Cen,"""Kulou"" (库楼) means arsenal and storied building. It is a super-constellation in the area of modern Cen/Lup created in ancient China, dating back to the 2nd century BCE.",Chinese,2025/02/17
Quadrans,GJ 575,73695,,44 Boo A,Boo,Quadrans Muralis is an obsolete constellation invented in 1795 by the French astronomer Jérôme Lalande. WGSN decided to commemorate this constellation as it is the root of the name of the Quadrantide meteor shower that peaks in the first days of January.,Latin,2025/02/17
Hoerikwaggo,HR 2261,29271,2261,α Men,Men,"the name of the constellation originally was Mons Mensae (Table Mountain) and not only ""table""; this mountain had been called Sea-Mountain by Indigenous ethnics, in the Saan/ Khoe language spelled Huriǂoaxa, simplified in Africaans Hoerikwaggo.",San / Khoekhoe,2024/12/12
Safina,HR 8812,114341,8812,88 Aqr,Aqr,"an Indigenous Arabic constellation of the Ship was between Diphda and Fomalhaut (see al Qutayba); WGSN picked one of the possible stars in the area. considering the close vicinity of the Greek star name ""Hydor"" (The Water) north of it, it becomes a sunken treasure ship.",Arabic,2024/12/12
Xami,HR 5463,71908,5463,α Cir,Cir,"The South African asterism ""Eyes of the Lion"" refers to alpha and beta Centauri. Assuming these bright stars are the eyes, the face of this creature ""Xami"" covers alf Cir, and the constellation Circinus does not have any mythology or alternative name. Therefore, WGSN decided for an Indigenous name for this main star of a constellation.",\Xam-dialect of Khoe,2024/12/12
Zhou,HR 5867,77233,5867,β Ser,Ser,This is a traditional Chinese star name of one of the stars in the historical Chinese constellation of Tianshi (Celestial Marketplace).,Chinese,2024/12/05
Solitaire,HR 5526,72571,5526,E Hya,Hya,"extinct constellations invented by Le Monnier (1776), Latinized ""Turdus Solitarius"", was originally meant to remember the extinct bird ""Rodrigues Solitaire"", but always depicted as a Blue Rock Thrush.",French,2024/10/31
Garnet Star,HR 8316,107259,8316,µ Cep,Cep,"Piazzi (1803) named the star Garnet Sidus due to a description by W. Herschel (1773) as ""deep garnet red""; the English name is well-established in recent literature and textbooks.",English,2024/09/19
Lang-Exster,HR 8502,110130,8502,α Tuc,Tuc,"""Lang"" is an Malayan/ Indonesian term meaning ""hornbill"", ""Exster"" is a Dutch word meaning ""magpie"" and both terms were used as name for the newly defined constellation in Early Modern Age by the Dutch sailors (de Houtman 1603) who artificially created the constellation as ""Indian Magpie"" referring to a species of bird with a strong cultural significance for the indigenous people they met (e.g. Dayak). The star is a spectroscopic binary which is why it makes sense to give it a double-name for the visible dot; the name may be split for the components later.",Malay-Dutch,2024/09/19
Rhombus,HR 1336,19780,1336,α Ret,Ret,"Lacaille named the constellation ''Réticule Rhomboïde'' which may refer to the earlier constellation ""Rhombus"" that Habrecht (1621) defined in the area.",Latin,2024/09/19
Tengshe,HR 8726,113288,8726,,Lac,"Tengshe螣蛇 or 腾蛇 (Téng Shé, Flying Serpent) is a constellation created by ancient Chinese astrologers, dating back to the 2nd century BCE.",Chinese,2024/09/19
Uridim,HR 5469,71860,5469,α Lup,Lup,"The constellation of Lupus is one of the few ancient ""Greek"" constellation outside the zodiac that was directly taken over from a Babylonian constellation. The Sumerian term for this creature was UR.IDIM, later alternatively written ""Uridimmu"" in the Akkadian language (the literal Akkadian translation of UR.IDIM would be ""kalbu šegû"", according to lexical lists).",Sumerian,2024/09/12
Stellio,HR 8585,111169,8585,α Lac,Lac,"Hevelius, who invented the constellation Lacerta sive Stellio (modern Lacerta), gave it the alternative name Stellio in his star catalogue and atlas.",Latin,2024/08/29
Pipit,HR 2451,31685,2451,ν Pup,Pup,"Among the Kendayan (Dayak Kenayatn) people of West Kalimantan province, Borneo, Indonesia, the star ν Pup is identified as ""Pipit"".",Dayak,2024/08/25
Bake-eo,HR 6629,87108,6629,γ Oph,Oph,"A Marshallese star name for γ Oph. Pronounced ""bakey-yew"". Both spellings, ""Bake-eo"" and ""Bake Eo"" are accepted. The particle ""Eo"" simply means ""here it is, take it"", Bake is the spondylus mussel.",Marshallese,2024/08/20
Leepwal,HD 121263,68002,,ζ Cen,Cen,"Ļeepwal is the name for ζ Cen in Marshallese. Original spelling Ļeepwal. Pronounced leyepwal, the first ""l"" being pronounced with the back of the tongue raised (velarized) and the root of the tongue retracted (pharyngealized) so as to elongate the oral cavity, thereby giving the consonant a ""heavier"" or ""darker"" sound.",Marshallese,2024/07/18
Shaomin,HD 91316,51624,,ρ Leo,Leo,Taimin太民 (or Damin大民) for o Leo and Shaomin少民 (ρ Leo) are the two southernmost stars of the Xuanyuan轩辕 constellation. They were used to star names in ancient China.,Chinese,2024/07/18
Yunü,HD 87837,49637,,31 Leo,Leo,"Yunü御女 is the star in the middle of the southernmost stars of the Xuanyuan轩辕 constellation. The correct transliteration is ""Yunü"".",Chinese,2024/07/18
Antinous,HD 191692,99473,,θ Aql,Aql,"A ""sub""-constellation (or asterism) Antinous was created by Ptolemy of Alexandria and published in the Almagest star catalogue 137 CE. It is placed in the constellation of Aquila, The Eagle.",Greco-Roman,2024/06/06
Phyllon Kissinou,23 Com,61394,,,Com,"Contemporary modern astronomers have used the nickname ""Kissin""; therefore, the real name was made official. The term originates from the phrase ""φύλλοv κισσίνου (phyllon kissinou, an ivy leaf)"" in Ptolemy's Almagest. The star might be ""multiple or double"" according to SIMBAD, so long double name for the visible dot in the sky might be split up to the components later.",Ancient Greek,2024/05/16
Tianfu,HR 7669,98823,7669,τ Aql,Aql,Tianfu (天桴) was an ancient Chinese constellation consisting of four stars. Their counting order has changed over time but we decided to take the name for the 1st star of the early (before Tang dynasty) version.,Chinese,2024/05/16
Aiolos,HD 95086,53524,,,Car,"Aiolos (Αίολος) was the Greek mythological keeper of the winds. In Homer’s Odyssey, Aiolos used an oxhide flask to capture all winds except for the western one, Zephyr. Zephyr then helped the sailboat of Ulysses navigate the seas towards home (Ithaca).",Greek,2023/08/01
Añañuca,GJ 367,47780,,,Vel,"Añañuca (Phycella cyrtanthoides) is the name of a red wildflower that grows from the Coquimbo region to the Maule region, whose colour alludes to that of the star GJ 367.",Spanish,2023/08/01
Batsũ̀,LHS 3844,,,,Ind,"Batsũ̀ means “hummingbird” in the Bribri language. Batsũ̀ are the messengers of the creator Sibö̀, a culture hero and creator of Earth and Humanity.",Bribri,2023/08/01
Danfeng,L 168-9,115211,,,Tuc,"Danfeng (丹凤) refers to the red phoenix, a sacred bird symbolising good fortune in ancient Chinese legend.",Chinese (Simplified),2023/08/01
Dilmun,WASP-121,,,,Pup,Dilmun was the Sumerian name of an ancient civilisation of the Bahrain archipelago and the eastern Arabian Peninsula.,Sumerian and Greek,2023/08/01
Filetdor,WASP-166,,,,Hya,"""Filet d'Or"" refers to a golden sea serpent, the protagonist in the Mallorcan folktale (rondalla) ""Na Filet d'Or"".",Catalan,2023/08/01
Gar,GJ 486,62452,,,Vir,“Gar” means flame in the Basque language.,Basque,2023/08/01
Gnomon,WASP-43,,,,Sex,"The gnomon (γνώμων) is a basic astronomical instrument, like a sundial, whose shadow length and direction can indicate time or determine latitude.",Greek,2023/08/01
Guahayona,HAT-P-26,,,,Vir,Guahayona was a Taíno mythological hero who was “the one who shone with his own light” and is identified with the morning and evening “star” Venus.,Taino,2023/08/01
Kaewkosin,GJ 3470,,,,Cnc,"Kaewkosin (แก้วโกสินทร์) refers to the crystals of the Hindu deity Indra in the Thai language, alluding to the ancient belief that the stars were gemstones.",Thai,2023/08/01
Komondor,HAT-P-12,,,,CVn,The Komondor is a large white Hungarian breed of livestock guardian dog.,Hungarian,2023/08/01
Kosjenka,WASP-63,,,,Col,Kosjenka is the protagonist of the Croatian fairy tale Regoč.,Croatian,2023/08/01
Maru,WD 0806-661,,,,Vol,‘Maru’ (마루) is a Korean word reminiscent of the sky.,Korean,2023/08/01
Matza,HIP 65426,65426,,,Cen,Matza refers to “a star in the sky” or “somebody that shines within” in the language of the Zoque people.,Zoque,2023/08/01
Noquisi,GJ 436,57087,,,Leo,"“Noquisi” (ᏃᏈᏏ, No-Kwee-See) is the Cherokee word for “star”.",Cherokee,2023/08/01
Orkaria,GJ 1214,,,,Oph,Orkaria refers to the red ochre commonly donned by young Maa warriors during cultural ceremonies and alludes to the colour of GJ 1214.,Maa,2023/08/01
Uúba,LTT 9779,117883,,,Scl,"Uúba is the word for “stars”, “seeds”, and “eyes” in the Lenguistica U’wa language (Tunebo) of the U’wa Indigenous community of Colombia.","Lenguistica U’wa language, also known as Tunebo.",2023/08/01
Wattle,WASP-19,,,,Vel,"Wattle is a genus of approximately 1000 species of shrubs and trees. The Golden Wattle (Acacia pycnantha), whose colour alludes to the G-type star WASP-19, is native to Australia and is the official floral emblem of Australia.",English,2023/08/01
Wouri,WASP-69,,,,Aqr,"The Wouri is an important river in Cameroon. The 15th-century Portuguese navigator Fernão do Pó noted the large number of shrimps in the river and called it “Rio dos Camerões” [river of shrimps], which was the source of the nation’s name Cameroon.",Duala,2023/08/01
Zembra,HATS-72,,,,Aqr,"Zembra (زمبرة) is an island in the Gulf of Tunis, known for its wildlife and seabirds. It is part of the UNESCO Iles Zembra et Zembretta Biosphere Reserve, Tunisia.",Arabic,2023/08/01
Geminga,PSR B0633+17,,,,Gem,"The star name is an Italian pun, suggested in a paper by Bignami et al. (1983): This source is in the constellation of Gemini and it is a gamma-ray source. Pronounced with both G’s as in “get,” the word means “does not exist” or “it’s not there” in Milanese dialect.",Contemporary,2022/04/04
Rana,HR 1136,17378,1136,δ Eri,Eri,"Rana is Latin ""The Frog"". There are several stars named ""frog"" in the Arabic culture but at different places.  WGSN placed the name at that constellation of the river.",Latin,2022/04/04
Mazaalai,HAT-P-21,,,,UMa,"Mazaalai is the Mongolian name for the endangered Gobi bear subspecies (Ursus arctos gobiensis) of the Gobi Desert region of Mongolia, and the name of the first Mongolian satellite.",Mongolian,2020/02/24
Absolutno,XO-5,,,,Lyn,Absolutno is a fictional miraculous substance in the sci-fi novel Továrna na absolutno (The Factory for the Absolute) by influential Czech writer Karel Čapek.,fictional,2019/12/17
Alasia,HD 168746,90004,,,Ser,"Alasia is the first historically recorded name of Cyprus, dating back to mid-fifteenth century BCE.",NEWC,2019/12/17
Amadioha,HD 43197,29550,,,CMa,"Amadioha is the god of thunder in Igbo mythology. As well as representing justice, Amadioha is also a god of love, peace and unity.",Igbo,2019/12/17
Amansinaya,WASP-34,,,,Crt,"Aman Sinaya is one of the two trinity deities of the Philippine's Tagalog mythology, and is the primordial deity of the ocean and protector of fisherman.",Filipino,2019/12/17
Anadolu,WASP-52,,,,Peg,Anadolu is the primary homeland of Turkey and refers to the motherland in Turkish culture.,Turkish,2019/12/17
Aniara,HD 102956,57820,,,UMa,Aniara is the name of a spaceship in the epic poem Aniara by Swedish author Harry Martinson.,fictional,2019/12/17
Arcalís,HD 131496,72845,,,Boo,"Arcalis is a famous peak in the north of Andorra, where the Sun passes through a hole in the mountain twice a year at fixed dates. It was used as a primitive solar calendar and reference point for shepherds and early inhabitants of Andorra.",Catalan,2019/12/17
Atakoraka,WASP-64,,,,CMa,Atakoraka means the chain of the Atacora: the largest mountain range in Togo.,Ewe,2019/12/17
Axólotl,HD 224693,118319,,,Cet,"Axólotl means water animal in the native Nahuatl language, which is a unique and culturally significant endemic amphibious species from the basin of Mexico.",Nahuatl,2019/12/17
Ayeyarwady,HD 18742,13993,,,Eri,Ayeyarwady is the largest and most important river in Myanmar.,Burmese,2019/12/17
Baekdu,HD 133086,73136,,8 UMi,UMi,"Baekdu is the highest mountain on the Korean peninsula, situated in North Korea, and symbolises the national spirit of Korea.",Korean,2019/12/17
Belel,HD 181342,95124,,,Sgr,Belel is a rare source of water in the north of Senegal.,Wolof,2019/12/17
Bélénos,HD 8574,6643,,,Psc,"Bélénos was the god of light, of the Sun, and of health in Gaulish mythology.",French,2019/12/17
Berehynia,HAT-P-15,,,,Per,"Berehynia was a Slavic deity of waters and riverbanks but in more recent times her status has been promoted to that of a national goddess — ""hearth mother, protectress of the earth"".",Ukrainian,2019/12/17
Bibhā,HD 86081,48711,,,Sex,"Bibhā [/bɪbɦa/] is the Bengali pronunciation of the Sanskrit word Vibha, which means a bright beam of light.",Bengali,2019/12/17
Bosona,HD 206610,107251,,,Aqr,"Bosona is the name given to the territory of Bosnia in the 10th century. Later, the name was transformed to Bosnia originating from the name of the Bosna river.",NEWC,2019/12/17
Bubup,HD 38283,26380,,,Men,Bubup is the Boonwurrung word for child.,Boonwurrung,2019/12/17
Buna,HD 16175,12191,,,And,Buna is the commonly used word for coffee in Ethiopia.,Ethiopian,2019/12/17
Ceibo,HD 63454,37284,,,Cha,Ceibo is the name of the native tree of Uruguay that gives rise to the national flower.,Spanish,2019/12/17
Chaophraya,WASP-50,,,,Eri,Chao Phraya is the great river of Thailand.,Thai,2019/12/17
Chasoň,HAT-P-5,,,,Lyr,Chasoň is an ancient Slovak term for Sun.,Slovakian,2019/12/17
Chechia,HD 192699,99894,,,Aql,"Chechia is a flat-surfaced, traditional red wool hat worn by men and women, symbolising the country's rich traditions and is considered as the national headdress for in Tunisia.",Tunisian Arabic,2019/12/17
Citadelle,HD 1502,1547,,,Psc,"The Citadelle is a large mountaintop fortress in Nord, Haiti built after Haiti's independence, and was designated a UNESCO World Heritage site along with the nearby Sans-Souci Palace.",French,2019/12/17
Citalá,HD 52265,33719,,,Mon,Citalá means River of stars in the native Nahuat language.,Nawat language,2019/12/17
Cocibolca,HD 4208,3479,,,Scl,Cocibolca is the Nahualt name for the largest lake in Central America in Nicaragua.,Spanish,2019/12/17
Dingolay,HD 96063,54158,,,Leo,"Dingolay means to dance, twist and turn in elaborate movements, symbolising the culture and language of the ancestors of the people of Trinidad and Tobago.",English,2019/12/17
Dìwö,WASP-17,,,,Sco,Dìwö in Bribri language means the sun (bigger than the sun we know) and that never turns off.,Bribri,2019/12/17
Diya,WASP-72,,,,For,"Diya is an oil lamp that is brought by Indian ancestors to Mauritius in the 1820's, and is used for lighting during special occasions, including the light festival of Diwali.",Hindi,2019/12/17
Dofida,HD 117618,66047,,,Cen,Dofida means our star in Nias language.,Nias language,2019/12/17
Dombay,HAT-P-3,,,,UMa,"Dombay is a resort region in the North Caucasus mountains that is enclosed by mountain forests and rich wildlife, including bears (as this star lies in the constellation Ursa Major, the great bear).",Russian,2019/12/17
Ebla,HD 218566,114322,,,Psc,"Ebla was one of the earliest kingdoms in Syria, and served as a prominent region in the 2nd and 3rd millenia B.C.",NEWC,2019/12/17
Emiw,HD 7199,5529,,,Tuc,Emiw represents love in the local Makhuwa language of the northern region of Mozambique.,Makhuwa,2019/12/17
Felixvarela,BD-17 63,2247,,,Cet,"Felix Varela (1788–1853) was the first to teach science in Cuba at the San Carlos and San Ambrosio Seminary. He opened the way to education for all, and began the experimental teaching of physics in Cuba.",NEWC,2019/12/17
Flegetonte,HD 102195,57370,,,Vir,"Flegetonte is the underworld river of fire from Greek Mythology in the Italian narrative poem on the afterlife ""Divina Commedia"" (Divine Commedy) by Dante Alighieri, chosen as an allusion to the star's fiery nature.",Italian,2019/12/17
Formosa,HD 100655,56508,,,Leo,"Formosa is the historical name of Taiwan used in the 17th century, meaning beautiful in Latin.",Portuguese,2019/12/17
Franz,HAT-P-14,,,,Her,"Franz is a character in the movie ""Sissi"" embodying an emperor of Austria in the XIXth century. The role is played by the actor Karlheinz Böhm. The male name ""Franz"" is a German derivative from Italian ""Francesco"" (Latinized Franciscus), meaning ""litte Frenchman"" with the Latin root ""franc"" for ""free"" also interpretable as ""Little Free Man"". The name goes back to ""Franz von Assisi"" (Francis of Assisi, 13th century) whose mother was French which caused his father to call him Francesco.",German,2019/12/17
Funi,HD 109246,61177,,,Dra,Funi is an old Icelandic word meaning fire or blaze.,Icelandic,2019/12/17
Gakyid,HD 73534,42446,,,Cnc,Gakyid means happiness. Gross National Happiness is the development philosophy conceived and followed in Bhutan and is one of Bhutan's contributions to the world.,Dzongkha,2019/12/17
Gloas,WASP-13,,,,Lyn,"In Manx Gaelic, Gloas means to shine (like a star).",Manx Gaelic,2019/12/17
Gumala,HD 179949,94645,,V5652 Sgr,Sgr,"Gumala is a Malay word, which means a magic bezoar stone found in snakes, dragons, etc.",Malay,2019/12/17
Hoggar,HD 28678,21109,,,Tau,Hoggar is the name of the main mountain range in the Sahara Desert in southern Algeria.,Arabic,2019/12/17
Horna,HAT-P-38,,,,Tri,Horna is hell or the underworld from Finnic mythology.,Finnish,2019/12/17
Hunahpú,HD 98219,55174,,,Crt,Hunahpú was one of the twin gods who became the Sun in K'iche' (Quiché) Mayan mythology as recounted in the Popol Vuh.,Kʼicheʼ language,2019/12/17
Hunor,HAT-P-2,80076,,,Her,"Hunor was a legendary ancestor of the Huns and the Hungarian nation, and brother of Magor.",Hungarian,2019/12/17
Illyrian,HD 82886,47087,,,LMi,"Historians largely believe that the Albanians are descendants of the Illyrians, a term Albanians proudly call themselves.",English,2019/12/17
Inquill,HD 156411,84787,,,Ara,Inquill was one half of the couple involved in the tragic love story Way to the Sun by famous Peruvian writer Abraham Valdelomar.,fictional,2019/12/17
Intan,HD 20868,15578,,,For,"Intan means diamond in the Malay language (Bahasa Melayu), alluding to the shining of a star.",Bahasa Melyu,2019/12/17
Irena,WASP-38,,,,Her,Irena is a leading character in the novel Under the Free Sun: a Story of the Ancient Grandfathers by Slovene writer Fran Saleški Finžgar. Irena is a woman of the court.,NEWC,2019/12/17
Itonda,HD 208487,108375,,,Gru,"Itonda, in the Myene tongue, corresponds to all that is beautiful.",Myene,2019/12/17
Jishui,HR 2930,37265,2930,ο Gem,Gem,"traditional Chinese single star asterism: translations of the term are ""Bilgewater"", ""a store of water to make wine"", or ""accumulated water (held in by dikes for future use)"". It refers to a faint star in Gemini or Perseus that is idenfied differently by modern authors. Sun and Kistemaker (1997) from Han sources and Sun Shuwei (Stellarium) from a medieval source both suggest o Gem while Xu et al. (2000) identify lambda Persei.",Chinese,2019/12/17
Kalausi,HD 83443,47202,,,Vel,The word Kalausi means a very strong whirling column of wind in the Dholuo language of Kenya.,Dholuo,2019/12/17
Kamuy,HD 145457,79219,,,CrB,Kamuy is a word in the Ainu language denoting a supernatural entity possessing spiritual energy.,Ainu,2019/12/17
Karaka,HD 137388,76351,,,Aps,"Karaka is the word in the Māori language for a plant endemic to New Zealand that produces a bright orange, fleshy fruit.",Māori,2019/12/17
Kaveh,HD 175541,92895,,,Ser,"Kaveh is one of the heroes of Shahnameh, the epic poem composed by Persian poet Ferdowsi between 977 and 1010 CE. Kaveh is a blacksmith who symbolises justice.",Persian,2019/12/17
Koeia,HIP 12961,12961,,,Eri,Koeia was the word for star in the language of the Taíno Indigenous People of the Caribbean.,Taíno,2019/12/17
Koit,XO-4,,,,Lyn,Koit is Estonian for the time when the Sun rises in the morning (dawn).,Estonian,2019/12/17
Lerna,HAT-P-42,,,,Hya,"Lerna was the name of a lake in the eastern Peloponnese, where the Lernaean Hydra, an immortal mythical nine-headed beast lived. The star lies in the constellation of Hydra.",Greek,2019/12/17
Liesma,HD 118203,66192,,,UMa,"Liesma means flame, and it is the name of a character from the Latvian poem Staburags un Liesma.",Lavtian,2019/12/17
Lionrock,HD 212771,110813,,,Aqr,Lion Rock is a lion-shaped peak overlooking Hong Kong and is a cultural symbol with deep respect from the local community.,English,2019/12/17
Lucilinburhuc,HD 45350,30860,,,Aur,"The Lucilinburhuc fortress was built in 963 by the founder of Luxembourg, Count Siegfried.",Luxembourgish,2019/12/17
Lusitânia,HD 45652,30905,,,Mon,Lusitânia is the ancient name of the western region of the Iberic Peninsula where the Lusitanian people lived and where most of modern-day Portugal is situated.,NEWC,2019/12/17
Macondo,HD 93083,52521,,,Ant,Macondo is the mythical village of the novel One Hundred Years of Solitude (Cien años de soledad) the classic novel by Gabriel García Marquez. Macondo is a fictional place where magic and reality are mixed.,Spanish,2019/12/17
Mago,HD 32518,24003,,,Cam,Mago is a National Park in Ethiopia noted for its giraffes. The star also happens to be in the constellation of Camelopardis (the giraffe).,Ethiopian,2019/12/17
Mahsati,HD 152581,82651,,,Oph,Mahsati Ganjavi (1089–1159) is one of the brightest shining stars of Azerbaijani poetry. She was said to have associated with both Omar Khayyam and Nizami and was well educated and talented and played numerous musical instruments.,Persian,2019/12/17
Malmok,WASP-39,,,V732 Vir,Vir,Malmok is an indigenous name given to a beach in Aruba with a narrow sandy stretch that interrupts the limestone and rocky terrace along the coast. Its shallow clear Caribbean waters make it a popular snorkelling spot.,Papiamento,2019/12/17
Márohu,WASP-6,,,,Aqr,"Márohu the god of drought is the protector of the Sun and is engraved at a higher position on the stalagmite than Boinayel in the El Puente cave, where the Sun makes its way down every 21 December.",Taíno,2019/12/17
Moldoveanu,XO-1,,,,CrB,Moldoveanu is the highest peak in Romania of the Făgăraș mountain range with an altitude of 2544 metres.,Romanian,2019/12/17
Mönch,HD 130322,72339,,,Vir,Mönch is one of the prominent peaks of the Bernese Alps in Switzerland.,German,2019/12/17
Montuno,WASP-79,,,,Eri,"Montuno is the traditional costume the man wears in the “El Punto”, a Panamanian dance in which a man and woman dance to the sound of drums.",Spanish,2019/12/17
Morava,WASP-60,,,,Peg,Morava is the longest river system in Serbia.,Serbian,2019/12/17
Moriah,HAT-P-23,,,,Del,Moriah is an ancient name for the mountain within the Old City of Jerusalem.,NEWC,2019/12/17
Mouhoun,HD 30856,22491,,,Eri,"Mouhoun, also called Volta Noire, is the largest river in Burkina Faso and plays an important role in the lives of the people in the areas it passes through.",NEWC,2019/12/17
Mpingo,WASP-71,,,,Cet,Mpingo is a famous tree that grows in southern Tanzania and produces ebony wood used for musical instruments and curios.,NEWC,2019/12/17
Muspelheim,HAT-P-29,,,,Per,"Muspelheim is the Norse mythological realm of fire. The first gods used the sparks of Muspelheim to form the sun, moon, planets, and stars.",Old Norse,2019/12/17
Naledi,WASP-62,,,,Dor,"Naledi means star in the Sesotho, SeTswana and SePedi languages and is typically given as a name to girls in the hope that they will bring light, joy and peace to their communities.","Sesotho, Se Tswana and SePedi",2019/12/17
Násti,HD 68988,40687,,,UMa,Násti means star in the Northern Sami language of Norway.,Northern Sami,2019/12/17
Natasha,HD 85390,48235,,,Vel,"Natasha means ""thank you"" in many languages of Zambia.",Zambian,2019/12/17
Nenque,HD 6434,5054,,,Phe,Nenque means the Sun in the language spoken by the Indigenous Waorani tribes of the Amazon regions of Ecuador.,Waorani,2019/12/17
Nervia,HD 49674,32916,,,Aur,"Nervia, adapted from Nervii, was a prominent Belgian Celtic tribe.",Latin,2019/12/17
Nikawiy,HD 136418,74961,,,Boo,Nikawiy is the word for mother in the Indigenous Cree language of Canada.,Cree language,2019/12/17
Nosaxa,HD 48265,31895,,,Pup,"Nosaxa means spring in the Moqoit language. The word comes from a combination of nosahuec, which means renew, and ñaaxa, which means year.",Moqoit,2019/12/17
Nushagak,HD 17156,13192,,,Cas,"Nushagak is a regional river near Dilingham, Alaska, which is famous for its wild salmon that sustain local Indigenous communities.",NEWC,2019/12/17
Nyamien,WASP-15,,,,Cen,Nyamien refers to the supreme creator deity of Akan mythology.,NEWC,2019/12/17
Parumleo,WASP-32,,,,Psc,"Parumleo is a modern Pseudo-Latin term with the intended meaning ""little lion"", symbolising Singapore's struggle for independence. The name is a modern invention.",Latin,2019/12/17
Petra,WASP-80,,,,Aql,Petra is a historical and archaeological city in southern Jordan and a UNESCO World Heritage site.,Greek,2019/12/17
Phoenicia,HD 192263,99711,,V1703 Aql,Aql,Phoenicia was an ancient thalassocratic civilisation of the Mediterranean that originated from the area of modern-day Lebanon.,Latin,2019/12/17
Pincoya,HD 164604,88414,,,Sgr,Pincoya is a female water spirit from southern Chilean mythology who is said to bring drowned sailors to the Caleuche so that they can live in the afterlife.,NEWC,2019/12/17
Pipoltr,TrES-3 Parent Star,,,V1434 Her,Her,"In the local Triesenberg dialect of German, Pipoltr is a bright and visible butterfly, alluding to the properties of a star.",German,2019/12/17
Poerava,HD 221287,116084,,,Tuc,Poerava is the word in the Cook Islands Maori language for a large mystical black pearl of utter beauty and perfection.,Cook Islands Maori,2019/12/17
Rapeto,HD 153950,83547,,,Sco,Rapeto is a giant creature from Malagasy tales.,Malagasy,2019/12/17
Rosalíadecastro,HD 149143,81022,,,Oph,"Rosalia de Castro was a significant figure of Galician culture and prominent Spanish writer, whose pioneeting work often referenced the night and celestial objects.",NEWC,2019/12/17
Sagarmatha,HD 100777,56572,,,Leo,Sagarmatha is the Nepali name for the highest peak in the world (also known as Mount Everest) and symbol of national pride of Nepal.,Nepali,2019/12/17
Sāmaya,HD 205739,106824,,,PsA,Sāmaya means peace in the Sinhalese language.,Sinhalese,2019/12/17
Sansuna,HAT-P-34,,,,Sge,Sansuna is the name of the mythological giant from traditional Maltese folk tales that carried the stones of the Gozo megalithic temples on her head.,Maltese,2019/12/17
Shama,HD 99109,55664,,,Leo,"Shama is an Urdu literary term meaning a small lamp or flame, symbolic of the light of the star.",Urdu,2019/12/17
Sharjah,HIP 79431,79431,,,Sco,"Sharjah is the cultural capital of United Arab Emirates, and considered the city of knowledge due to its many educational centers, institutes, museums, libraries and heritage centers.",Arabic,2019/12/17
Sika,HD 181720,95262,,,Sgr,Sika means gold in the Ewe language and gold is one of Ghana's principal exports.,Ewe,2019/12/17
Solaris,BD+14 4559,104780,,,Peg,Solaris is the title of a 1961 science fiction novel about an ocean-covered exoplanet by Polish writer Stanislaw Lem.,fictional,2019/12/17
Sterrennacht,HAT-P-6,,,,And,The Sterrennacht (Starry Night) is a world-famous painting by Dutch grand master Van Gogh that was painted in France in 1889 and now belongs to the permanent collection of New York's Museum of Modern Art.,Dutch,2019/12/17
Stribor,HD 75898,43674,,,Lyn,"Stribor is God of winds in Slavic mythology, as well as a literature character in the book Priče iz davnine (Croatian Tales of Long Ago) by the Croatian author Ivana Brlić-Mažuranić.",Slavic languages,2019/12/17
Taika,HAT-P-40,,,,Lac,Taika means peace in the Lithuanian language.,Lithuanian,2019/12/17
Tangra,WASP-21,,,,Peg,Tangra is the supreme celestial god that early Bulgars worshiped.,Bulgarian,2019/12/17
Tapecue,HD 63765,38041,,,Car,Tapecue means eternal path in Guarani and represents the Milky Way through which the first inhabitants of the Earth arrived and could return.,Guarani,2019/12/17
Tevel,HAT-P-9,,,,Aur,"Tevel means Universe or everything and begins with the letter Taf, the last letter in the Hebrew alphabet.",Hebrew,2019/12/17
Timir,HD 148427,80687,,,Oph,"Timir means darkness in Bengali language, alluding to the star being far away in the darkness of space.",Bengali,2019/12/17
Tislit,WASP-161,,,,Pup,Tislit is the name of a lake in the Atlas mountains of Morocco. It means the bride in the Amazigh language and it is associated with a heartbroken beautiful girl in an ancient local legend.,Amazigh,2019/12/17
Tojil,WASP-22,,,,Eri,"Tojil is the name of one of the Mayan deities related to rain, storms, and fire.",Mayan,2019/12/17
Tuiren,HAT-P-36,,,,CVn,"Tuiren was the aunt of the hunterwarrior Fionn mac Cumhaill of Irish legend, who was turned into a hound by the jealous fairy Uchtdealbh.",Old Irish,2019/12/17
Tupã,HD 108147,60644,,,Cru,Tupã is one of four principle gods of the Guarani Cosmogony in popular Paraguayan folklore that helped the supreme god Ñamandu to create the Universe.,Guarani,2019/12/17
Tupi,HD 23079,17096,,,Ret,"Tupi is the name of the most populous Indigenous People living on the eastern coast of South America, before the Portuguese arrived in the 16th century.",Tupi languages,2019/12/17
Uklun,HD 102117,57291,,,Cen,Uklun means us or we in the Pitkern language of the people of Pitcairn Islands.,Pitkern,2019/12/17
Uruk,HD 231701,96078,,,Sge,Uruk was an ancient city of the Sumer and Babylonian civilizations in Mesopotamia situated along an ancient channel of the Euphrates river in modern-day Iraq.,Akkadian,2019/12/17
Xihe,HD 173416,91852,,,Lyr,Xihe (羲和) is the goddess of the sun in the Chinese mythology and also represents the earliest astronomers and developers of calendars in ancient China.,Chinese,2019/12/17
Gudja,HR 5879,77450,5879,κ Ser,Ser,"Gudja is the Wardaman name of κ Ser, from the Northern Territory, Australia. Gudja is a Water Goanna, related to birth and rebirth. It is part of the bright trio of stars in Serpens Caput, which also include Munin the Rock Cod (γ Ser) and the Mungamungga birthing place (β Ser), likened to a little hospital. Gudja is involved with the birthing process, which includes sacred ritual practices. The Spiritual Women at the birthing and blessing site in Serpens Caput are connected to the sacred areas of Crux and enacted at Munin Rock and Yinggalarri.",Aboriginal/ Wardaman,2018/08/10
Guniibuu,* 36 Oph,84405,,36 Oph,Oph,Guniibuu is the Kamilaroi/Euahlayi name for the robin red-breast bird (Petroica boodang). A traditional story links Guniibuu with Gidjirrigaa (Budgerigar) the star κ Sco.,Aboriginal/ Kamilaroi/ Euahlayi,2018/08/10
Imai,HR 4656,59747,4656,δ Cru,Cru,"The Mursi name a line of four stars imai (δ Cru), thaadoi (β Cru), waar (β Cen) and sholbi (α Cen). Their successive disappearance (heliacal setting) are used to determine when the River Omo will flood (it does this several times) and hence to determine when to plant the annual crop of cowpeas beside it (after the last flood but before the ground dries out). Imai is the Mursi name for the grass that grows along the banks of the river (Rhynchelytrum repens). It is said that when the imai star disappears, the Omo rises high enough to flatten the imai grass.",African/ Mursi,2018/08/10
La Superba,HR 4846,62223,4846,Y CVn,CVn,"In 1868 Secchi used ""superba"" as an adjective to describe the star Y CVn, not as a proper name of the star. However, in 1876 Birmingham seems to have borrowed from Secchi this term and used it as a proper name of the star. As a consequence, in 1877 Secchi himself adopted the same name. Agnes Clerke attributed the term to Secchi, without distinguishing between the adjective and the name. In principle, it should be attributed to both Secchi and Birmingham, in my opinion.",Latin,2018/08/10
Paikauhale,HR 6165,81266,6165,τ Sco,Sco,"Au-haele, Hōkū-‘ula and Paikauhale are documented as three stars in a line, running from north to south. Two of the most reliable sources—Mary Puku‘i and Rubellite Johnson—both identify Hōkū-‘ula as Antares (α Sco), which makes Au-haele Alniyat (σ Sco) and Paikauhale τ Sco.",Hawaii'ian,2018/08/10
Toliman,HR 5460,71681,5460,α Cen,Cen,"Applied in recent times from some pre-Islamic Arabian name al-zulman, ""the Ostriches."" Stars in today's Centaurus were variously identified with one or more ostriches by the pre-Islamic Arabians, but what star or stars were originally designated is unknown.",Arabic,2018/08/10
Alpherg,HR 437,7097,437,η Psc,Psc,,Arabic,2018/06/01
Alruba,HR 6618,86782,6618,,Dra,"Arabic الربع Al Rubaʽ translates ""the foal"" and specifically refers to a young camel born in the spring. The name was considered traditional by WGSN in 2018 as it is listed in Allen (1899).",Arabic,2018/06/01
Ashlesha,HR 3482,43109,3482,ε Hya,Hya,Āśleṣā (आश्लेषा) is the Sanskrit name for an asterism in Hydra. It is considered one of the traditional Nakṣatras (lunar stations).,Sanskrit,2018/06/01
Azmidi,HR 3045,38170,3045,ξ Pup,Pup,"The name is an abbreviated misspelling of a Greek term. In the Almagest, the third star in Argo is called ""The northernmost of the 2 stars close together over the little shield in the poop."" The 'little shield' in Greek is ἀσπιδίσκῃ (Aspidiske), sometimes misspelled Azmidi(ske), and the asterism may or may not consist of stars, while the Almagest lists ξ and ο Pup ""above"" it. According to Allen (1899) The Century Atlas (1897) by Benjamin E. Smith registers ι Arg (now Car) with the name ""Aspidiske"".",Greek,2018/06/01
Bunda,HR 8264,106786,8264,ξ Aqr,Aqr,Bunda is a Persian lunar mansion.,Persian,2018/06/01
Elgafar,HR 5409,70755,5409,ϕ Vir,Vir,"This name is a rare transliteration of Arabic الغفر al-ghafr (or ""El-ġafr""), The Cover. This transliteration was used by Ideler (1809) but is uncommon today except in the Arabic Maghreb (northwest Africa). It is the name of the 15th lunar station (5 Oct).",Arabic,2018/06/01
Elkurud,HR 2177,29034,2177,θ Col,Col,"Early Arab poets referred to a number of anonymous stars as الفرود al-furūd, ""the solitary ones"". Besides this known name, Allen (1899) suggested that al-furūd might have been an old transcriber's error for القرود al-qurūd ""the apes"", which he rendered ""Al Ḳurūd"". Although this idea did not receive scholarly support, WGSN used the rare transliteration Elkurud for this star, as ""Furud"" was already chosen for ζ CMa.",Arabic,2018/06/01
Fawaris,HR 7528,97165,7528,δ Cyg,Cyg,"al-Fawāris (الفوارس), ""the Riders"" is an in indigenous Arabic asterism consisting of at least four stars. WGSN applied the name of the group to one of its members that now preserves (pars pro toto) the Indigenous heritage.",Arabic,2018/06/01
Felis,HR 3923,48615,3923,,Hya,Felis (The Cat) is the name of a constellation invented by Lalande. The name is applied to one star in the area that the constellation covered.,Latin,2018/06/01
Fumalsamakah,HR 8773,113889,8773,β Psc,Psc,"Arabic فم السمكة fum al-samakah means ""mouth of the fish"". The name was considered traditional by the IAU in 2016, although it does not appear in Kunitzsch and Smart (2006) and not in Allen (1899).",Arabic,2018/06/01
Heze,HR 5107,66249,5107,ζ Vir,Vir,"Name of unknown etymology from the ""Atlas Coeli Skalnaté Pleso"" of Czech astronomer Antonín Bečvář (1901-1965). It could refer to God, possibly derived from Ezechiel (one of four prophets from Old Testament). Transcription to the Greek language adds ""H"" to EZE.",Greco-Hebrew,2018/06/01
Kraz,HR 4786,61359,4786,β Crv,Crv,"Name of unknown etymology from the ""Atlas Coeli Skalnaté Pleso"" of Czech astronomer Antonín Bečvář (1901-1965).",unknown,2018/06/01
Nahn,HR 3627,44946,3627,ξ Cnc,Cnc,"""Nahn"", the Persian term for ""Nose"", given to ξ Cnc in the NASA Memorandum by Rhoads (1971).",Persian,2018/06/01
Okab,HR 7235,93747,7235,ζ Aql,Aql,"Zeta and Epsilon Aquilae together bore the traditional name Deneb el Okab, from an Arabic term ذنب العقاب Dhanab al-ʽuqāb ""the tail of the eagle"".",Arabic,2018/06/01
Piautos,HR 3268,40881,3268,λ Cnc,Cnc,"piautos (πιαυτος) is a composition from Greek autos (""self"") and Coptic pi- (""that"") meaning ""the same one"". It occurred in a Coptic manuscript on lunar stations. Coptic is the ancient Egyptian language written in Greek letters, but lunar stations were uncommon for both the Greek and Egyptian culture. Hence, the origin of this term remains unknown.",Coptic,2018/06/01
Tarf,HR 3249,40526,3249,β Cnc,Cnc,"Arabic: الطرف, Al-Ṭarf (The eyes of the lion) is one of the traditional ""Lunar Stations"". It is composed of the 2 stars: ε Leo and ο Leo. However, the name has been in common use for β Cnc as it was published in the Yale Bright Star Catalogue.",Arabic,2018/06/01
Ukdah,HR 3845,47431,3845,ι Hya,Hya,"Kazwini knew the stars tau1, tau2 Hya as عقدة ʽuqdah (or ʽuḳdah), Arabic ""knot"". Rhoads (1971) considers this asterism consisting of four stars: tau1, tau2, 33 and ι Hya.",Arabic,2018/06/01
Ginan,HR 4700,60260,4700,ε Cru,Cru,"Ginan is the Wardaman name of ε Cru, from the Northern Territory, Australia. Ginan was found by Mulugurnden (the crayfish), who brought the red flying foxes from the underworld to the sky. The bats flew up the track of the Milky Way and traded the spiritual song with Guyaru, the Night Owl (Sirius). The bats fly through the constellation Scorpius on their way to the Southern Cross, trading songs as they go. The song informs the people about initiation, which is managed by the stars in Scorpius and related to Larawag (who ensures the appropriate personnel are present for the final stages of the ceremony). The colour of the star is reflected as the brownish-red colour of the dilly bag and its association with ceremonial fire.",Aboriginal/ Wardaman,2017/11/17
Larawag,HR 6241,82396,6241,ε Sco,Sco,"Larawag is the Wardaman name of ε Sco, from the Northern Territory, Australia. Larawag is part of a procession of beings along the curve of stars in Scorpius, acting as the signal watcher, noting when only legitimate participants are present and in view of the ceremony. He gives the “All clear” signal, allowing the secret part of the ceremony to continue. This procession is related to the bats that carry Ginan.",Aboriginal/ Wardaman,2017/11/17
Wurren,HR 338,5348,338,ζ Phe,Phe,"Wurren is the Wardaman name of ζ Phe, from the Northern Territory, Australia. Wurren means “child” and refers to the “Little Fish”, a child of Dungdung – the life-creating Frog Lady. Wurren gives water to Gawalyan, the echidna (Achernar), which they direct Earthly initiates to carry in small bowls. The water came from a great waterfall used to cool the people during the ceremony. Just as the water at the base of the waterfall keeps people cool and rises to the sky as mist, the water in the initiates’ bowls keeps them cool and symbolically transforms into clouds that bring the wet rains of the monsoon season. These ceremonies occur in late December when the weather is hot and these stars are high in the evening sky, signalling the start of the monsoon.",Aboriginal/ Wardaman,2017/11/17
Achird,HR 219,3821,219,η Cas,Cas,"The proper name Achird was apparently first applied to Eta Cassiopeiae in the Skalnate Pleso Atlas of the Heavens published in Slovacia in 1950, but is not known prior to that.",Contemporary,2017/09/05
Ainalrami,HR 7116,92761,7116,ν1 Sgr,Sgr,Arabic عين الرامي ʽain al-rāmī (simplified Ainalrami) means The Eye of the Archer. It originates from Arabic Almagest translations.,Arabic,2017/09/05
Aladfar,HR 7298,94481,7298,η Lyr,Lyr,"Aladfar derives from the Arabic الأظفر al-ʼuẓfur ""the talons (of the swooping [eagle])"" which designates and asterism consisting of µ and η Lyr. It was made popular by Allen.",Arabic,2017/09/05
Albaldah,HR 7264,94141,7264,π Sgr,Sgr,"The name of the 21st Arabic lunar station, البلدة, Al-Baldah (The empty area), designates a starless region between ζ Sgr and α Cap; the star π Sgr is at its northern edge and was wrongly attributed with this name by Allen (1899, 359).",Arabic,2017/09/05
Aldhanab,HR 8353,108085,8353,γ Gru,Gru,"Al Dhanab from Arabic ال ذنب (adh-dhanab), The Tail, became common since its mentioning in Allen (1899). There it is attributed to a Persian astronomer but the whole constellation Grus is a constellation invented in the Early Modern Era.",Arabic,2017/09/05
Aldhibah,HR 6396,83895,6396,ζ Dra,Dra,"ζ and η Draconis together had been considered the asterism of الذئب, al-dhiʼb, Two Hyenas or Two Wolfs that are lurking for the Camel's Foal that is protected by its mother (other stars in Draco).",Arabic,2017/09/05
Aldulfin,HR 7852,101421,7852,ε Del,Del,"Arabic scholarship adopted the Greek loanword ""dulfim"" or ""dulfin"" (with article: ad-dulfin or simplified adulfin) for the marine mammal. The star ε Del at the dorsal fin of the Ptolemaic (smaller than ancient Greek) figure was called Al Dhanab al Dulfim (the Dolphin's Tail) and as there are many stars named with the Arabic root for ""tail"", WGSN adopted only the last part of the name.",Arabic,2017/09/05
Alkaphrah,HR 3594,44471,3594,κ UMa,UMa,"corrupted spelling of Arabic القفزة al-qafzah ""the leap"" of the Indigenous Arabic group of gazelle asterisms preserved in Ibn Qutaybah.",Arabic,2017/09/05
Alkarab,HR 8905,115623,8905,υ Peg,Peg,"traditional Arabic name Al Karab, The Bucket-rope, was an asterism consisting of τ and υ Peg",Arabic,2017/09/05
Alsephina,HR 3485,42913,3485,δ Vel,Vel,"The term is Arabic for ""The Ship"". It originates from the translation of Greek knowledge to Arabic when Argo Navis (The Ship Argo) was translated to Arabic and, thus, originally referred to the whole constellation rather than any specific star.",Arabic,2017/09/05
Athebyne,HR 6132,80331,6132,η Dra,Dra,"The transliteration Athebyne is one of several renderings of the Arabic asterism name الذئبين al-dhiʼbayn, ""the (two) wolves"" (ζ and η Draconis) aiming at the Camel's Foal (group of northern asterisms).",Arabic,2017/09/05
Brachium,HR 5603,73714,5603,σ Lib,Lib,"For Bayer (1603), this star is γ Scorpii with no proper name but in the register for the Scorpius-star chart, he lists ""Virgilius brachium"" among other (Greek and Arabic) designations for this star. Allen (1899, 368/9) that Vergil had not meant it as a star name but only as a marker for the ""claws"", so it was never meant as a proper name.",Graeco-Latin,2017/09/05
Castula,HR 265,4422,265,υ2 Cas,Cas,"Castula is Latin for a type of woman's tunic. Bayer (1603, Uranometria) attributes the name ""castulum"" to Nonius (Portugese scholar Pedro Nunez, 1502-1578), with the Greek alias ταινίαν for a ribbon.",Latin,2017/09/05
Chamukuy,HR 1412,20894,1412,θ2 Tau,Tau,"The Yucatec Maya identify Theta Tauri as chamukuy, the name of a small bird.",Yucatec,2017/09/05
Dalim,HR 963,14879,963,α For,For,"The name was introduced for the star by Piazzi (1814) originating from the Indigenous Arabian asterism  ظَلِيم al-ẓalīm, The Ostrich, seen in various stars (e.g. Fomalhaut, theta Eridani)",Arabic,2017/09/05
Dziban,HR 6636,86614,6636,ψ1 Dra,Dra,"Dsiban, from Al Dhibain (the Arabs' title for ζ and η), has been given by some to this pair [ψ1, ψ2 Dra].",Arabic,2017/09/05
Hatysa,HR 1899,26241,1899,ι Ori,Ori,"Name of unknown etymology from the ""Atlas Coeli Skalnaté Pleso"" of Czech astronomer Antonín Bečvář (1901-1965).",unknown,2017/09/05
Iklil,HR 5928,78104,5928,ρ Sco,Sco,"the name derives from the Arabic lunar mansion ""Iklil"" (Arabic: الإكليل), ""The ornamented headband"" (or: diadem) composed of the 3 stars β1, δ and π Sco; here misapplied to ρ Sco.",Arabic,2017/09/05
Khambalia,HR 5359,69974,5359,λ Vir,Vir,"The Coptic (Egyptian) term Khambalia means ""Crooked-clawed"" (perhaps designating an agricultural device or symbol of secret knowledge); it was used in mantic texts for the star in the foot of Virgo.",Coptic,2017/09/05
Lilii Borea,HR 824,13061,824,39 Ari,Ari,"Lacaille used the now obsolete constellation Lilium (The Lily) and named this star ""in the north of Lily"", in Latin: Lilii Borea",Latin,2017/09/05
Markeb,HR 3734,45941,3734,κ Vel,Vel,"Evidently from the Arabic word markab, ""a ship or any vehicle,"" presumably standing for the Greek constellation name Argo. However, Arabic sources do not mention markab for Argo, only al-safina (""the Ship""), hence the ultimate origin of the name remains a mystery. ""Markeb"" was applied as a star name to ρ Pup in medieval times, to κ Pup in Early Modern rimes, and finally to κ  Vel in recent times when Argo was divided into its four modern constellations",Arabic,2017/09/05
Meleph,HR 3429,42556,3429,ε Cnc,Cnc,"Bayer (1603) quotes Arabic designations Melleff and Meeleph for this star (among others) which was adopted by other astronomers (e.g. Riccioli) and goes back to the Arabic term Al Ma'laf, The Stall (a variant of the Greek Manger).",Arabic,2017/09/05
Meridiana,HR 7254,94114,7254,α CrA,CrA,"The Latin-Arabic name ""Alfecca meridiana"" is mentioned in Allen (1899, 173). There, it is attributed to ""Reduan"" (sic!) = Ali bin Radwan's commentary to his Tetrabiblos translation (10th century). Arabic  نير الفكّة nayyir al-fakka ""the bright (star) of the broken (dish)"" in analogy to the Arabic term for CrB. WGSN chose only the second (Latin) term: ""Meridiana"", the southern (one of the two Alfeccas).",Latin,2017/09/05
Minchir,HR 3418,42402,3418,σ Hya,Hya,"Minchir appeared in Bode's 1801 Uranographia rooting in the Arabic term منخر الشجاع minkhar ash-shujāʽ ""the nostril brave one"" in Hydra.",Arabic,2017/09/05
Miram,HR 834,13268,834,η Per,Per,"perhaps a misspelling of the Arabic term مِعْصَم miʽṣam, The Wrist, which was used for naming κ Per ""Misam"" in the CSN.",Arabic,2017/09/05
Misam,HR 941,14668,941,κ Per,Per,"the Arabic term مِعْصَم miʽṣam, The Wrist, was originally a name of χ Per (Almagest: ""the right hand"" of the Hero) and considered the Wrist of Thurayya (the Pleiades) for the Arabs.",Arabic,2017/09/05
Nembus,HR 464,7607,464,51 And,And,"Name appears in Bayer's (1603) Uranometria for Upsilon Per (later designated 51 And), which he states is of Arab origin, however the name appears to be Latin not Arabic. From the description it appears that the name appears to be connected with the adamntine harpe sword Perseus used to decapitate Medusa.",Latin?,2017/09/05
Nganurganity,HR 2646,33856,2646,σ CMa,CMa,"Nganurganity [ˈŋanuɾˌɡ̊aniɟ̊] is the ""Jacky lizard"" in the culture of the Boorong, a clan of the indigenous Maligundidj people of northwestern Victoria in Australia, who saw it as an ancestral figure who fights the moon, flanked by two wives, represented by stars on either side of him (δ CMa and ε CMa). The Moon is Mityan, the quoll. Mityan fell in love with one of the wives of Unurgunite and tried to lure her away. Unurgunite discovered Mityan’s trickery and attacked him, leading to a great fight in which Mityan was defeated. The Moon has been wandering the heavens ever since, the scars of the battle still visible on his face as maria. One of the wives (δ CMa) lies further away from Unurgunite and is closer to the Moon than the other wife (ε CMa). This is the wife Mityan tried to lure away. The name was listed as Unurgunite in Stanbridge(1857/61), for initial ng-, which does not occur in English, was typically ignored in transcription of that era. WGSN corrects the spelling.",Aboriginal/ Boorong,2017/09/05
Pipirima,HR 6252,82545,6252,μ2 Sco,Sco,"There are many versions of a widespread Polynesian story of two children fleeing their uncaring parents to become two shining stars, the stars themselves being variously recorded as Castor and Pollux (α and β Gem), Shaula and Lesath (λ and υ Sco), ζ and θ Sco, and µ¹ and µ² Sco as well as [possibly] ω¹ and ω² Sco. In Tahiti, Pipiri was the twin brother of Rehua: Pipiri ma refers to the two together, ma ""with, and"" being used after names to mean ""et al."". Calderon identifies the two children as µ¹ and µ² Sco, their mother being Shaula (λ Sco) and their father Lesath (υ Sco).",Tahitian,2017/09/05
Polaris Australis,HR 7228,104382,7228,σ Oct,Oct,"the term literally means ""South Pole"" and was first used for the star in the 18th century.",Latin,2017/09/05
Polis,HR 6812,89341,6812,μ Sgr,Sgr,"the term in Coptic means ""a foal."" It was originally used for stars in the bow of the Archer but was moved over time.",Coptic,2017/09/05
Prima Hyadum,HR 1346,20205,1346,γ Tau,Tau,"the Latin term occurs first in Flamsteed (1729) but is based on the Arabic idea to enumerate the stars in the cluster; in Arabic it was Awwal ad-Dabarān, The First of Dabarān (the group from which the star name ""Aldebaran"" derives).",Latin,2017/09/05
Salm,HR 8880,115250,8880,τ Peg,Peg,"Bayer (1603) mentions three names: Markab, Sagma and its corruption Salma. Allen (1899, 329) considers the correct form ""Salm"", a Leathern Bucket.",Arabic,2017/09/05
Secunda Hyadum,HR 1373,20455,1373,δ1 Tau,Tau,The Latin term Hyadum II goes back to Flamsteed (1729) in analogy to Hyadum I or Prima Hyadum,Latin,2017/09/05
Segin,HR 0542,8886,542,ε Cas,Cas,"Name of unknown etymology from the ""Atlas Coeli Skalnaté Pleso"" of Czech astronomer Antonín Bečvář (1901-1965).",unknown,2017/09/05
Tabit,HR 1543,22449,1543,π3 Ori,Ori,Arabic الثابت al-thābit 'the endurer (the fixed/constant one)',Arabic,2017/09/05
Terebellum,HR 7597,98066,7597,ω Sgr,Sgr,"Ptolemy's Almagest lists four stars in a quadrilateral with ω Sgr the first in the list (the others being A, b, c Sgr). Bayer (1603) concludes this list with the note after ""c"": Has quatuor multi Terebellum seu τετράπλευρον vocant. A ""terebellum"" is an auger, so it designates the asterism at the tip of the tail and originally not a specific star.",Latin,2017/09/05
Tiaki,HR 8636,112122,8636,β Gru,Gru,"Makemson (1941: 261 #659) lists Tiaki as the Tuamotuan name for β Gru, sourcing this to unpublished field data supplied by Kenneth P. Emory (ibid.: 197). However, Emory's star information does not appear in his later publications and has not been located to date in archives of his unpublished material. Stimson's Tuamotuan dictionary (1964: 526) gives the meaning of Tīaki as ""guardian"", ""keeper"" or ""watchman"", but does not list it as a star. He does, however, list Tīakitau as the name of an unidentified star on Anaa, which Makemson (1941: 261 #660) lists separately.",Polynesian/Tuamotu,2017/09/05
Torcular,HR 510,8198,510,ο Psc,Psc,The traditional name Torcularis septentrionalis (northern wine press) was taken from the 1515 Almagest (Latin translation) and abbreviated.,Latin,2017/09/05
Xamidimura,HR 6247,82514,6247,μ1 Sco,Sco,"Originally spelled as three word ""xami di mura"" means ""eyes of the beast"" in the Khoekhoe language (South Africa). The term designates two stars which is why it was suggested (Hahn 1881) to refer to μ Sco as this star appears as a visual pair of two dots of light. Yet, today's identification popularized by the SAAO differs.",Khoekhoe,2017/09/05
Zubenelhakrabi,HR 5787,76333,5787,γ Lib,Lib,"Allen (1899) claims that this term was used for η Lib while “properly belonging to γ Scorpii”. He gives the name “Zubān alʿAkrab, the Scropion’s Claw,” with the spelling variants Zuban al Kravi, Zuben Acrabi, Zuben Hakrabi where the last one goes back to Bayer’s Uranometria (1603). Yet, Bayer’s γ Scorpii is now σ Lib (Brachium) and Bayer’s γ Lib was named “in media lance Boreali prima et superior”.",Arabic,2017/09/05
Alsafi,HR 7462,96100,7462,σ Dra,Dra,"Alsafi is corrupted from Athāfi, erroneously transcribed from the Arabic plural Athāfiyy, by which the nomads designated the tripods of their open-air kitchens; one of these being imagined in σ, τ and υ [Dra].",Arabic,2017/06/30
Alsciaukat,HR 3275,41075,3275,31 Lyn,Lyn,"misspelled Arabic الشوكة aš-šawkat (al-shaukat), The Thorn. The name obviously has nothing to do with the figure of the lynx (or historically sometimes called ""Tiger"" or ""Tigris"") that was invented in Early Modern Times.",Arabic,2017/06/30
Alshat,HR 7773,100310,7773,ν Cap,Cap,"The Arabic term سعد الذابح, Saʿd al-Dhābiḥ, The Lucky Asterism of the Slaughterer (22 lunar station), consists of the 3 stars: α1, β and ν Cap. As α and β already have proper names, the corrupted form ""shat"" (for sad) was used to name ν Cap.",Arabic,2017/06/30
Alzirr,HR 2484,32362,2484,ξ Gem,Gem,"Arabic الزِرّ , al-zirr, ""the button"". Allen (1899) attributes the name to Al Birūnī and it certainly does not have Greek roots as it is located at the foot of the eastern Twin.",Arabic,2017/06/30
Angetenar,HR 850,13288,850,τ2 Eri,Eri,"derived from the Arabic Al Ḥināyat an-Nahr, 'the Bend in the River', based on Arabic Almagest translations",Arabic,2017/06/30
Anser,HR 7405,95771,7405,α Vul,Vul,"Johannes & Elisabetha Hevelius created “Vulpecula cum Ansere” (the Little Fox with the Goose) out of unformed stars in the space between Cygnus and Aquila. The constellation first appeared in Firmamentum Sobiescianum sive Uranographia (1687) and the accompanying introductory text, Prodromus astronomiae (1690). To emphasize that it was his own creation, Hevelius dedicated Figure L to the pair, shown as a detail in Fig. 3.1. In atlases published before Hevelius, its stars are shown simply marking the flow of the Milky Way through the area. Ian Ridpath (1989) noted that “Hevelius placed the fox near two other hunting animals, the eagle (the constellation Aquila) and the vulture (which was an alternative identification for Lyra). He explained that the fox was taking the goose to neighbouring Cerberus, another of his inventions.”unnamed before.",Latin,2017/06/30
Beemim,HR 1393,20535,1393,υ3 Eri,Eri,"Spelling variations of this name appeared in medieval sources for star 29 in Eridanus in the Almagest (Upsilon3 Eri), with the Alfonsine Tables (1492, Tabule Astronomice Alfonsi Regis) spelling it as ""Beemim"".",corrupted,2017/06/30
Bharani,HR 838,13209,838,41  Ari,Ari,"the Indian term (Sanscrit: भरणी), The Bearer, designates the 2nd of the 27 nakshatras consisting of the three stars 35, 39 and 41 Ari, among which 41 Ari is the brightest. The modern star name was given to the brightest star of the historical constellation.",Sanskrit,2017/06/30
Fang,HR 5944,78265,5944,π Sco,Sco,determinitive star of lunar mansion Fang (The Room) whose naming constellation constists of 4 stars according to sources back to the 3rd millennium BCE.,Chinese,2017/06/30
Fulu,HR 153,2920,153,ζ Cas,Cas,"traditional Chinese single star asterism: an auxiliary road to Gedao; also represents the chief assistant to maintain roads. Gedao (the flying corridor) is a long chain of stars next to the Purple Palace enclosure constellation. Paradoxically, the auxiliary road is considered a single star asterism as attested in several historical star charts (e.g. the famous Suzhou map). Sun and Kistemaker (1997) who studied sources from the Han dynasty (around the year ""0"" plusminus 200 years) identify ζ Cas with this single star. Another researcher, Sun Shuwei, who dealt with the Xinyixiangfayao Star Map from Su Song (苏颂, 1020-1101 CE) identifies δ Cas. Both is plausible.",Chinese,2017/06/30
Fuyue,HR 6630,87261,6630,G Sco,Sco,"traditional Chinese single star asterism: a legendary wise minister of the Yin or Shang dynasty, 18th century BCE. According to Rufus and Tien (1945), sometimes called the invocator (regarding faults). Sun and Kistemaker (1997) quote Sima Qian that Fu Yue was a chancellor of Emperor Wu Ding of the Yin dynasty but they admit that the could also represent a shaman in the royal harem helping to produce sons. The ancient star name is typically identified with the bright star G Sco.",Chinese,2017/06/30
Haedus,HR 1641,23767,1641,η Aur,Aur,"The Almagest star catalogue gives for n Aur: τῶν ἑπι τοῦ ἀριστεροῦ καρπού β καλοvμένων Ἐρίϕωv ὁ ἑπόμενος (The rearmost of the two stars on the left wrist, which are called 'Haedi'). The Latin term ""Haedi"" is a translation of Greek Ἐρίϕωv and plural of ""Haedus"" meaning ""young goat(s)"".",Latin,2017/06/30
Hassaleh,HR 1577,23015,1577,ι Aur,Aur,"hasa means in Arabic - handsome or good or benefactor, hassa (with doubled s) is from the same Arabic root, has long vowel (second a) and its meaning is ""doer of good"" or ""benefactor"", the end of name ""-eh"" (or ""-ah"") could mean femininum. Name from the ""Atlas Coeli Skalnaté Pleso"" of Czech astronomer Antonín Bečvář (1901-1965).",Arabic,2017/06/30
Jabbah,HR 6027,79374,6027,ν Sco,Sco,"the name was considered popular by WGSN as mentioned in Allen (1899): ""in the Century Cyclopaedia, perhaps from its being one of the mansil Iklil al Jabbah.""",Arabic,2017/06/30
Kang,HR 5315,69427,5315,κ Vir,Vir,determinitive star of lunar mansion Kang (The Neck) whose naming constellation constists of 4 stars according to sources back to the 3rd millennium BCE,Chinese,2017/06/30
Mahasim,HR 2095,28380,2095,θ Aur,Aur,"Arabic المِعْصَم al-miʽşam ""the wrist"", was used for λ Her by Bayer by misreading the Almagest (and its 1515 Latin translation) where the wrist is designated o Her. Allen 1899, 245 mentions that the 16th century Latin Almagest translation used the (misspelled) variant “Mahasim” for θ and η Aurigae.",Arabic,2017/06/30
Markab,HR 8781,113963,8781,α Peg,Peg,"From an abbreviation of the name for the Arabic Almagest period mankib al-faras, ""the Horse's Shoulder,"" for β Peg. Wrongly transferred to α Peg in late medieval times.",Arabic,2017/06/30
Minelauva,HR 4910,63090,4910,δ Vir,Vir,"The 13th Arabic lunar station bears the name العوا) Al-ʿAwwā, The bend. It consists of 5 stars: β, η, γ, δ and ε Vir. ""Auva"" or ""Minelauva"" are mediaeval transliterations of this name that now names one of its stars.",Arabic,2017/06/30
Praecipua,HR 4247,53229,4247,46 LMi,LMi,"Piazzi (1814) in his star catalogue introduced this proper name for the star because Hevelius (1690) had added the adjective ""praecipua"" (Chief) as a description of this star.",Latin,2017/06/30
Revati,HR 361,5737,361,ζ Psc,Psc,"Revatī is a Hindu mother goddess, in Sanskrit written रेवती. It is also the name of the 27th nakshatra and specifically the star ζ Psc. The Sun passing this star designates the beginning of a new (solar) year.",Sanskrit,2017/06/30
Saclateni,HR 1612,23453,1612,ζ Aur,Aur,"Eta and Zeta Aurigae, the 8th and 9th stars of Auriga in the Almagest, were referred to as ""the kids"" - Eriphoi (Greek), Haedi (Latin), al-Jadayain (Arabic; al-Sufi). Hyginus (Poetica Astronomica, 2. 13) mentions the Greek astronomer Cleostratus of Tenedos (5th cen. BC) pointed out ""the kids"" among the stars. ""Saclateni"" appeared in the Alfonsine Tables (""Tabule astronomice Alfonsi Regis"", 1492 print) and may be a corrupted Latinization of the Arabic Gadi-thani, ""second kid"" (Mesnard 1949, ""Les noms arabes d'étoiles"", Ciel et Terre, Vol. 65, p. 70)",Latin,2017/06/30
Sceptrum,HR 1481,21594,1481,53 Eri,Eri,from the obsolete constellation of Sceptrum Brandenburgicum,Latin,2017/06/30
Taiyangshou,HR 4518,57399,4518,χ UMa,UMa,"traditional Chinese single star asterism: Taiyangshou means ""The Guardian of the Great Yang"" and is the general in charge of the yang valve, symbolising Chief Minister. Xu, Pankenier and Jiang (2000) and Sun Shuwei (Stellarium) evaluating the medieval Song map, both identify chi UMa but Sun and Kistemaker (1997) studying the Han dynasty identify psi UMa.",Chinese,2017/06/30
Taiyi,HR 4916,63076,4916,8 Dra,Dra,"single star asterism: August Unity, Supreme One",Chinese,2017/06/30
Tianguan,HR 1910,26451,1910,ζ Tau,Tau,"Chinese single star asterism, a celestial pass along the ecliptic which opens and closes",Chinese,2017/06/30
Tianyi,HR 4863,62423,4863,7 Dra,Dra,Chinese single star asterism: heavenly unity,Chinese,2017/06/30
Xuange,HR 5351,69732,5351,λ Boo,Boo,"single star asterism: a halberd, the celestial lance or north lance.",Chinese,2017/06/30
Zhang,HR 3903,48356,3903,υ1 Hya,Hya,"determinitive star of lunar mansion Zhang (The Stomach [of the Red Fire Bird] or a Bow or Bird Catcher, an Extended Net, Spread or ""to open"") whose naming constellation constists of 6 stars according to sources back to the 3rd millennium BCE",Chinese,2017/06/30
Almaaz,HR 1605,23416,1605,ε Aur,Aur,"The Arabic term المعز (al-maʽaz) can refer to the plural ""goats"" but has also been interpreted as a He-Goat (contrasting Capella, the She-Goat). Allen (1899, 90) cites Hyde's 1665 translation of Ulugh Beg with this term for a group of stars (asterism or sub-constellation) in Auriga.",Arabic,2017/02/01
Alniyat,HR 6084,80112,6084,σ Sco,Sco,"Applied in recent times from the pre-Islamic Arabian name al-niyat, ""the Arteries"", for σ and τ Sco. α Sco, between the arteries, was the pre-Islamic Arabian qalb al'aqrab, ""the Scorpion's Heart"" (all were part of the pre-Islamic Arabian Scorpion).",Arabic,2017/02/01
Alrakis,* mu. Dra,83608,,μ Dra,Dra,"Applied in recent times from its pre-Islamic Arabian name al-raqis, ""the Trotting Camel.""",Arabic,2017/02/01
Alterf,HR 3773,46750,3773,λ Leo,Leo,"Applied in recent times from the pre-Islamic Arabian lunar mansion name al-tarf, ""the Glance,"" for κ Cnc and λ Leo, associated with the pre-Islamic Arabian asterism al-asad, as if being located on that lion's eyes.",Arabic,2017/02/01
Barnard's Star,GJ 699,87937,,V2500 Oph,Oph,"Named after American astronomer E. E. Barnard who first measured the record high proper motion for this star in 1916, the name started appearing in the astronomical literature in the follow-up studies of the star and came into common use starting in the 1920s.",Contemporary,2017/02/01
Cujam,HR 6117,80463,6117,ω Her,Her,"From the Latin word caiam, ""club"" (in the accusative case, nominative case ""caia""), supposedly used in a classical poem alluding to the mythological figure Hercules, not the constellation. The word was applied as a star name in Early Modern times.",Latin,2017/02/01
Deneb Algedi,HR 8322,107556,8322,δ Cap,Cap,"""Tail of the Goat"" in Arabic",Arabic,2017/02/01
Diadem,* alf Com,64241,,α Com,Com,,Contemporary,2017/02/01
Giausar,HR 4434,56211,4434,λ Dra,Dra,"From the Persian word jauzahr, a technical term designating the nodes of the moon's or any planet's orbit. Erroneously applied as a star name to λ Dra in recent times.",Persian,2017/02/01
Kaffaljidhma,HR 804,12706,804,γ Cet,Cet,"Arabic الكف الجذماء, al-kaf al-jaðmāʾ ('the cut-short hand') is given as a star name in Allen (1899) with reference to an Arabic name for the asterism of Cetus's Head.",Arabic,2017/02/01
Marsic,* kap Her,79043,,κ Her,Her,"Applied in medieval times from the Arabic word al-marfiq, ""the elbow,"" used in the Arabic Almagest in describing this star.",Arabic,2017/02/01
Tejat,HR 2286,30343,2286,μ Gem,Gem,"From the Arabic word tihyat, said to be the singular form of al-tahayi, an pre-Islamic Arabian name of unknown meaning and disputed identification. In some sources, the plural al-tahayi is assigned to η, μ, and v Gem. As originally applied in recent times, η was ""Tejat Prior,"" and μ was Tejat Posterior.""",Arabic,2017/02/01
Theemin,HR 1464,21393,1464,υ2 Eri,Eri,"The formation of this name begins with one of the words used by Ptolemy to describe this star in the Almagest: καμπή, ""the bend [of the river]"". This was misread by the Arabs, who transliterated the word as bhmn. This, in turn, was transliterated as beemun in the Medieval Latin Almagest, which was corrupted to beemin, beemim, etc. Then in Early Modern times, the derivation of the form beemim was erroneously attributed to the Hebrew word te'omim, ""twins."" Subsequently this erroneous word, written as Theemim, then ""Theemin,"" was applied as a star name to any of the various dim stars running from u1 to h Eri.",Arabic,2017/02/01
Asellus Australis,HR 3461,42911,3461,δ Cnc,Cnc,"From their joint Roman name the Aselli (and also Asini), ""the Asses"" of ""Donkeys"", being a translation of these stars' Greek name. Reapplied in Early Modern times, along with the Latin distinctions of ""northern"" and ""southern"".",Latin,2016/11/06
Asellus Borealis,HR 3449,42806,3449,γ Cnc,Cnc,"From their joint Roman name the Aselli (and also Asini), ""the Asses"" of ""Donkeys"", being a translation of these stars' Greek name. Reapplied in Early Modern times, along with the Latin distinctions of ""northern"" and ""southern"".",Latin,2016/11/06
Gienah,HR 4662,59803,4662,γ Crv,Crv,"A name transferred from γ Crv in recent times, where the Arabic word janab means ""wing"" (in the Almagest, both ε Cyg and γ Crv lie on the wings of their respective constellations)",Arabic,2016/11/06
Rigil Kentaurus,HR 5459,71683,5459,α Cen,Cen,"Applied in recent times from its name for the Arabic Almagest period rijl qanturis, ""the Centaur's Foot"". Today the name is occasionally seen abbreviated as ""Rigil Kent.""",Arabic,2016/11/06
Yed Prior,HR 6056,79593,6056,δ Oph,Oph,"Originally from the Arabic word al-yad, ""the hand,"" used in the Arabic Almagest in describing these stars. yed was applied as a star name to δ Oph in medieval times. Then in recent times, this application was extended to include both δ and ε, with the addition of the Latin distinctions for ""foremost"" and ""hindmost,"" respectively.",Arabic,2016/11/06
Arkab Posterior,HR 7343,95294,7343,β2 Sgr,Sgr,"Applied in recent times from an abbreviation of its name for the Arabic Almagest period 'urqub al-rami, ""the Archer's Achilles Tendon.""",Arabic,2016/10/05
Arkab Prior,HR 7337,95241,7337,β1 Sgr,Sgr,"Applied in recent times from an abbreviation of its name for the Arabic Almagest period 'urqub al-rami, ""the Archer's Achilles Tendon.""",Arabic,2016/10/05
Yed Posterior,HR 6075,79882,6075,ε Oph,Oph,"Originally from the Arabic word al-yad, ""the hand,"" used in the Arabic Almagest in describing these stars. yed was applied as a star name to δ Oph in medieval times. Then in recent times, this application was extended to include both δ and ε, with the addition of the Latin distinctions for ""foremost"" and ""hindmost,"" respectively.",Arabic,2016/10/05
Albali,HR 7950,102618,7950,ε Aqr,Aqr,"From the Arabic word bali(, ""swallower"", used in an Arabic discussion pertaining to the Arabic lunar mansion name sa(d bula( (given for ε, μ and ν Aqr; of unknown meaning). In recent times the Arabic article al- was added to bali( and the word was applied as a star name.",Arabic,2016/09/12
Alchiba,HR 4623,59199,4623,α Crv,Crv,"From the pre-Islamic Arabian asterism name al-khibāʾ, “the Tent,” for β, γ, δ and ε Crv. Wrongly applied as a star name to α Crv in recent times.",Arabic,2016/09/12
Alkes,HR 4287,53740,4287,α Crt,Crt,"Applied with various spellings since medieval times, from the Arabic constellation name al-ka's, ""the (Wine) Cup,"" for Crater.",Arabic,2016/09/12
Ancha,HR 8499,110003,8499,θ Aqr,Aqr,"A Latin word meaning ""hip"", used in the Medieval Latin Almagest in describing σ and ι/38 Aqr in the right and left hips, respectively (following an error, for Ptolemy had these stars in ""the buttocks""). The word was applied as a star name to θ Aqr (correctly in Ptolemy's ""right socket of the hip"") in recent times.",Latin,2016/09/12
Ascella,HR 7194,93506,7194,ζ Sgr,Sgr,"ascella (""armpit""). Although it appeared in the 1515 Almagest, the name does not appear to have come into common usage until the 20th century after appearing as Ascella in Richard Hinckley Allen's ""Star Names Their Lore and Meaning"" (1899).",Latin,2016/09/12
Atik,HR 1131,17448,1131,ο Per,Per,"Applied in recent times (also to ζ Per), from an abbreviation of the pre-Islamic Arabian name 'atiq al-thurayya, ""the Collarbone of the Pleiades,"" for ο and ζ Per, after their location in the pre-Islamic Arabian asterism here",Arabic,2016/09/12
Azelfafage,HR 8301,107136,8301,π1 Cyg,Cyg,"From the Arabic constellation name al-sulahfat, ""the Tortoise,"" for Lyra ( corresponding to the Greek image of a tortoise shell for the Lyre's soundboard). Transliterated as Azelfage, a Medieval Latin translator erroneously attributed this constellation name to Cygnus. Then in Early Modern times, the corruption ""Azelfafage"" was applied as a star name to π1 Cyg.",Arabic,2016/09/12
Azha,HR 874,13701,874,η Eri,Eri,"Applied in recent times from an abbreviation of the pre-Islamic Arabian asterism name udhi al-na'am, ""the Ostrich's Nest,"" for ζ, ρ2,3, η  and τ1 Eri, and ε and π Cet.",Arabic,2016/09/12
Baten Kaitos,HR 539,8645,539,ζ Cet,Cet,"Applied in recent times from its name for the Arabic Almagest period batn qaitus, ""the Sea Monster's Belly.""",Arabic,2016/09/12
Beid,HR 1298,19587,1298,ο1 Eri,Eri,"Applied in recent times from the pre-Islamic Arabian name al-baid, ""the Eggs"" for unspecified dim stars around the pre-Islamic Arabian ostrich's nest.",Arabic,2016/09/12
Botein,HR 951,14838,951,δ Ari,Ari,"Applied in recent times from the pre-Islamic Arabian lunar mansion name al-butain, ""the Little Belly"", for δ, ϵ and ρ Ari.",Arabic,2016/09/12
Grumium,HR 6688,87585,6688,ξ Dra,Dra,"A Late Latin word (its correct spelling should be grunnum) meaning ""snout"" or ""muzzle (especially of a pig)"", used in the Medieval Latin Almagest in describing this star. The word was applied as a star name in recent times.",Latin,2016/09/12
Keid,HR 1325,19849,1325,ο2 Eri,Eri,"Applied in recent times from the pre-Islamic Arabian name al-qaid, ""the Egg Shells,"" for unspecified stars around the pre-Islamic Arabian ostrich's nest.",Arabic,2016/09/12
Kurhah,HR 8417,108917,8417,ξ Cep,Cep,"Applied in recent times from one vocalization of its pre-Islamic Arabian name: al-qurha, ""the White Spot on the Forehead of a Horse."" However, the original Arabic script for the name can be read and vocalized in other ways with various meanings.",Arabic,2016/09/12
Maasym,HR 6526,85693,6526,λ Her,Her,"From the Arabic word al-mi'sam, ""the wrist,"" used in the Arabic Almagest in describing o Her. Wrongly transferred to λ Her in Early Modern times.",Arabic,2016/09/12
Marfik,HR 6149,80883,6149,λ Oph,Oph,"Applied since medieval times from the Arabic word al-marfiq, ""the elbow,"" used in the Arabic Almagest in describing this star. While the medieval transliteration was marsic (with a confusion of f and the long-shaped s), Marfik is an improved spelling of recent times.",Arabic,2016/09/12
Mekbuda,HR 2650,34088,2650,ζ Gem,Gem,"From an abbreviation of the pre-Islamic Arabian asterism name dhira' al-asad al-maqbuqa, ""the Lion's Folded Paw"". Arbitrarily applied as a star name to ζ Gem in recent times.",Arabic,2016/09/12
Menkib,HR 1228,18614,1228,ξ Per,Per,"Applied in recent times from an abbreviation of its pre-Islamic Arabian name mankib al-thurayya, ""the Shoulder of the Pleiades,"" for its location in the pre-Islamic Arabian asterism here.",Arabic,2016/09/12
Merga,HR 5533,72487,5533,38 Boo,Boo,"A Latin word meaning ""reaping hook,"" used in a Early Modern discussion of the constellation Bootes. According to this discussion, some classical sources mentioned a reaping hook held in Bootes' hand opposite the staff. Subsequently the word was applied as a star name to hBoo.",Latin,2016/09/12
Muphrid,HR 5235,67927,5235,η Boo,Boo,"The formation of this name begins with the ancient Arabic name for α Boo: al-simak al-ramih, ""the Lance-bearing simak"" (the meaning of simak is uncertain). It seems that later Arabic poets expanded upon this name by making mention of some separate ""lance"" (al-rumh) that accompanied the star α Boo. Subsequent Arabs attempted to identify this fictitious lance with actual stars, sometimes saying it was η Boo with nearby stars, sometimes saying it was ""η Boo alone"" (where ""alone"", in arabic, is written mufradan). From these discussions came, with a slight copying mistake in the Arabic, the erroneous Arabic name mufrad al-ramih, roughly translating as ""the Isolated Single One of the Lance-Bearer"". With a wrong vocalization and with abbreviation, this erroneous name, as ""Muphrid"", was applied in recent times.",Arabic,2016/09/12
Nusakan,HR 5747,75695,5747,β CrB,CrB,"Applied in recent times from the collective pre-Islamic Arabian name al-nasaqan, ""the Two Lines [of stars]"" for two asterisms in today's Hercules, Serpens, Ophiuchus, and Lyra. al-nasaqan originally marked the boundaries of the pre-Islamic Arabian 'al-rauda, ""the Pasture"". These boundaries were ""the Northern Line"" al-nasaq al-sha'ami, and ""the Southern Line"" al-nasaq al-yamani.",Arabic,2016/09/12
Rasalas,HR 3905,48455,3905,μ Leo,Leo,"Applied in recent times from an abbreviation of its name for the Arabic Almagest period ra's alasad (al-shamali), ""(the Northern [Part] of) the Lion's Head."" As originally applied, μ Leo was ""Rasalasad Borealis""  abbreviated in the first Western astronomical source as ""Rasalas. Bor.,"" for lack of space in the line), and ε Leo was ""Rasalasad Australis"" (after the Arabic).",Arabic,2016/09/12
Rotanev,HR 7882,101769,7882,β Del,Del,"Nicolaus Venator, responsible for 1814 star catalogue)",Latin,2016/09/12
Sarin,HR 6410,84379,6410,δ Her,Her,"Name of unknown etymology from the ""Atlas Coeli Skalnaté Pleso"" of Czech astronomer Antonín Bečvář (1901-1965). It is probably a part of the body. The word probably is not of Semit's origin,",unknown,2016/09/12
Sham,HR 7479,96757,7479,α Sge,Sge,"Applied in recent times from the Arabic constellation name al-sahm, ""the Arrow,"" for Sagitta.",Arabic,2016/09/12
Situla,HR 8610,111710,8610,κ Aqr,Aqr,"A Latin word meaning ""pot"" or ""bucket"", used in Early Modern philological studies as the translation of the Arabic constellation name al-dalw, for Aquarius. Subsequently the word was applied as a star name to k Aqr. The Arabs located al-dalw (""the Well Bucket"") in today's Square of Pegasus. In that location it corresponded to what in other cultures was Aquarius among the zodiacal signs. The Arabs subsequently used the indigenous name al-dalw for the Greek Water Pourer (Aquarius).",Latin,2016/09/12
Sualocin,HR 7906,101958,7906,α Del,Del,"reversed Latin  Nicolaus Venator, responsible for 1814 star catalogue)",Latin,2016/09/12
Subra,HR 3852,47508,3852,ο Leo,Leo,"From the pre-Islamic Arabian lunar mansion name al-zubra, ""the Mane, or Shoulder,"" for δ and θ Leo, associated with the pre-Islamic Arabian asterism al-asad (see ε Gem; al-zubra was an alternative name for al-kharatan given under θ Leo). ""Subra"" was wrongly applied as a star name too Leo in recent times.",Arabic,2016/09/12
Syrma,HR 5338,69701,5338,ι Vir,Vir,"From the Greek word σύρμα, ""train of a dress"", used by Ptolemy in the Almagest in describing this star. The word was applied as a star name in recent times.",Greek,2016/09/12
Tegmine,HR 3208,40167,3208,ζ Cnc,Cnc,"A Latin word in the ablative case meaning ""covering"" or ""shell"" (nominative case would be ""tegmen""), used in a Early Modern discussion of the constellation Cancer. The word was subsequently applied as a star name to ζ Cnc.",Latin,2016/09/12
Tureis,HR 3185,39757,3185,ρ Pup,Pup,"From the Arabic word al-turais, ""the Little Shield,"" used in the Arabic Almagest in describing several stars (ρ Pup not among them) in the constellation Argo. Wrongly applied as a star name to ρ Pup in recent times.",Arabic,2016/09/12
Zaniah,HR 4689,60129,4689,η Vir,Vir,"From an abbreviation of the pre-Islamic Arabian name zawiyat al-'awwa', ""the Angle of al-'awwa',"" for γ Vir. Wrongly transferred to η Vir in recent times.",Arabic,2016/09/12
Zibal,HR 984,15197,984,ζ Eri,Eri,"Applied in recent times from a misreading of the pre-Islamic Arabian name al-ri'al, ""the Young of the Ostriches,"" for the numerous dim stars running between α Eri and α PsA (or, according to another tradition, those within the triangle formed by α Phe/α PsA/β Cet).",Arabic,2016/09/12
Acrab,* bet Sco,78820,,β1 Sco,Sco,"Arabic name al-'Aqrab for the constellation Scorpius (""the scorpion"") (e.g. Al Sufi). Application of the transliteration ""Acrab"" specifically to the pair Beta1 and Beta2 Sco was made by Piazzi (1814) in the Palermo Catalog, and its use spread through the 19th century.",Arabic,2016/08/21
Adhara,HR 2618,33579,2618,ε CMa,CMa,"Applied in recent times from the Arabic asterism name al-'adhara, ""the Virgins"", for ε, δ, η and ο2 CMa. The significance of the name is unknown.",Arabic,2016/08/21
Adhil,HR 390,6411,390,ξ And,And,"From the Arabic word al-dhail, ""the hem of a robe or dress"", used in the Arabic Almagest in describing 49 And and χ And, and transliterated in the Medieval Latin Almagest as adhil. This word was wrongly applied as a star name to ξ And in recent times.",Arabic,2016/08/21
Alfirk,HR 8238,106032,8238,β Cep,Cep,"Applied in recent times from an abbreviation of the pre-Islamic Arabian names kaukaba al-firq (for α and β Cep ), and kawakib al-firq (for α, β , and η Cep). kaukaba and kawakib mean ""two stars"" and ""stars"" (more than two), respectively, but the original Arabic script for al-firq can be vocalized in various ways with various meanings. If the vocalization al-firq is accepted, it means ""the Flock,"" and may refer to a flock of sheep here.",Arabic,2016/08/21
Algedi,HR 7754,100064,7754,α2 Cap,Cap,"Reapplied in recent times (from its older medieval spelling), from the scientific Arabic constellation name al-jady, ""the Kid,"" for Capricornus.",Arabic,2016/08/21
Alkalurops,HR 5733,75411,5733,μ Boo,Boo,"The formation of this name begins with one of the words used by Ptolemy to describe this star in the Almagest: κολλόροβον, ""club"", rarely used as ""sphepherd's staff"". This word was transliterated into Arabic as qulurubus, and hence into Latin as calurus. Then in Early Modern times, the derivation of calurus was mistakenly attributed to another Greek word: καλαῦροψ, ""shepherd's staff"". This erroneous word, in its turn, was transliterated into Latin, then Arabicized with the article al-, then its spelling corrupted, to become ""Alkalurops"", which was thereafter applied as a star name to μ Boo.",Latin,2016/08/21
Alnasl,HR 6746,88635,6746,γ2 Sgr,Sgr,"Applied in recent times from its late Arabic name al-nasl, ""the Point,"" in turn an abbreviation of the Arabic Almagest's nasl al-sahm, ""the Point of the Arrow.""",Arabic,2016/08/21
Alrescha,* alf Psc,9487,,α Psc,Psc,"From the pre-Islamic Arabian lunar mansion name al-risha', ""the Cord,"" for β And. Wrongly transferred to α Psc in recent times. According to a Arabic source, the pre-Islamic Arabian al-risha' included, in a larger sense, two curving lines of mostly dim stars in Andromeda and Pisces, meant to attach to the pre-Islamic Arabian al-dalw ""the Well Bucket"" (marked by today's Square of Pegasus). It is also possible that this ""cord"" was a remnant of the cord joining the two fish of the older Babylonian zodiac. Indeed, these stars of the cord were alternatively known by the pre-Islamic Arabians as al-hut, ""the Fish"" (a single fish), corresponding to what in other cultures was Pisces among the zodiacal signs (and according to this tradition, the Fish's brightest star, β And, was batn al-hut, ""the Fish's Belly"").",Arabic,2016/08/21
Alshain,HR 7602,98036,7602,β Aql,Aql,"Applied in recent times (with a misreading in the second word) from abbreviating the Persian asterism name shahin-i tarazu, ""the Scale Beam,"" for α, β and γ Aql. The Persian name, in turn, was a medieval translation of these stars' pre-Islamic Arabian name al-mizan, ""the Balance"" (said to be a popular name for the pre-Islamic Arabians al-nasr al-ti'ir listed under α Aql).",Persian,2016/08/21
Altais,HR 7310,94376,7310,δ Dra,Dra,"Applied in recent times from a misreading of the script for the Arabic constellation name al-tinnin, ""the Serpent,"" as it appeared incorrectly in a late Arabic star catalog, as part of the name for δ Dra. (The incorrect word, al-tais, is a real word in Arabic meaning ""the He-goat,"" however it was never used by the pre-Islamic Arabians in stellar nomenclature. Furthermore, in the same Arabic source, in the name of ε Dra [formed parallel to that of δ Dra], the word was correctly written al-tinnin.)",Arabic,2016/08/21
Alya,* tet Ser,92946,,θ1 Ser,Ser,"From the Arabic word alya, naming the fatty tail of a breed of Eastern sheep. In Early Modern times this word was erroneously proposed as the origin of Alioth, a Medieval Latin name for ε UMa. The erroneous ""Alya"" was applied as a star name to θ Ser in recent times.",Arabic,2016/08/21
Asterope,HR 1151,17579,1151,21 Tau,Tau,"These names were individually applied in Early Modern times from a family of characters in Greek mythology: Atlas, Pleione and their seven daughters, the Pleiades.",Greek,2016/08/21
Atlas,HR 1178,17847,1178,27 Tau,Tau,"These names were individually applied in Early Modern times from a family of characters in Greek mythology: Atlas, Pleione and their seven daughters, the Pleiades.",Greek,2016/08/21
Biham,HR 8450,109427,8450,θ Peg,Peg,"Applied in recent times from an abbreviation of the pre-Islamic Arabian name sa'd al-biham, for θ and ν Peg. A possible meaning for the name is ""the Lucky (Stars) of the Young Beasts [lambs, kids, and the like],"" but the exact historical connections are unknown.",Arabic,2016/08/21
Cebalrai,HR 6603,86742,6603,β Oph,Oph,"Applied in recent times from its pre-Islamic Arabian name kalb al-ra'i, ""the Shepherd's Dog"" (in other traditions α Her and 28/29 Cep are given the same name). This dog, together with the shepherd (marked by α Oph), and the two lines of stars enclosing the Pasture, and all the dim stellar sheep in that portion of the sky (al-ghanam or al-aghnam for the sheep), seem to form a complete group of pre-Islamic Arabian figures.",Arabic,2016/08/21
Celaeno,HR 1140,17489,1140,16 Tau,Tau,"These names were individually applied in Early Modern times from a family of characters in Greek mythology: Atlas, Pleione and their seven daughters, the Pleiades.",Greek,2016/08/21
Dabih,HR 7776,100345,7776,β1 Cap,Cap,"Applied in recent times from the pre-Islamic Arabian lunar mansion name sa'd aldhabih, for α and β Cap. Possible meanings for the name are ""the Lucky (Stars) of the Slaughterer,"" or, ""Sa'd, the Slaughtering One"" (this last using Sa'd as an unspecified proper name). However the exact historical connections are unknown.",Arabic,2016/08/21
Diphda,HR 188,3419,188,β Cet,Cet,"Applied in recent times from an abbreviation of its pre-Islamic Arabian name al-difdi' al-thani, ""the Second Frog"" (a PsA was the pre-Islamic Arabians' ""First Frog,"" al-difdi' al-awwal).",Arabic,2016/08/21
Dschubba,HR 5953,78401,5953,δ Sco,Sco,"Applied in recent times from an abbreviation of the name for the Arabic Almagest period jabhat al-'aqrab, ""the Scorpion's Forehead,"" for β, δ, and π Sco.",Arabic,2016/08/21
Electra,HR 1142,17499,1142,17 Tau,Tau,"These names were individually applied in Early Modern times from a family of characters in Greek mythology: Atlas, Pleione and their seven daughters, the Pleiades.",Greek,2016/08/21
Eltanin,HR 6705,87833,6705,γ Dra,Dra,"Applied in Early Modern times from the Arabic constellation name al-tinnīn, “the serpent”, for Draco.",Arabic,2016/08/21
Hadar,HR 5267,68702,5267,β Cen,Cen,"From some pre-Islamic Arabian name hadari (an untranslated proper name), for one of a pair of stars, the other one being al-wazn. Sci-A authors ventured to identify these stars as α/β Cen or α/β Col, but exactly what two stars were originally intended, and the significance of their names, is unknown. ""Hadar"" was arbitrarily applied to β Cen in recent times.",Arabic,2016/08/21
Homam,HR 8634,112029,8634,ζ Peg,Peg,"Applied in recent times from an abbreviation of the pre-Islamic Arabian name sa'd al-humam, for ζ and ξ Peg. A possible meaning for the name is ""the Lucky (Stars) of the Hero,"" but the exact historical connections are unknown.",Arabic,2016/08/21
Izar,HR 5506,72105,5506,ε Boo,Boo,"Applied in recent times from the Arabic word izwar, ""girdle"" or ""loin cloth"", being a later version of the original term al-mi)zar used in the Arabic Almagest in describing this star.",Arabic,2016/08/21
Kitalpha,HR 8131,104987,8131,α Equ,Equ,"Applied in recent times from the Arabic constellation name qit'at al-faras, ""the Section of the Horse,"" for Equuleus. Ptolemy had Ἵππου Προτομή, ""the First Half of the Horse,"" for the constellation, because it shows only half the figure (as with the constellations Taurus, Pegasus, and the Greek ship Argo).",Arabic,2016/08/21
Kornephoros,HR 6148,80816,6148,β Her,Her,"From the Greek word κορυνηφόρος, ""club-bearer"", mentioned in one Early Modern study as a name for the constellation Hercules. Properly it is of mythological rather than astronomical significance, for Ptolemy's constellation here was ""the Kneeler"", described without a club. ""Kornephoros"" was applied as a star name in recent times.",Greek,2016/08/21
Lesath,HR 6508,85696,6508,υ Sco,Sco,"The formation of this name begins with the Greek term ""(foggy) conglomeration,"" used by Ptolemy in the Tetrabiblos in describing several nebulous sky objects (in the present case, probably the open cluster M7). Ptolemy's term was translated by the Arabs as al-latkha, ""the Spot."" This word in turn became transliterated and corrupted in Medieval Latin to alascha, which was used in astrological texts in connection with Scorpius' tail. In Early Modern times, the derivation of alascha was erroneously attributed to the Arabic word las'a, ""sting, or bite (of a poisonous animal),"" rather than to al-latkha. Subsequently the erroneous word, written as ""Lesath,"" was applied as a star name to u Sco (and in recent times, also to λ Sco).",Arabic,2016/08/21
Matar,HR 8650,112158,8650,η Peg,Peg,"Applied in recent times from an abbreviation of the pre-Islamic Arabian name sa'd matar for η and o Peg. Its meaning is unknown. matar has been translated as ""rain,"" and as a common noun in Arabic, al-matar does mean ""the rain."" However, lack of the definitive article al- for the star points to a use of the word in a sense different from the common noun.",Arabic,2016/08/21
Menkent,HR 5288,68933,5288,θ Cen,Cen,"Applied in recent times and possibly coined from the Arabic word mankib, ""shoulder"" (in some recent transliterations: menkib; Ptolemy described this star on the right ""shoulder"" of the Centaur), plus the Latinized ""Kentaurus"" for the Arabic constellation name qanturis. Hence this name could be of similar construction to the abbreviation for α Cen: ""Rigil Kent.""",Arabic,2016/08/21
Mesarthim,* gam Ari,,,γ2 Ari,Ari,"The formation of this name begins with the Arabic lunar mansion name al-sharatan, for β and γ Ari. From the numerous medieval lists of the Arabic lunar mansions (all in Latin transliteration), the Early Modern scholar Johannes Bayer grasped the form Sartai, and used it for the three brighter stars α, β and γ Ari. Bayer also erroneously explained Sartai as from the Hebrew word mesharethim, ""servants"", rather than from al-sharatan. Subsequently, Bayer's erroneous word, written as ""Mesarthim"", was applied as a star name.",Arabic,2016/08/21
Mothallah,HR 544,8796,544,α Tri,Tri,"Applied in recent times from the Arabic constellation name al-muthallath, ""the Triangle,"" for Triangulum.",Arabic,2016/08/21
Muliphein,HR 2657,34045,2657,γ CMa,CMa,"The formation of this name begins with the Arabic names hadari and al-wazn. In Arabic discussions of these names it came to be said that they were muhlifan, meaning ""two [things] causing dispute [in this case as to these stars' identification] and the swearing of an oath"". From this usage, al-muhlifan was wrongly taken as a name for hadari and al-wazn together. Transliterated and further mutilated as ""Muliphein"", the name was arbitrarily applied to the single star γ CMa in recent times.",Arabic,2016/08/21
Naos,HR 3165,39429,3165,ζ Pup,Pup,"Applied in recent times from the word ναῦς, Greek for the ""ship"", used in one Early Modern discussion as a name for the ancient constellation Argo (since divided into Puppis, Carina, and Vela).",Greek,2016/08/21
Nashira,HR 8278,106985,8278,γ Cap,Cap,"Applied in recent times from the pre-Islamic Arabian name sa<d nashira, for γ and δ Cap. Its meaning is unknown. As originally applied, γ was ""Nashira Prima"" and δ was ""Nashira Posterior.""",Arabic,2016/08/21
Nekkar,HR 5602,73555,5602,β Boo,Boo,"Applied in recent times from a misreading of the Arabic constellation name al-baqqar, ""the Ox-driver"", for Boötes.",corrupted,2016/08/21
Nunki,HR 7121,92855,7121,σ Sgr,Sgr,"ᵐᵘˡNUN.KI or ᵐᵘˡNUNᴷᴵ  = the star or constellation of Eridu where Eridu is one of the first big cities known. Archealogical proofs date back to the 3rd millennium (Sumer). It is located at the southern coast of Mesopotamia. The identification of the star or asterism is highly uncertain: it is often identified with Canopus and adjacent areas or ""somewhere in Argo"". ᵐᵘˡNUN.KI is listed in MUL.APIN and there, it seems to refer to the area of Aquarius with unknown identification (Canopus not excluded) but the identification with other Babylonian texts seems to propose only in the northern part of modern Argo, i.e. Vela. The Euphratean name ""Nunki"" was mentioned and associated with Sigma Sgr in Robert Brown, Jr. (1892, Proceedings of the Society of Biblical Archaeology, Volume 14, p. 298; ""Nun-ki"", ""Prince-of-the-Earth""), and its use diffused through the 20th century after being mentioned in Richard Hinckley Allen's (Star Names, their lore and meaning, p. 359). The modern Nunki is, thus, not identical with the Sumerian one; it is one of the many misapplications.",Sumerian,2016/08/21
Pherkad,HR 5735,75097,5735,γ UMi,UMi,"Applied in recent times from the singular form of the pre-Islamic Arabian asterism name al-farqadan, ""the Two Calves,"" for β and γ UMi.",Arabic,2016/08/21
Proxima Centauri,GJ 551,70890,,α Cen,Cen,"Its recent Latin name meaning ""the Nearest"", as this component of the system is currently the nearest star to our solar system.",Latin,2016/08/21
Rastaban,HR 6536,85670,6536,β Dra,Dra,"Applied with various spellings since medieval times, from the name for the Arabic Almagest period ra's al-tinnin, ""the Serpent's Head,"" for γ Dra. Transferred to β Dra in recent times (originally Ptolemy had γ Dra on the ""head,"" and β more specifically on the ""eye"").",Arabic,2016/08/21
Ruchbah,HR 403,6686,403,δ Cas,Cas,"Applied in recent times from an abbreviation of its name for the Arabic Almagest period rukbat dhat al-kursiy, ""the Knee of the Lady of the Chair.""",Arabic,2016/08/21
Sabik,HR 6378,84012,6378,η Oph,Oph,"Applied in recent times from its pre-Islamic Arabian name al-sabiq, of uncertain meaning or connection. The name might mean literally ""the Preceding One"" or ""the One Arriving First in a Race"". Other sources give the name in the dualis form (for the two stars ζ and η Oph), and in the plural form (for more than two stars).",Arabic,2016/08/21
Sadachbia,HR 8518,110395,8518,γ Aqr,Aqr,"Applied in recent times from the Arabic lunar mansion name sa(d al-akhbiya, for γ, π, ζ and η Aqr. A possible meaning for the name is ""the Lucky (Stars) of the Tents"", but the exact historical connections are unknown.",Arabic,2016/08/21
Sadalbari,HR 8684,112748,8684,μ Peg,Peg,"Applied in recent times from the pre-Islamic Arabian name sa'd al-bari', for λ and μ Peg. A possible meaning for the name is ""the Lucky (Stars) of the Excelling One,"" but the exact historical connections are unknown.",Arabic,2016/08/21
Sadalmelik,HR 8414,109074,8414,α Aqr,Aqr,"Applied in recent times from the Arabic name sa(d al-malik, for α and ο Aqr. A possible meaning for the name is ""the Lucky (Stars) of the King"", but the exact historical connections are unknown.",Arabic,2016/08/21
Sadalsuud,HR 8232,106278,8232,β Aqr,Aqr,"Applied in recent times from the Arabic lunar mansion name sa(d al-su(ud, for β and ξ Aqr, and 46 Cap. A possible meaning for the name is ""the Luckiest of the Lucky (Stars)"", but the exact historical connections are unknown.",Arabic,2016/08/21
Sadr,HR 7796,100453,7796,γ Cyg,Cyg,"""Breast"" in Arabic",Arabic,2016/08/21
Sargas,HR 6553,86228,6553,θ Sco,Sco,"MUL.SHAR.GAZ, ""mul"" is the Sumerian designator for stars and constellations, ""Shargaz"" and ""Sharur"" are two weapons of Marduk (the city god of Babylon and highest god of the Babylonian pantheon after 1250 BCE). The line I ii 31-32 in MUL.APIN read: ""Two stars which stand in the sting of the Scorpion: Sharur and Shargaz"", so these star names have originally been given to the stars lambda and upsilon Sco. The Mesopotamian name ""Sargas"" was linked to the star Theta Sco by Robert Brown Jr. (1893; ""Euphratean Stellar Researches Part II."") and its subsequent mention in R. H. Allen's (1899) ""Star-names and Their Meanings"" popularized its subsequent use.",Sumerian,2016/08/21
Schedar,HR 168,3179,168,α Cas,Cas,"Applied with various spellings since medieval times, from the Arabic word al-sadr, ""the breast,"" used in the Arabic Almagest in describing this star.",Arabic,2016/08/21
Seginus,HR 5435,71075,5435,γ Boo,Boo,"The formation of this name begins with the Greek constellation name βοώτης (Boötes), which was transliterated and then corrupted in the manuscripts of the Arabic Almagest. One of these corruptions, in turn, was transliterated into Latin as theguius, which became further corrupted into cheguius, ceginus, etc. One form, Ceginus, was applied as a star name by late medieval times, and ""Seginus"" is its recent spelling.",Latin,2016/08/21
Sheliak,HR 7106,92420,7106,β Lyr,Lyr,"Applied in recent times from the Arabic constellation name al-salbaq, ""the Harp,"" for Lyra. salbaq was a Greek loanword in Arabia, and was one of three names of musical instruments used by the Arabics for Lyra. Still other names were alsulalfat, and al-lura.",Arabic,2016/08/21
Skat,HR 8709,113136,8709,δ Aqr,Aqr,"Applied with various spellings since medieval times, from the Arabic word al-saq, ""the shin"", used in the Arabic Almagest in describing this star.",Arabic,2016/08/21
Suhail,HR 3634,44816,3634,λ Vel,Vel,"Applied in recent times and representing an abbreviation of any of several composite pre-Islamic Arabian names (for example suhail al-wazn, suhail al-muhlif) that Arabic authors variously attributed to brighter stars in the region of suhail. A Vel was among these brighter stars. Some of the composite names may have been authentic pre-Islamic Arabian names for far-southern stars, with their true identities unknown to the more northern Arabs, while others of them were surely the creations of pre-Islamic Arabian poets.",Arabic,2016/08/21
Sulafat,HR 7178,93194,7178,γ Lyr,Lyr,"Applied in recent times from the Arabic constellation name al-sulabfat, ""the Tortoise,"" for Lyra, corresponding to the Greek image of a tortoise shell for the Lyre's soundboard.",Arabic,2016/08/21
Tarazed,HR 7525,97278,7525,γ Aql,Aql,"Applied in recent times (with a misreading) from abbreviating the Persian asterism name shanin-i tarazu, ""the Scale Beam"", for α, β and γ Aql. The Persian name, in turn, was a medieval translation of these stars' Arabic name al-mizan, ""the Balance"".",Persian,2016/08/21
Taygeta,HR 1145,17531,1145,19 Tau,Tau,"These names were individually applied in Early Modern times from a family of characters in Greek mythology: Atlas, Pleione and their seven daughters, the Pleiades.",Greek,2016/08/21
Unukalhai,HR 5854,77070,5854,α Ser,Ser,"Applied in recent times from its name for the Arabic Almagest period 'unuq al-hayya, ""the Serpent's Neck.""",Arabic,2016/08/21
Wasat,HR 2777,35550,2777,δ Gem,Gem,"From the Arabic word wasat, ""middle,"" used by a Arabic commentator who was speculating on the meaning of the pre-Islamic Arabian constellation name al-jauza'. Reference was made to al-jauza's being in the ""middle"" (wasat) of the sky (perhaps meaning the celestial equator). The reference was intended to apply to the pre-Islamic Arabian figure located in today's Orion, however it was under the constellation which is today Gemini that the reference appeared (note the confusion between Orion and Gemini mentioned under α Ori). Therefore, after  transliteration into Latin, it was in Gemini (to δ) that the word ""Wasat"" was arbitrarily applied as a star name in recent times.",Arabic,2016/08/21
Yildun,HR 6789,85822,6789,δ UMi,UMi,"From the Turkish word yildiz, ""star."" In Early Modern times this common noun was erroneously said to be a Turkish name for the Pole Star (α UMi). Misspelled as ""Yildun,"" the word was arbitrarily applied as a star name to δ UMi in recent times.",Arabic,2016/08/21
Zavijava,HR 4540,57757,4540,β Vir,Vir,"From a contraction of the pre-Islamic Arabian name zawiyat al-'awwa', ""the Angle of al-'awwa',"" for γ Vir. Wrongly transferred to β Vir in recent times. The stars β, η, γ, and ε Vir marked the pre-Islamic Arabian lunar mansion al-'awwa' (with γ in its ""angle""), but the meaning of al-'awwa' is unknown.",Arabic,2016/08/21
Zubenelgenubi,HR 5531,72622,5531,α2 Lib,Lib,"Applied in Early Modern times from its name for the Arabic Almagest period al-zubana al-janubi, the Southern Claw ( of the Scorpion)."" The stars of Libra were interpreted by the Baby!onians as ""the Claws of Scorpius"" (thus forming a much larger Scorpion), and alternatively (perhaps in a more recent stage) they were made an independent constellation, ""the Balance."" Both these conceptions lived on until the Greeks and, partly, the pre-Islamic Arabians. Previous to Greek influences, the pre-Islamic Arabians used the name al-zubanayan, ""the Two Claws ( of the Scorpion},"" for the lunar mansion marked by α and β Lib. (Ind-A al-zubanayan is obviously related etymologically to Babylonian zibanutu, but the latter, also marked by α and β Lib, meant ""the Balance""). Our modern name is occasionally seen abbreviated as Zuben'ubi"".",Arabic,2016/08/21
Zubeneschamali,HR 5685,74785,5685,β Lib,Lib,"Applied in Early Modern times from its name for the Arabic Almagest period al-zubana alshamali, ""the Northern Claw (of the Scorpion)"".",Arabic,2016/08/21
Acamar,* tet Eri,13847,,θ1 Eri,Eri,"From its name for the Arabic Almagest period akhir al-nahr, ""the River's End"". Applied in medieval times, and reapplied in recent times",Arabic,2016/07/20
Acrux,* alf Cru,60718,,α Cru,Cru,"A modern creation (1938) that is derived from Bayer's nomenclature by combining the ""A"" from the ""alpha"" in α Crucis and the Latin constellation name in the nominative case.",Contemporary,2016/07/20
Acubens,HR 3572,44066,3572,α Cnc,Cnc,"Applied with various spellings since medieval times, from the Arabic word al-zubana, ""the claw"", used in Ptolemy's Tetrabiblos in describing the stars α and ι Cnc. Otherwise, the same Arabic word was used for the ""claws"" of Scorpius.",Arabic,2016/07/20
Adhafera,HR 4031,50335,4031,ζ Leo,Leo,"From the name for the Arabic Almagest period al-dafira, ""the Lock of Hair,"" for the Coma Berenices cluster. Wrongly applied to zeta Leonis in recent times. Yet, misapplications of terms for the ""hairy"" cluster that is called ""Coma"" to the mane of the lion can be traced back to (at least) the 17th century.",Arabic,2016/07/20
Albireo,HR 7417,95947,7417,β Cyg,Cyg,"The formation of this name begins with Ptolemy's name for the constellation Cygnus - ὄρνις, ""the Bird"". The Arabs transliterated this name as urnis. The Medieval Latin translator of the Arabic Almagest, in turn, did not recognize any Greek word behind urnis (or whatever Arabic corruption he may have read), so he merely transliterated it into a form which appeared int he manuscripts variously as eurisim, eirisun, eirism, etc. In a note appended to this Medieval Latin constellation name for Cygnus, one Latin commentator ventured to derive it from the name of an aromatic herb he knew: ireus. This erroneous commentary read, in brief part: ""eirisim...ab ireo"", or, ""[the constellation name] eirisim...[coming] from [the word] ireus"". Apparently in one manuscript of the Latin Almagest, the final word of this commentary, ab ireo, were written on the next line below the constellation title, where the descriptions of the stars begin. Since the first star entered in the Almagest under the constellation Cygnus is β Cyg, the words ab ireo seem to have been confused as a name for this star. ""Arabicized"" with the insertion of the letter ""l"", ab ireo, written as ""Albireo"", was applied as a star name to β Cyg by Early Modern times.",Arabic,2016/07/20
Alderamin,HR 8162,105199,8162,α Cep,Cep,"Applied to α Cep since medieval times. The erroneous derivation understood since Early Modern times was from al-dhira (al-)yamin, ""the Right Forearm,"" an assumed Arabic descriptive term for α Cep. Firstly, in the Almagest, α Cep is described on the right ""shoulder"" (Arabic al-katif or al-mankib) of Cepheus, whereas no right ""forearm"" (al-dhira<) is described for the figure. Secondly, in Arabic, ""right forearm"" is spelled correctly as al-dhira al-yumna, which (in contrast to al-yamin) lacks assonance in the last syllable to Alderamin. Therefore, it is more likely that Alderamin is derived from the various medieval Christian abbreviations of muqaddam al-dhira<ain, ""the Preceding One of the Two Cubits, or Forearms,"" which was a name for the Arabic Almagest period (based on pre-Islamic Arabian) for α Gem. This would have been wrongly transferred to α Cep in medieval times.",Arabic,2016/07/20
Algieba,* gam Leo,50583,,γ1 Leo,Leo,"Applied in recent times from the pre-Islamic Arabian lunar mansion name al-jabha ""the Forehead,"" for ζ, γ, η, and α Leo, associated with the pre-Islamic Arabian asterism al-asad.",Arabic,2016/07/20
Algorab,HR 4757,60965,4757,δ Crv,Crv,"From an abbreviation of the name for the Arabic Almagest period janab al-ghurab, ""the Raven's Wing,"" for γ Crv. Transferred to δ Crv in Early Modern times (both γ and δ were on the Raven's wings in the Almagest).",Arabic,2016/07/20
Alhena,HR 2421,31681,2421,γ Gem,Gem,"Applied in recent times from the pre-Islamic Arabian lunar mansion name al-bana, possibly meaning ""the Mark on the Neck of a Camel,"" for γ and ξ Gem, or alternatively for γ, ξ, η, μ, and v Gem.",Arabic,2016/07/20
Almach,HR 603,9640,603,γ And,And,"The formation of this name begins with the Arabic name for this star: ʿanaq al-ard, ""the Caracal"" (a black-eared feline predator found in the Middle East). The Arabs also gave the name in short form as al-ʿanaq, which became transliterated into Medieval Latin as alamac. Later, the derivatin of alamac was erroneously attributed to the assumed Arabic word al-maq (properly al-muq) for ""the boot"" or ""buskin"", rather than to al-ʿanaq. Subsequently the erroneous word, as ""Almaak"" and later ""Almach"" was applied as a star name to γ And, mostly in astronomical works in English. Other, non-English works use the spelling ""Alamak"" derived directly from the Medieval Latin transliteration.",Arabic,2016/07/20
Alnair,HR 8425,109268,8425,α Gru,Gru,"Applied in recent times from an abbreviation of its late Arabic name al-nayyir min dhanab al-but, ""the Bright One from the Fish's Tail"" (where a l6th century Arabic astronomer had extended Ptolemy's Southern Fish [Piscis Austrinus] into what is today Grus). The form Al Na'ir was taken from a wrong transliteration (Al Na'ir) of the Arabic adjective al-nayyir, ""the Bright One.""",Arabic,2016/07/20
Alnilam,HR 1903,26311,1903,ε Ori,Ori,"Applied in recent times from the pre-Islamic Arabian asterism name al-nizam, ""the String of Pearls,"" for δ, ε, and ζ Ori.",Arabic,2016/07/20
Alnitak,* zet Ori,26727,,ζ Ori,Ori,"Applied in recent times from an abbreviation of the pre-Islamic Arabian asterism name nitaq al-jauza, ""the Belt (or Girdle) of al-jauza,"" for δ, ε, and ζ Ori.",Arabic,2016/07/20
Alphard,HR 3748,46390,3748,α Hya,Hya,"Applied in medieval times from its pre-Islamic Arabian name al-fard, ""the Solitary One,"" descriptive of this star's standing out among the surrounding dim stars. (See the same word in the plural, with ζ CMa.)",Arabic,2016/07/20
Alphecca,HR 5793,76267,5793,α CrB,CrB,"Applied in medieval times from the pre-Islamic Arabian asterism name al-fakka, for Corona Borealis. The Arabic name, from the root f-k-k, ""to separate, break up, etc.,"" apparently refers to this asterism's shape: an incomplete circle.",Arabic,2016/07/20
Aludra,HR 2827,35904,2827,η CMa,CMa,"Applied in recent times from the alternative Arabic asterism name al-(udhra, ""the Virginity"", and (udhrat aljauza), ""the Virginity [?] of al-jauza)"", for ε, δ, η and ο2 CMa. The name (udhrat al-jauza), by tying it with the nearly Arabic asterism al-jauza) (today's Orion), may have been an attempt to apply significance to the enigmatic and perhaps older name al-(udhra.",Arabic,2016/07/20
Alula Australis,* ksi UMa,55203,,ξ UMa,UMa,"Applied in recent times from their pre-Islamic Arabian name al-qafza al-ula, ""the First Leap"", and the Latin distinctions of ""northern"" and ""southern,"" respectively.",Arabic,2016/07/20
Alula Borealis,HR 4377,55219,4377,ν UMa,UMa,"Applied in recent times from their pre-Islamic Arabian name al-qafza al-ula, ""the First Leap"", and the Latin distinctions of ""northern"" and ""southern,"" respectively.",Arabic,2016/07/20
Ankaa,HR 99,2081,99,α  Phe,Phe,Applied in recent times from the modern Arabic constellation name al-'anqa' (a fabulous bird) for Phoenix.,Arabic,2016/07/20
Arneb,HR 1865,25985,1865,α Lep,Lep,"Applied in recent times from the Arabic constellation name al-arnab ""the Hare"", for Lepus.",Arabic,2016/07/20
Aspidiske,HR 3699,45556,3699,ι Car,Car,"Applied in recent times from the Greek word ἀσπιδίσκη, ""little shield"", used by Ptolemy in the Almagest in describing several stars in his constellation Argo, that were fixed to the ship for protection and decoration. Ptolemy's shields were in today's Puppis and Vela, but their identification was confused when Argo was divided into the modern Carina, Puppis, and Vela.",Greek,2016/07/20
Atria,HR 6217,82273,6217,α TrA,TrA,"Contraction of Bayer designation A(lpha) Tri(anguli) A(ustralis). The name is listed as ""Alpha Tri. Aust."" in 1951 American Nautical Almanac, but listed as ""Atria"" in 1952 version and subsequent versions.",Latin,2016/07/20
Avior,HR 3307,41037,3307,ε Car,Car,Invented for The Air Almanac of the HM Nautical Almanac Office,English,2016/07/20
Chara,HR 4785,61317,4785,β CVn,CVn,"Applied in Early Modern times from the Greek word χαρά, ""joy"", that was used by Hevelius in 1690 to name the southern dog (marked by α and β CVn) in his new constellation Canes Vanatici.",Greek,2016/07/20
Chertan,HR 4359,54879,4359,θ Leo,Leo,"Applied in recent times from one spelling of the pre-Islamic Arabian lunar mansion name al-khurtan, ""the Two Small Ribs (at or near the breast),"" for δ and θ Leo. The more common and apparently correct spelling of the lunar mansion name is al-kharatan, of unknown meaning.",Arabic,2016/07/20
Copernicus,HR 3522,43587,3522,55 Cnc,Cnc,"Nicolaus Copernicus or Mikolaj Kopernik (1473-1543) was a Polish astronomer who proposed the heliocentric model of the solar system in his book ""De revolutionibus orbium coelestium"".",Latin,2016/07/20
Cor Caroli,HR 4915,63125,4915,α2 CVn,CVn,"The name first appeared in 1673 on the northern half of a pair of celestial hemispheres that accompanied a book called Astroscopium by the English cartographer Francis Lamb. He labelled the star Cor Caroli Regis Martyris, a reference to the fact that King Charles I was beheaded, or ‘martyred’, as Lamb loyally put it (Charles had declared himself ‘martyr of the people’ at his execution).",Latin,2016/07/20
Cursa,HR 1666,23875,1666,β Eri,Eri,"Applied in recent times from an abbreviation of the pre-Islamic Arabian asterism name kursiy al-jauza' al-muqaddam, ""the Foremost footstool of aljauza' [today's Orion],"" for λ, β and ψ Eri, and τ Ori.",Arabic,2016/07/20
Elnath,HR 1791,25428,1791,β Tau,Tau,"From the pre-Islamic Arabian name al-naṭh, ""the Butting (with the horns),"" an alternative name for the 1st lunar mansion al-sharaṭān consisting of β and γ Ari (see β Ari). Some late Arabic authors also applied al-naṭh  as a star name to α Ari. In recent times the name, as “Nath,” was wrongly transferred to β Tau, and subsequently it was completed to “Elnath” (adding the Arabic definite article).",Arabic,2016/07/20
Enif,HR 8308,107315,8308,ε Peg,Peg,"Applied in medieval times, evidently from the Arabic word anf, ""nose"" (Ptolemy had described this star on the horse's ""muzzle""). However, Arabic sources do not mention anf for ε Peg, only other terms, hence the ultimate origin of ""Enif"" remains uncertain.",Arabic,2016/07/20
Furud,HR 2282,30122,2282,ζ CMa,CMa,"Ultimately from the Arabic word al-furud, ""the solitary ones"", used in an Arabic poet's allusion to anonymous ""solitary stars"" around some star hadari. The word was not intended as a name for specific stars as some later Arabic authors supposed. The attempted identity of the ""al-furud"" stars, like their companion hadari, was variously attributed to stars in today's Centaurus and Columba. The latter stars were included under Canis Maior in the Almagest, leading, in recent times, to the confused assignment of the erroneous ""Furud"".",Arabic,2016/07/20
Gacrux,HR 4763,61084,4763,γ Cru,Cru,"Contraction of Gamma and Crux, appearing in the 1940s.",Contemporary,2016/07/20
Gomeisa,HR 2845,36188,2845,β CMi,CMi,"From the pre-Islamic Arabian surname al-ghumaisa', ""the Little Bleary-eyed One ('with a filthy fluid in the corner of the eye'),"" for α CMi. Wrongly transferred to β CMi in recent times. The original significance of the surname is unknown. Perhaps as an attempt to explain the significance of al-ghumaisa', as well as that of the surname al-<abur, ""the One Having Crossed Over [a river, etc.],"" for α CMa, an Arabic fable developed associating these and other equally enigmatic star names. According to one version of the  fable, al-ghumaisa and ai-'abur were sisters, and their brother was suhail (α Car). Suhail, in turn, was the suitor of al-jauza' (the feminine pre-Islamic Arabian figure in place of Orion). In coitus, suhail broke the spine of al-jauza', thus killing her, after which suhail fled south. He was followed by his sister al-'abur who ""crossed over"" the Milky Way (where the two stars now lie in the southern sky). Meanwhile suhail's second sister, al-ghumaisa, was left alone north of the Milky Way, weeping, until her ""eyes became bleary."" (The pre-Islamic Arabian name for α CMa was al-shi'ra, of unknown meaning. Apparently it was developed into a dualis form, al-shi'rayan, to accomodate both α CMa and α CMi, with the aforementioned ""surnames"" distinguishing the two.)",Arabic,2016/07/20
Hamal,HR 617,9884,617,α Ari,Ari,"Applied in recent times from the Arabic constellation name, al-hamal, ""the Lamb"", for Aries. al-hamal seems to belong to those zodiacal constellation names already known in Arabic times.",Arabic,2016/07/20
Kaus Australis,HR 6879,90185,6879,ε Sgr,Sgr,"Arbitrarily applied in recent times, together with the Latin distinctions of ""middle,"" ""southern,"" and ""northern"" (for λ Sgr), from the pre-Islamic Arabian (and later Arabic) constellation name al-qaus, ""the Bow."" For the pre-Islamic Arabians, al-qaus was marked by the curved line of stars ξ2, o, π, d, ρ and u Sgr (corresponding to what in other cultures was Sagittarius among the zodiacal signs). The Arabics used the indigenous name for the Greeks' Archer, alternatively translated as al-rami.",Arabic,2016/07/20
Kaus Borealis,HR 6913,90496,6913,λ Sgr,Sgr,"Arbitrarily applied in recent times, together with the Latin distinctions of ""middle,"" ""southern,"" and ""northern"" (for λ Sgr), from the pre-Islamic Arabian (and later Arabic) constellation name al-qaus, ""the Bow."" For the pre-Islamic Arabians, al-qaus was marked by the curved line of stars ξ2, o, π, d, ρ and u Sgr (corresponding to what in other cultures was Sagittarius among the zodiacal signs). The Arabics used the indigenous name for the Greeks' Archer, alternatively translated as al-rami.",Arabic,2016/07/20
Kaus Media,HR 6859,89931,6859,δ Sgr,Sgr,"Arbitrarily applied in recent times, together with the Latin distinctions of ""middle,"" ""southern,"" and ""northern"" (for λ Sgr), from the pre-Islamic Arabian (and later Arabic) constellation name al-qaus, ""the Bow."" For the pre-Islamic Arabians, al-qaus was marked by the curved line of stars ξ2, o, π, d, ρ and u Sgr (corresponding to what in other cultures was Sagittarius among the zodiacal signs). The Arabics used the indigenous name for the Greeks' Archer, alternatively translated as al-rami.",Arabic,2016/07/20
Kochab,HR 5563,72607,5563,β UMi,UMi,"Applied to β UMi in Early Modern times and of uncertam derivation. It is probably from one of the names Alrucaba, Rucaba, etc., that were first applied to θ UMa, then to α UMi, in medieval times. However, the name may also be from the Arabic word kaukab, or the Hebrew word kokhabh, both meaning ""star.""",Arabic,2016/07/20
Maia,HR 1149,17573,1149,20 Tau,Tau,"These names were individually applied in Early Modern times from a family of characters in Greek mythology: Atlas, Pleione and their seven daughters, the Pleiades.",Greek,2016/07/20
Mebsuta,HR 2473,32246,2473,ε Gem,Gem,"From an abbreviation of the pre-Islamic Arabian asterism name dhira' al-asad almabsuta, ""the Lion's Outstretched Paw,"" for one of the two pairs α/β Gem or α/β CMi. These pairs were assigned to the larger pre-Islamic Arabian asterism al-asad, but there is no unanimity in the Arabic sources as to which pair was the ""outstretched"" or ""folded"" paw. ""Mebsuta"" was arbitrarily applied as a star name to ε Gem in recent times. In its indigenous location stretching from parts of Gemini all the way into Virgo, the pre-Islamic Arabian al-asad, ""the Lion,"" corresponded to what in other cultures was Leo among the zodiacal signs. Subsequently the Arabs used the indigenous name for the smaller Greek Lion (Leo).",Arabic,2016/07/20
Meissa,HR 1879,26207,1879,λ Ori,Ori,"From the pre-Islamic Arabian name al-maisan, for either γ or ξ Gem. The meaning of the name is uncertain. It may mean ""the Sparkling One,"" referring to a star, or ""the Proudly Marching One,"" referring to a person. Together, γ and ξ Gem composed the pre-Islamic Arabian 6th lunar mansion alhan'a. The nearby stars λ, ϕ1, and ϕ2 Ori composed the adjacent 5th lunar mansion al-haq'a. Due to confusion between these two parent lunar mansions in a late Arabic source, ""Meissa"" was wrongly applied to λ Ori (rather than to γ or ξ Gem) in recent times. ""Meissa"" (without n at the end) corresponds to pre-Islamic Arabian almaisa', a variant form of al-maisan.",Arabic,2016/07/20
Menkalinan,HR 2088,28360,2088,β Aur,Aur,"Applied in recent times from its Arabic name mankib dhi l-(inan, ""the Shoulder of the Reinholder"".",Arabic,2016/07/20
Merope,HR 1156,17608,1156,23 Tau,Tau,"These names were individually applied in Early Modern times from a family of characters in Greek mythology: Atlas, Pleione and their seven daughters, the Pleiades.",Greek,2016/07/20
Miaplacidus,HR 3685,45238,3685,β Car,Car,"Applied in recent times, and of unknown astronomical significance. The first element, Mia-, is unexplained. The second element is the Latin adjective placidus, meaning ""calm, gentle"" (here in the masculine form).",Latin,2016/07/20
Mimosa,HR 4853,62434,4853,β Cru,Cru,"Applied in recent times, and of unknown astronomical significance. It is from the Latin word mimus, ""an actor"", and is otherwise known as the genus name for certain tropical plants.",Latin,2016/07/20
Mintaka,HR 1852,25930,1852,δ Ori,Ori,"Applied in recent times from an abbreviation of the pre-Islamic Arabian (and Arabic) asterism name mintaqat al-jauza', ""the Belt (or Girdle) of al-jauza'"", for δ, ε, and ζ Ori.",Arabic,2016/07/20
Mirfak,HR 1017,15863,1017,α Per,Per,"Applied in recent times from an abbreviation of its pre-Islamic Arabian name mirfaq al-thurayya, ""the Elbow of the Pleiades,"" for its location in the pre-Islamic Arabian asterism here.",Arabic,2016/07/20
Mirzam,HR 2294,30324,2294,β CMa,CMa,"Applied in recent times from its Arabic name al-mirzam, of unknown meaning. The Arabs also gave the name to β CMi, and sometimes to γ Ori. Each al-mirzam star preceded the rising of a brighter star (our Sirius, Procyon, and Betelgeuse, respectively), which probably connects to the unknown meaning.",Arabic,2016/07/20
Muscida,HR 3323,41704,3323,ο UMa,UMa,"Almagestum 1515: ""illa quae est supra extremitatem Musciae"" - Bayer (1603) ""in naso, barbaris muscida."" - attributed to ""Barbarians""",Latin,2016/07/20
Nihal,HR 1829,25606,1829,β Lep,Lep,"Applied in recent times from the pre-Islamic Arabian asterism name al-nihal ""the Camels Beginning to Quench Their Thirst"" for α, β, γ and δ Lep.",Arabic,2016/07/20
Peacock,HR 7790,100751,7790,α Pav,Pav,Invented for The Air Almanac of the HM Nautical Almanac Office,English,2016/07/20
Phact,HR 1956,26634,1956,α Col,Col,"Applied in recent times from the Arabic word fakhita, ""ring dove,"" used in connection with the constellation Cygnus in a Early Modern discussion of Arabic bird names.",Arabic,2016/07/20
Phecda,HR 4554,58001,4554,γ UMa,UMa,"Applied in recent times from an abbreviation of its name for the Arabic Almagest period fakhidh al-dubb al-akbar, ""the Thigh of the Greater Bear.""",Arabic,2016/07/20
Porrima,HR 4825,61941,4825,γ Vir,Vir,"The name of a Roman goddess, one of several mythological names mentioned in connection with the constellation Virgo. Applied as a star name in recent times.",Latin,2016/07/20
Propus,HR 2216,29655,2216,η Gem,Gem,"Applied in Early Modern times from the Greek word πρόπους, ""forward foot"", used by Ptolemy in the Almagest in describing this star.",Greek,2016/07/20
Rasalhague,HR 6556,86032,6556,α Oph,Oph,"Applied with various spellings since medieval times, from its name for the Arabic Almagest period ra's al-ḥawwa', ""the Head of the Serpent Collector.""",Arabic,2016/07/20
Rukbat,HR 7348,95347,7348,α Sgr,Sgr,"Applied in recent times from an abbreviation of its name for the Arabic Almagest period rukbat al-rami, ""the Archer's Knee"".",Arabic,2016/07/20
Saiph,HR 2004,27366,2004,κ Ori,Ori,"From an abbreviation of the Arabic asterism name saif al-jabbar, the Giant's Sword,"" for η, c, θ, and ι Ori. Wrongly applied as a star name to κ Ori in recent times.",Arabic,2016/07/20
Shaula,HR 6527,85927,6527,λ Sco,Sco,"The Arabic lunar mansion ""Al Shaula"" (""the sting"") refers to the pair Lambda and Upsilon Sco (Al Sufi), the two stars that have been called ""the sting of the Scorpion"" even in MUL.APIN (I ii 31-32) but with different proper names there. ""Shaula"" appeared more in early modern literature for the pair of stinger stars after Hyde's (1665) translation of Ulugh Beg, and specifically for Lambda Sco after Piazzi's (1814) Palermo Catalog.",Sumerian,2016/07/20
Sheratan,HR 553,8903,553,β Ari,Ari,"Applied in recent times from the Arabic lunar mansion name al-shara-tan, for β and γ Ari. The name means ""two"" of something, but the complete meaning is uncertain. Some Arabic authors suggested that it meant ""the Two Signs"", implying these stars as some kind of celestial indicator; others assumed it meant ""the Two Horns"", referring to the Arabic figure of al-hamals here.",Arabic,2016/07/20
Talitha,HR 3569,44127,3569,ι UMa,UMa,"Applied in recent times from an abbreviation of the pre-Islamic Arabian name alqafza al-thalitha, ""the Third Leap,"" for ι and κ UMa. This pair, with the pairs λ/μ and v/ξ UMa, composed the pre-Islamic Arabian asterism qafazat al-ziba', ""the Leaps of the Gazelles,"" imagined as the tracks left by those animals. In some later tradition, qafazat al-ziba' and adjacent asterisms were associated in a fable, where several gazelles leaped away from the Lion into a pond, leaving their tracks behind.",Arabic,2016/07/20
Tania Australis,HR 4069,50801,4069,μ UMa,UMa,"Applied in recent times from their pre-Islamic Arabian name al-qafza al-thaniya, ""the Second Leap"", and the Latin distinctions of ""northern"" and ""southern,"" respectively.",Arabic,2016/07/20
Tania Borealis,HR 4033,50372,4033,λ UMa,UMa,"Applied in recent times from their pre-Islamic Arabian name al-qafza al-thaniya, ""the Second Leap"", and the Latin distinctions of ""northern"" and ""southern,"" respectively.",Arabic,2016/07/20
Tonatiuh,HR 4609,58952,4609,,Cam,Tonatiuh was the Aztec god of the Sun.,Aztec,2016/07/20
Vindemiatrix,HR 4932,63608,4932,ε Vir,Vir,"The formation of this name begins with the classical Greek name for this star: Protrygeter (""the Grape Gatherer"") as it is given in the Almagest: ὁ βόρειος αὐτῶv καὶ καλούμενος Προτρυγητήρ. The Romans translated this name as vindemiator and other similiar masculine forms. Similarly, after a somewhat erroneous translation of the Greek name by the Arabs, the Medieval Latin translation in the Almagest was precedens vindemiatorem, ""the One preceding the Grape Gatherer"", modified in some editions of the Alphonsine Tables into precedens vindemitorem. The exact origin of the current, feminine ""Vindemiatrix"" from any of these forms is uncertain, but it first appeared in Early Modern times.",Latin,2016/07/20
Wazn,HR 2040,27628,2040,β Col,Col,"Applied in recent times from some pre-Islamic Arabian name al-wazn, of unknown significance.",Arabic,2016/07/20
Wezen,HR 2693,34444,2693,δ CMa,CMa,"From the Arabic name al-wazn, for one of a pair of stars, the other one being hadari. Arabic authors ventured to identify these stars as α/β Cen or α/β Col, but exactly what two stars were originally intended, and the significance of their names, is unknown. As a common noun in Arabic, al-wazn means ""the weight"". ""Wezen"" was arbitrarily applied to δ CMa in recent times.",Arabic,2016/07/20
Zaurak,HR 1231,18543,1231,γ Eri,Eri,"From the Arabic word zauraq, ""boat,"" used in an unaginat1ve, nonclassical description of several stars near Eridanus (evidently the stars of today's Phoenix). Arbitrarily applied as a star name toy Eri in recent times.",Arabic,2016/07/20
Zosma,HR 4357,54872,4357,δ Leo,Leo,"From the Greek word ζῶσμα, ""girdle"" or ""loin cloth"". In Early Modern times this word was erroneously said to have been used to describe δ Leo in a medieval Greek text. Correctly, the text has ὀσφῦς, ""hip"" or ""lower back"" (after Ptolemy). The name ""Zosma"" (transliterated from the erroneous Greek word) was applied in recent times.",Greek,2016/07/20
Achernar,HR 472,7588,472,α Eri,Eri,"Arabic name آخر النهر (āḫiru ʾn-nahr) meaning, the End of the River; originally used for θ Eri that was considered the end of the river in the ancient star catalog (Almagest).The name was transferred to α Eri in the Early Modern Era when the constellation was extended south to this new terminus.",Arabic,2016/06/30
Alcor,HR 5062,65477,5062,80 UMa,UMa,"Ultimately from the pre-Islamic Arabian name al-jaun, for ε UMa, which was transliterated and eventually corrupted in Latin to ""Alcor."" The name was wrongly transferred to 80 UMa in Early Modern times.",Arabic,2016/06/30
Alcyone,HR 1165,17702,1165,η Tau,Tau,"These names were individually applied in Early Modern times from a family of characters in Greek mythology: Atlas, Pleione and their seven daughters, the Pleiades.",Greek,2016/06/30
Aldebaran,HR 1457,21421,1457,α Tau,Tau,"Applied in the early Islamic period from its pre-Islamic Arabian name al-dabaran, possibly meaning ""the Follower,"" alternatively used as the lunar mansion name for all the Hyades (or again for α Tau alone). The name is thought to refer to this star's following the Pleiades across the sky, or to the Hyades (or α Tau) coming after the Pleiades as a lunar mansion. ""Aldebaran"" is one of the oldest Arabic star names applied in the West, from the end of the 10th century A.D.",Arabic,2016/06/30
Algenib,HR 39,1067,39,γ Peg,Peg,"From the name for the Arabic Almagest period al-janb, ""the Side,"" for α Per. Wrongly transferred to γ Peg in Early Modern times.",Arabic,2016/06/30
Algol,HR 936,14576,936,β Per,Per,"Applied in medieval times from an abbreviation of its name for the Arabic Almagest period ras al-ghul ""the Demon's Head"" (for Ptolemy's Gorgon-head). ""Algol"" is one of the oldest Arabic star names applied in the West, from the end of the 10th century A.D.",Arabic,2016/06/30
Alioth,HR 4905,62956,4905,ε UMa,UMa,"Ultimately from its pre-Islamic Arabian name al-jaun, ""the Black Horse, or Bull,"" which became corrupted even in Arabic sources (where some of the corruptions carried other meanings). For example, in the Arabic manuscript of the Almagest that was translated into Latin in 1175 A.D., this name of ε UMa had apparently been miswritten as al-jauza or al-jauza (the latter being identical to the name for the Arabic Almagest period for Orion and Gemini). Whatever was read in this Arabic manuscript was transliterated into Latin as alioze. In subsequent Latin copies, this name was further corrupted to aliore, Alcor, Alioth, etc. Since late medieval times, ""Alioth"" became the preferred name for ε UMa.",Arabic,2016/06/30
Aljanah,HR 7949,102488,7949,ε Cyg,Cyg,"The star used to be commonly named Gienah (cf. Kunitzsch and Smart 2006, Allen 1899) which derives from Arabic al-Janāḥ, The Wing, based on Almagest translations. WGSN adopted the original Arabic word instead of the corrupted one.",Arabic,2016/06/30
Alkaid,HR 5191,67301,5191,η UMa,UMa,"Applied with various spellings since medieval times, from its pre-Islamic Arabian name al-qa'id, ""the Leader"" (probably as leader of the Daughters of the Bier).",Arabic,2016/06/30
Alpheratz,HR 15,677,15,α And,And,"The specific origin of this name is unclear. It may represent a transfer from β Peg, where alferaz and other variants were applied in medieval times as abbreviations for β Peg's Arabic name mankib al-faras, ""the Horse's Shoulder"". Or, it may be from an abbreviation of the name alpheraz id est equus, ""alpheraz, that is, the Horse"", which was applied directly to α And also in medieval times. In any case, Medieval Latin authors confused these two names, their spellings, and their identifications, and the modern application of ""Alpheratz"" to α And comes down to us from late medieval times.",Arabic,2016/06/30
Altair,HR 7557,97649,7557,α Aql,Aql,"Applied with various spellings since medieval times, from an abbreviation of its Arabic name al-nars al-ta)ir, ""the Flying Eagle (or Vulture)"", alternatively used as an asterism name for α, β and γ Aql. The name has probable origins among the Babylonians and Sumerians, for whom α Aql was ""the Eagle Star"".",Arabic,2016/06/30
Antares,HR 6134,80763,6134,α Sco,Sco,"From its ancient Greek name ἀντάρης, ""like Ares"", likening the red colour of this star to its planetary namesake (the Roman Mars), name occurs in the Almagest. Possibly the Greek name goes back to a Sumerian precursor AN.TA.GUB (as suggested by Horowitz).",Greek,2016/06/30
Arcturus,HR 5340,69673,5340,α Boo,Boo,"From its ancient Greek name Ἀρκτοῦρος, ""the Guard, or Guardian"". Reapplied in Early Modern times. As the Greek word  Άρκτος, ""bear,"" also came to mean ""north,"" the meaning can ambiguously be ""Guardian of the North"" and ""Guardian of the Bear"", referring to the nearby constellation Ursa Major.",Greek,2016/06/30
Bellatrix,HR 1790,25336,1790,γ Ori,Ori,"A Latin name meaning ""the Female Warrior"", given to α Aur in a medieval astrological text (the reason behind this initial application is not fully understood and awaits further findings in corresponding Arabic texts). In late medieval times, bellatrix was transferred to γ Ori, perhaps by association with the name Bellator, ""the Male Warrior"", which was used for Orion in other astrological texts.",Latin,2016/06/30
Betelgeuse,HR 2061,27989,2061,α Ori,Ori,"Applied with varied spellings since medieval times, from its pre-Islamic Arabian name yad al-jauza', ""the Hand of al-jauza'"" (The first medieval transliteration into Latin was bedalgeuze, mistaking the initial Arabic letter as ""b"" instead of ""y."" In Early Modern times this corruption was erroneously attributed to the assumed Arabic word ""bat"" [properly ibt], for ""the Armpit"" of al-jauza', giving rise to the corruption  Betelgeuse"" seen today. Thus by Early Modern times both the ""y"" and ""d"" of the first part of the pre-Islamic Arabian name had become corrupted.) The pre-Islamic Arabian asterism al-jauza' was a feminine figure represented in the stars of what is today Orion. The origin of its name is unclear (as with nearly all of the ancient group of pre-Islamic Arabian names). The root jwz can mean ""middle,"" and the word al-jauza' is structured as a feminine adjective, thus al-jauza' may mean ""the female one, having something about her related to the middle."" There have been different speculations as to what the ""middle"" reference, if that is what it is, could be (for one example). The pre-Islamic Arabians' al-jauza' corresponded to what in other cultures was Gemini among the zodiacal signs. The Arabics subsequently used the indigenous name for both the Greek Orion and Twins, leading to some confusion in star names between the two constellations. An alternative name for the Arabic Almagest period for Orion was al-jabbar, ""the Giant"" and for Gemini, al-taw'aman, ""the Twins.""",Arabic,2016/06/30
Canopus,HR 2326,30438,2326,α Car,Car,"From its ancient Greek name Κάνωβος (Ptolemy's spelling), an untranslated proper name that was introduced rather late into Greek astronomy (perhaps in the 2nd century BCE). There seem to be Egyptian influences in the name's development. Reapplied in Early Modern times.",Greek,2016/06/30
Capella,HR 1708,24608,1708,α Aur,Aur,"Its ancient Roman name meaning ""the She-goat"" (but more commonly given, in antiquity, as Capra), after the star's Greek name αίξ, ""the Goat"". Reapplied in recent times. The Roman names Capella, Aselli (for γ/ δ Cnc), and others in the diminutive form (also in Greek), are likely meant to indicate an atypical use of words, as an animal's name given to a star instead of to the animal (rather than meaning ""small"" animals or personages).",Latin,2016/06/30
Caph,HR 21,746,21,β Cas,Cas,"Applied in recent times from an abbreviation of its pre-Islamic Arabian name al-kaff al-khadib ""the Stained Hand,"" alternatively and more correctly used for all the brighter stars of today's Cassiopeia (probably α, β, γ, δ, and ε). The pre-Islamic Arabian figure here represented a hand with its finger-tips stained reddish-brown in the traditional Eastern way using henna leaves. al-kaff al-khatdib, in turn, was part of the larger pre-Islamic Arabian asterism kaff althurayya al-yumna al-mabsuta, ""the Outstretched Right Hand of the Pleiades."" The latter extended from today's Taurus through Perseus into Cassiopeia. A second hand (the Pleiades were a ""head"" from which two arms or hands radiated) was al-kaff al-jadhma', ""the Amputated Hand,"" in today's Cetus.",Arabic,2016/06/30
Castor,HR 2891,36850,2891,α Gem,Gem,"From its ancient Greek name Κάστωρ, a character in Greek mythology, the twin of Pollux (β Gem). Reapplied in Early Modern times.",Greek,2016/06/30
Deneb,HR 7924,102098,7924,α Cyg,Cyg,"""Tail"" in Arabic",Arabic,2016/06/30
Denebola,HR 4534,57632,4534,β Leo,Leo,"Applied with various spellings since medieval times, from its name for the Arabic Almagest period dhanab al-asad, ""the Lion's Tail.""",Arabic,2016/06/30
Dubhe,HR 4301,54061,4301,α UMa,UMa,"Applied in medieval times from the Arabic constellation name al-dubb, ""the Bear,"" for Ursa Major. The spelling in the oldest sources was edubh (corresponding to the Arabic noun with the article al prefixed as e).  Afterwards, by corruption, the initial e was transferred to the end of the word: dubhe.",Arabic,2016/06/30
Megrez,HR 4660,59774,4660,δ UMa,UMa,"Applied in recent times from an abbreviation of its name for the Arabic Almagest period maghriz al-dubb al-akbar, ""the Root (of the tail) of the Greater Bear.""",Arabic,2016/06/30
Menkar,HR 911,14135,911,α Cet,Cet,"From the Arabic word al-minkhar, ""the nostrils,"" used in the Arabic Almagest in describing λ Cet. Wrongly applied as a star name to α Cet (properly on the ""jaw"") in a Medieval Latin star table.",Arabic,2016/06/30
Merak,HR 4295,53910,4295,β UMa,UMa,"Applied in recent times from an abbreviation of its name for the Arabic Almagest period maraqq al-dubb al-akbar, ""the Flank (or Groin) of the Greater Bear.""",Arabic,2016/06/30
Mira,HR 681,10826,681,ο Cet,Cet,"Its Latin name since Early Modern times meaning ""the Amazing One"", as taken from Historiola Mirae Stellae - the title of a work describing the amazing variability of this star (written by Hevelius in 1662).",Latin,2016/06/30
Mirach,HR 337,5447,337,β And,And,"Ultimately from the Arabic word al-mi)zar, ""the girdle"" or ""loin cloth"", used in the Arabic Almagest in describing this star. The correct transliteration of the word in the Medieval Latin Almagest was mizar, which was occasionally misspelled as mirac, mirat, etc. These corruptions, taken as proper names for β And, were correctly attributed to al-mi)zar by Early Modern scholars. Subsequently one of the misspellings, ""Mirach"", gained more popularity over the correct ""Mizar"", to beome the preferred modern name.",Arabic,2016/06/30
Mizar,HR 5054,65378,5054,ζ UMa,UMa,"Ultimately from the Arabic word al-maraqq, ""the Groin,"" used in the Arabic Almagest in describing β UMa. Correct transliterations of almaraqq in the Medieval Latin Almagest were mirac and mirach. However, Early Modern scholars confused these words with the Arabic word mi'zar, which had equally been transliterated and corrupted in Latin as mirac, mirach, etc. Subsequently the mistaken mi'zar, written as ""Mizar,"" was applied as a star name to β UMa, and it became transferred to ζ UMa in late Early Modern times.",Arabic,2016/06/30
Pleione,HR 1180,17851,1180,28 Tau,Tau,"These names were individually applied in Early Modern times from a family of characters in Greek mythology: Atlas, Pleione and their seven daughters, the Pleiades.",Greek,2016/06/30
Polaris,HR 424,11767,424,α UMi,UMi,"A Latin adjective meaning ""of the pole"" (related to the noun polus, ""the pole""). Applied as a star name to α UMi in Early Modern times, it reflects the star's temporary proximity to the north celestial pole.",Latin,2016/06/30
Procyon,HR 2943,37279,2943,α CMi,CMi,"From its ancient Greek name Προκύων, ""the One Preceding the Dog"", referring to its rising shortly before the ""Dog Star"", Sirius. Reapplied in Early Modern times.",Greek,2016/06/30
Rasalgethi,* alf Her,84345,,α1 Her,Her,"Applied with various spellings since medieval times, from its name for the Arabic Almagest period ra's al-jathi, ""the Kneeler's Head.""",Arabic,2016/06/30
Regulus,HR 3982,49669,3982,α Leo,Leo,"The name is a Latin translation of the ancient Greek name for this star: βασιλίσκος, ""the (little) King"" or ""the Kingly One"", which is a translation of the Sumerian name of the star: LUGAL (The King). The Romans, following the Greeks, called the star stella regia, ""the Royal Star"". Later, the Medieval Latin Almagest, translating from the Arabic (where in one version the original Greek diminutive had been lost), had rex, ""the King"". The form ""Regulus"" (again, the [little] King"") first appears in 1522, obviously formed by some Early Modern scholar after the Greek diminutive name.",Latin,2016/06/30
Rigel,HR 1713,24436,1713,β Ori,Ori,"From an abbrevation of its pre-Islamic Arabian (and Arabic) name rijl al-jauza', the Foot of al-jauza'."" ""Rigel"" is one of the oldest Arabic star names applied in the West, from the end of the 10th century A.D.",Arabic,2016/06/30
Scheat,HR 8775,113881,8775,β Peg,Peg,"From the Arabic word al-saq, ""the shin,"" used in the Arabic Almagest in describing δ Aqr. Wrongly transferred as a star name to β Peg in late medieval times.",Arabic,2016/06/30
Sirius,HR 2491,32349,2491,α CMa,CMa,"From its ancient Greek name Σείριος, ""the Scorching one"", or ""Brilliant One"", appropriate for this brightest of the fixed stars. Reapplied in Early Modern times.",Greek,2016/06/30
Spica,HR 5056,65474,5056,α Vir,Vir,"Its ancient Roman name meaning ""the Ear of Grain"", after the star's Greek name στάχυς of identical meaning (in turn having obvious origins among the Babylonians and Sumerians). Reapplied in Early Modern times.",Latin,2016/06/30
Thuban,HR 5291,68756,5291,α Dra,Dra,"The formation of this name begins with the name for the Arabic Almagest period for γ Dra: ra's al-tinnin, ""the Serpent's Head."" In medieval times this was transliterated into Latin as raztaben, rahtaben, razcaben, and several other corruptions (eventually leading to the name for β Dra). By Early Modern times the form Rastaben had appeared, and this name was erroneously attributed, in its last part, to the Arabic word thu'ban, ""serpent"", rather than to al-tinnin (subsequently thu<ban was wrongly regarded as a name for the Arabic Almagest period for the constellation Draco). Finally in recent times, the erroneous word, written as ""Thuban,"" was applied as a star name to α Dra.",Arabic,2016/06/30
Vega,HR 7001,91262,7001,α Lyr,Lyr,"Applied in medieval times from an abbreviation of its pre-Islamic Arabian name alnasr al-waqi', ""the Swooping Eagle (or Vulture),"" alternatively used as an asterism name for α, ε, and ζ Lyr. ""Vega"" is one of the oldest Arabic star names applied in the West, from the end of the 10th century A.D.",Arabic,2016/06/30
Ain,HR 1409,20889,1409,ε Tau,Tau,"From an abbreviation of the name for the Arabic Almagest period ain al-thaur ""the Bull's Eye,"" for a Tau. Applied to ε Tau in recent times (Ptolemy had α Tau the southern eye, and ε  Tau on the northern eye).",Arabic,2015/12/15
Cervantes,HR 6585,86796,6585,μ Ara,Ara,"Miguel de Cervantes Saavedra (1547-1616) was a famous Spanish writer and author of ""El Ingenioso Hidalgo Don Quixote de la Mancha"".",Spanish,2015/12/15
Chalawan,HR 4277,53721,4277,47 UMa,UMa,Chalawan is a mythological crocodile king from a Thai folktale.,Thai,2015/12/15
Edasich,HR 5744,75458,5744,ι Dra,Dra,"Applied in recent times from its pre-Islamic Arabian name al-dhikh, ""the Male Hyena.""",Arabic,2015/12/15
Errai,HR 8974,116727,8974,γ Cep,Cep,"Applied in recent times from its pre-Islamic Arabian name al-ra'i, ""the Shepherd"". This shepherd, with the sheep he attended (al-aghnam, marked by the various dim stars nearby), and the shepherd's dog (kalb al-ra'i,marked by 28/29 [ρ] Cep), seem to form a complete group of pre-Islamic Arabian figures.",Arabic,2015/12/15
Fafnir,HR 6945,90344,6945,42 Dra,Dra,Fafnir was a Norse mythological dwarf who turned into a dragon.,Old Norse,2015/12/15
Fomalhaut,HR 8728,113368,8728,α PsA,PsA,"Applied with various spellings since medieval times, from an abbreviation of its name for the Arabic Almagest period fam al-but al-janubi, ""the Mouth of the Southern Fish.""",Arabic,2015/12/15
Helvetios,HR 8729,113357,8729,51 Peg,Peg,"Helvetios is the Latin for ""the Helvetian"" and refers to the Celtic tribe that lived in Switzerland during the Middle Ages.",Latin,2015/12/15
Intercrus,HR 3743,46471,3743,,UMa,"Intercrus means ""between the legs"" in Latin style, referring to the star's position in the constellation Ursa Major.",Latin,2015/12/15
Libertas,HR 7595,97938,7595,ξ Aql,Aql,"Libertas is Latin for ""liberty"". Liberty refers to social and political freedoms, and a reminder that there are people derived of liberty in the world even today. The constellation Aquila represents an eagle - a popular symbol of liberty.",Latin,2015/12/15
Lich,PSR B1257+12,,,,Vir,Lich is a fictional undead creature known for controlling other undead creatures with magic.,fictional,2015/12/15
Musica,HR 8030,103527,8030,18 Del,Del,"Musica is Latin for ""music"".",Latin,2015/12/15
Ogma,HD 149026,80838,,,Her,"Ogma was a deity of eloquence, writing, and great physical strength in the Celtic mythologies of Ireland and Scotland, and may be related to the Gallo-Roman deity ""Ogmios"".",NEWC,2015/12/15
Pollux,HR 2990,37826,2990,β Gem,Gem,"This is the classical Latin form of its ancient Greek name Πολυδεύκης, a character in Greek mythology, the twin of Castor (α Gem). Reapplied in Early Modern times.",Greek,2015/12/15
Ran,HR 1084,16537,1084,ε Eri,Eri,"Ran is the Norse goddess of the sea, who stirs up the waves and captures sailors with her net.",Old Norse,2015/12/15
Titawin,HR 458,7513,458,υ And,And,Titawin (also known as Medina of Tetouan) is a settlement in northern Morocco and UNESCO World Heritage Site. Historically it was an important point of contact between two civilizations (Spanish and Arab) and two continents (Europe and Africa) after the 8th century.,Amazigh,2015/12/15
Veritate,HR 8930,116076,8930,14 And,And,"From the latin ""Veritas"", truth. The ablative form means ""where there is truth"".",Latin,2015/12/15
Unurgunite,,,,,,see Nganurganity,,
