hr,name,flamsteed,bayer,bayer_sup,cst,hd,sao,var_id,ra_deg_j2000,dec_deg_j2000,vmag,vmag_code,b_v,sp_type,pm_ra_arcsec,pm_de_arcsec,parallax_arcsec,is_ghost
1,,,,,,3,36042,,1.29125,45.229167,6.7,,0.07,A1Vn,-0.012,-0.018,,false
2,,,,,,6,128569,,1.265833,-0.503056,6.29,,1.1,gG9,0.045,-0.06,,false
3, 33    Psc,33,,,Psc,28,128572,Var?,1.33375,-5.7075,4.61,,1.04,K0IIIbCN-0.5,-0.009,0.089,0.014,false
4, 86    Peg,86,,,Peg,87,91701,,1.425,13.396111,5.51,,0.9,G5III,0.045,-0.012,,false
5,,,,,,123,21085,V640 Cas,1.566667,58.436667,5.96,,0.67,G5V,0.263,0.03,0.047,false
6,,,,,,142,214963,,1.579167,-49.075,5.7,,0.52,G1IV,0.565,-0.038,0.05,false
7, 10    Cas,10,,,Cas,144,10978,,1.610417,64.196111,5.59,,-0.03,B9III,0.008,0.0,,false
8,,,,,,166,73743,33,1.653333,29.021389,6.13,,0.75,K0V,0.38,-0.182,0.067,false
9,,,,,,203,166053,,1.70875,-23.1075,6.18,,0.38,A7V,0.1,-0.045,,false
10,,,,,,256,147090,,1.825833,-17.386389,6.19,,0.14,A6Vn,-0.018,0.036,,false
11,,,,,,315,128595,Var?,1.93375,-2.548889,6.43,,-0.14,B8IIIpSi,0.027,-0.002,,false
12,,,,,,319,166066,46,1.945,-22.508889,5.94,,0.14,A2Vp:,0.052,-0.044,,false
13,,,,,,344,192367,,2.014583,-33.529444,5.68,,1.12,K1III,-0.037,0.0,,false
14,,,,,,352,128602,AP Psc,2.050417,-2.447778,6.07,,1.38,K2III+F,0.009,-0.003,,false
15, 21Alp And,21,Alp,,And,358,73765,Alp And,2.097083,29.090556,2.06,,-0.11,B8IVpMnHg,0.136,-0.163,0.032,false
16,,,,,,360,128604,,2.0725,-8.823889,5.99,,1.04,gG8,-0.052,-0.033,,false
17,,,,,,400,53677,,2.170833,36.626667,6.19,,0.48,F8IV,-0.1,-0.145,0.044,false
18,,,,,,402,147103,51,2.139167,-17.5775,6.06,,1.67,M0III,0.0,-0.025,,false
19,,,,,,417,73769,,2.2175,25.462778,6.23,,0.97,K0III,0.114,0.031,,false
20,,,,,,431,4048,,2.334167,79.714722,6.01,,0.19,A7IV,0.102,-0.027,0.002,false
21, 11Bet Cas,11,Bet,,Cas,432,21133,Bet Cas,2.294583,59.149722,2.27,,0.34,F2III-IV,0.525,-0.181,0.072,false
22, 87    Peg,87,,,Peg,448,91734,,2.26,18.211944,5.53,,1.04,G9III,0.137,-0.024,,false
23,,,,,,469,231943,,2.26,-54.001944,6.33,,0.74,G4IV,0.051,0.016,0.009,false
24,   Kap1Scl,,Kap,1,Scl,493,166083,,2.3375,-27.987778,5.42,,0.42,F2V,0.072,-0.004,0.023,false
25,   Eps Phe,,Eps,,Phe,496,214983,,2.352917,-45.7475,3.88,,1.03,K0III,0.124,-0.181,0.066,false
26, 34    Psc,34,,,Psc,560,91750,,2.509583,11.145556,5.51,,-0.07,B9Vn,0.041,-0.003,0.017,false
27, 22    And,22,,,And,571,36123,,2.580417,46.072222,5.03,,0.4,F2II,0.008,0.0,-0.002,false
28,,,,,,584,21162,,2.62375,57.165556,6.74,,-0.08,B7IV,0.023,0.006,,false
29,,,,,,587,128621,,2.578333,-5.248611,5.84,,0.98,K1III,0.036,-0.033,,false
30,   Gam3Oct,,Gam,3,Oct,636,258215,,2.50875,-82.223889,5.28,,1.05,G8III,-0.029,-0.02,,false
31,,,,,,645,147127,,2.678333,-12.58,5.85,,1.01,K0IV,0.15,-0.038,,false
32,,,,,,661,255642,,2.660833,-73.224444,6.64,,0.37,F2V+F6V,0.123,0.016,,false
33,  6    Cet,6,,,Cet,693,147133,,2.81625,-15.468056,4.89,,0.49,F7V,-0.077,-0.268,0.067,false
34,   Kap2Scl,,Kap,2,Scl,720,166103,,2.893333,-27.799722,5.41,,1.34,K5III,0.01,0.016,,false
35,   The Scl,,The,,Scl,739,192388,,2.933333,-35.133056,5.25,,0.44,F4V,0.173,0.119,0.034,false
36,,,,,,743,36148,,2.99625,48.1525,6.16,,1.45,gK4,0.058,0.017,,false
37,,,,,,787,147144,,3.041667,-17.938333,5.25,,1.48,K5III,0.056,-0.031,-0.015,false
38,,,,,,829,53725,,3.21,37.693333,6.73,,-0.13,B2V,0.028,-0.012,,false
39, 88Gam Peg,88,Gam,,Peg,886,91781,Gam Peg,3.309167,15.183611,2.83,,-0.23,B2IV,0.003,-0.012,-0.002,false
40,,,,,,895,73823,,3.35,26.987222,6.3,,0.65,G0III,-0.008,-0.047,0.006,false
41, 23    And,23,,,And,905,36173,,3.378333,41.035278,5.72,,0.31,F0IV,-0.123,-0.148,0.024,false
42,,,,,,942,166130,96,3.425417,-26.021944,5.94,,1.55,K5III,0.026,-0.069,,false
43,,,,,,943,166131,,3.434167,-26.284722,6.31,,1.48,K5III,-0.02,0.012,,false
44,,,,,,952,53744,,3.509583,33.206111,6.25,,-0.01,A1V,-0.006,-0.018,,false
45, 89Chi Peg,89,Chi,,Peg,1013,91792,99,3.650833,20.206667,4.8,,1.57,M2+III,0.093,0.0,0.015,false
46,,,,,,1014,128655,AD Cet,3.615,-7.780556,5.12,,1.62,M3+III,0.059,0.004,0.003,false
47,,,,,,1032,258217,,3.330833,-84.994167,5.77,,1.72,M0-1III,0.004,0.008,,false
48,  7    Cet,7,,,Cet,1038,147169,AE Cet,3.66,-18.932778,4.44,,1.66,M3III,-0.024,-0.067,0.029,false
49,,,,,,1048,73838,,3.73375,22.284167,6.24,,-0.01,A1pSi,0.065,-0.011,,false
50, 35    Psc,35,,,Psc,1061,109087,UU Psc,3.745,8.820833,5.79,,0.31,F0IV,0.097,-0.028,0.017,false
51,,,,,,1064,128660,,3.727083,-9.569722,5.75,,-0.08,B9V,0.028,-0.011,,false
52,,,,,,1075,53755,,3.779167,31.535833,6.45,R,,K5,0.035,-0.005,,false
53,,,,,,1083,73842,,3.794167,27.283056,6.35,,-0.02,A1Vn,0.021,-0.031,,false
54,,,,,,1089,192418,,3.7425,-34.904444,6.17,,1.34,K3III,0.073,-0.023,,false
55,,,,,,1141,4071,,4.058333,76.950833,6.35,,-0.07,B8Vnn,0.018,-0.002,0.013,false
56,,,,,,1185,36221,,4.09,43.594722,6.15,,0.05,A2VpSi,0.043,-0.03,,false
57,,,,,,1187,192430,,4.037083,-31.446389,5.67,,1.35,K5III,0.122,-0.03,,false
58,,,,,,1221,255650,,3.98,-75.911389,6.49,,1.0,G8-K0III,-0.013,0.006,,false
59, 36    Psc,36,,,Psc,1227,109100,,4.142083,8.24,6.11,,0.92,G8II-III,-0.02,-0.019,,false
60,,,,,,1239,11084,,4.237917,61.533333,5.74,,0.88,G8III,-0.001,-0.001,,false
61,,,,,,1256,166167,113,4.177083,-20.210556,6.47,,-0.09,B8III,0.012,-0.014,,false
62,,,,,,1279,36236,,4.287917,47.9475,5.89,,-0.09,B7III,0.008,0.0,,false
63, 24The And,24,The,,And,1280,53777,116,4.272917,38.681667,4.61,,0.06,A2V,-0.05,-0.019,0.022,false
64,,,,,,1324,255652,,4.204167,-78.780556,6.77,,0.46,F3III,0.077,-0.043,,false
65,,,,,,1337,21273,AO Cas,4.429167,51.433056,6.14,,-0.13,O9IIInn,-0.005,-0.004,,false
66,,,,,,1343,147205,,4.385833,-19.051111,6.45,,0.37,F4IV-V,0.015,0.003,,false
67,,,,,,1367,109119,,4.44875,1.688889,6.17,,0.94,K0II,0.095,0.012,,false
68, 25Sig And,25,Sig,,And,1404,53798,118,4.582083,36.785278,4.52,,0.05,A2V,-0.063,-0.041,0.023,false
69,,,,,,1419,91832,,4.571667,11.205833,6.05,,1.03,K0III,-0.036,-0.038,,false
70, 26    And,26,,,And,1438,36256,119,4.675417,43.791111,6.11,,-0.08,B8V,0.02,-0.003,,false
71,,,,,,1439,53803,,4.659583,31.517222,5.87,,-0.01,A0IV,0.058,-0.006,,false
72,,,,,,1461,128690,,4.674167,-8.052778,6.46,,0.68,G0V,0.413,-0.139,0.053,false
73,,,,,,1483,215047,,4.6775,-43.235278,6.33,,1.21,K2III,0.056,0.012,,false
74,  8Iot Cet,8,Iot,,Cet,1522,128694,123,4.857083,-8.823889,3.56,,1.22,K1.5III,-0.014,-0.036,0.013,false
75,,,,,,1527,36269,,4.923333,40.729722,6.33,,1.18,K1III,-0.026,-0.01,,false
76,,,,,,1561,36272,,5.021667,48.865278,6.52,,,A0V s,0.005,-0.017,,false
77,   Zet Tuc,,Zet,,Tuc,1581,248163,,5.017917,-64.874722,4.23,,0.58,F9V,1.705,1.164,0.134,false
78,,,,,,1606,53820,128,5.101667,30.935833,5.9,,-0.1,B7V,0.021,0.004,,false
79,,,,,,1632,53825,,5.189583,32.911389,5.79,,1.59,K5III,-0.026,-0.014,,false
80, 41    Psc,41,,,Psc,1635,109152,132,5.149583,8.190278,5.37,,1.34,gK3,-0.002,0.008,,false
81,,,,,,1663,91858,,5.227083,10.976944,6.56,,,A0V,-0.046,-0.028,0.005,false
82, 27Rho And,27,Rho,,And,1671,53828,,5.280417,37.968611,5.18,,0.42,F5III,0.06,-0.04,0.017,false
83,   Pi  Tuc,,Pi,,Tuc,1685,248167,,5.1625,-69.625,5.51,,-0.05,B9V,-0.007,0.0,0.011,false
84,   Iot Scl,,Iot,,Scl,1737,166207,,5.38,-28.981667,5.18,,1.0,G5III,0.04,-0.074,0.027,false
85,,,,,,1760,166210,T Cet,5.442917,-20.057778,5.12,,1.82,M5IIe,0.071,-0.005,,false
86, 42    Psc,42,,,Psc,1796,91866,,5.60625,13.4825,6.23,,1.22,K3III,0.062,0.021,,false
87,,,,,,1801,255663,,5.369167,-77.426944,5.97,,1.4,K3III,0.002,-0.01,,false
88,  9    Cet,9,,,Cet,1835,147237,BE Cet,5.715833,-12.209444,6.39,,0.66,G2V,0.394,0.061,0.049,false
89,,,,,,1909,192495,,5.8025,-31.036111,6.55,,0.0,B9IVMn,0.029,-0.003,,false
90,,,,,,1967,53860,R And,6.008333,38.577222,7.39,,1.97,S6.5IIIeZr6Ti2,-0.007,-0.023,,false
91,,,,,,1976,21366,155,6.065,52.02,5.57,,-0.12,B5IV,0.013,-0.004,0.004,false
92, NOVA 1572,NO,VA,1,572,,,B Cas,,,,,,,,,,true
93, 12    Cas,12,,,Cas,2011,11172,,6.197917,61.831111,5.4,,0.0,B9III,0.012,-0.001,0.015,false
94,,,,,,2023,128743,,6.12375,-2.219167,6.07,,1.22,K1III,-0.033,-0.044,,false
95, 47    Tuc,47,,,Tuc,,,,,,,,,,,,,true
96,,,,,,2054,21381,159,6.276667,53.046944,5.74,,-0.06,B9IV,0.023,-0.002,,false
97, 44    Psc,44,,,Psc,2114,109192,,6.350833,1.939722,5.77,,0.86,G5III,-0.013,-0.015,,false
98,   Bet Hyi,,Bet,,Hyi,2151,255670,161,6.437917,-77.254167,2.8,,0.62,G2IV,2.215,0.324,0.153,false
99,   Alp Phe,,Alp,,Phe,2261,215093,,6.570833,-42.306111,2.39,,1.09,K0III,0.203,-0.396,0.035,false
100,   Kap Phe,,Kap,,Phe,2262,215092,,6.550833,-43.68,3.94,,0.17,A7V,0.109,0.029,0.072,false
101, 10    Cet,10,,,Cet,2273,128760,Var?,6.655833,-0.049722,6.19,,0.9,G8III,0.073,-0.001,,false
102,,,,,,2363,166282,,6.81125,-25.547222,5.98,,1.03,G8III,0.036,-0.019,,false
103, 47    Psc,47,,,Psc,2411,91910,TV Psc,7.012083,17.893056,5.06,,1.65,M3III,0.117,0.021,0.016,false
104,,,,,,2421,36390,,7.057083,44.394444,5.17,,0.03,A2V s,0.089,-0.016,0.013,false
105,   Eta Scl,,Eta,,Scl,2429,192545,Eta Scl,6.982083,-33.007222,4.81,,1.64,M4III,-0.019,-0.052,-0.014,false
106, 48    Psc,48,,,Psc,2436,91912,,7.052917,16.445,6.06,,1.58,K5III,0.019,-0.015,,false
107,,,,,,2454,109224,,7.08375,10.189722,6.04,,0.43,F6Va vw,0.046,-0.207,0.033,false
108,,,,,,2475,166296,,7.087917,-20.335,6.43,,0.59,G0V,-0.116,-0.114,0.034,false
109,,,,,,2490,215103,,7.11,-39.915,5.43,,1.56,M0III,0.13,-0.036,0.015,false
110,,,,,,2507,53928,,7.235833,36.9,6.26,,0.92,G5III,-0.011,0.003,,false
111,,,,,,2529,232055,,7.179583,-50.532778,6.26,,1.09,K0III,0.15,-0.002,,false
112,,,,,,2589,4130,,7.729167,77.019444,6.21,,0.84,K0IV,0.337,-0.038,0.023,false
113,,,,,,2626,21457,,7.582917,59.977222,5.94,,0.01,B9IIIn,0.017,-0.012,0.002,false
114, 28    And,28,,,And,2628,74041,GN And,7.530417,29.751667,5.23,,0.24,A7III,0.041,-0.054,0.001,false
115,,,,,,2630,147307,,7.46625,-14.864167,6.14,,0.37,F2III,0.144,-0.032,,false
116,,,,,,2632,192567,,7.45375,-32.116667,6.57,,1.34,K4III,-0.004,-0.054,,false
117, 12    Cet,12,,,Cet,2637,128791,,7.51,-3.957222,5.72,,1.56,M0III,0.011,-0.012,,false
118,,,,,,2696,166318,,7.594583,-23.787778,5.19,,0.12,A5Vn,-0.024,0.013,0.018,false
119,,,,,,2724,215120,BB Phe,7.615833,-40.939444,6.19,,0.33,F2III,-0.001,0.021,,false
120,,,,,,2726,215119,,7.60875,-48.215,5.69,,0.35,F2V,0.129,-0.088,,false
121, 13    Cas,13,,,Cas,2729,11243,,7.855417,66.519444,6.18,,-0.1,B6V,0.023,-0.006,,false
122,,,,,,2767,53956,,7.856667,33.581667,5.87,,1.14,K1III,0.047,-0.019,,false
123, 14Lam Cas,14,Lam,,Cas,2772,21489,,7.943333,54.522222,4.73,,-0.1,B8Vn,0.045,-0.01,0.03,false
124,,,,,,2774,21486,,7.921667,52.839444,5.6,,1.15,K2III,-0.053,-0.019,0.008,false
125,   Lam1Phe,,Lam,1,Phe,2834,215131,,7.854167,-48.803611,4.77,,0.02,A0V,0.143,0.017,0.027,false
126,   Bet1Tuc,,Bet,1,Tuc,2884,248201,,7.88625,-62.958056,4.37,,-0.07,B9V,0.09,-0.054,0.03,false
127,   Bet2Tuc,,Bet,2,Tuc,2885,248202,,7.89,-62.965833,4.54,,0.15,A2V+A7V,0.101,-0.056,0.03,false
128,,,,,,2888,36453,,8.111667,43.494722,6.7,,-0.01,A1Vn,0.018,-0.01,,false
129,,,,,,2904,4142,,8.330417,70.981667,6.42,,-0.01,A0Vn,0.028,-0.004,,false
130, 15Kap Cas,15,Kap,,Cas,2905,11256,Kap Cas,8.25,62.931667,4.16,,0.14,B1Ia,0.003,-0.003,,false
131, 52    Psc,52,,,Psc,2910,74084,,8.147917,20.294444,5.38,,1.08,K0III,0.135,-0.047,0.032,false
132, 51    Psc,51,,,Psc,2913,109262,Var?,8.099167,6.955556,5.67,,0.0,B9.5V,0.035,0.002,,false
133,,,,,,2924,74083,,8.14375,27.580556,6.67,,,A2IV,-0.017,-0.015,,false
134,,,,,,2942,74090,,8.204583,28.280278,6.3,,1.0,K0III,-0.006,0.007,0.006,false
135,,,,,,2952,21512,,8.293333,54.895,5.93,,1.04,K0III,0.071,-0.042,,false
136,   Bet3Tuc,,Bet,3,Tuc,3003,248208,,8.1825,-63.031111,5.09,,0.04,A0V,0.081,-0.038,0.049,false
137, 16    Cas,16,,,Cas,3038,11265,,8.60375,66.750278,6.48,,-0.08,B9III,0.021,0.0,,false
138,,,,,,3059,166367,,8.42125,-29.558333,5.55,,1.27,K2III,-0.026,-0.03,,false
139,   The Tuc,,The,,Tuc,3112,255679,The Tuc,8.347083,-71.266111,6.13,,0.23,A7IV,0.067,-0.012,,false
140,,,,,,3158,232091,,8.615833,-52.373056,5.57,,0.47,F3IV-V,0.23,0.032,0.038,false
141,,,,,,3166,91980,,8.730417,13.371111,6.4,,,K0,-0.09,-0.057,,false
142, 13    Cet,13,,,Cet,3196,128839,212,8.812083,-3.592778,5.2,,0.56,F8V,0.413,-0.026,0.06,false
143, 14    Cet,14,,,Cet,3229,128843,,8.886667,-0.505556,5.93,,0.44,F5IV,0.146,-0.066,,false
144,,,,,,3240,21551,,9.034583,54.168611,5.08,,-0.11,B7III,0.022,0.0,,false
145,,,,,,3268,91990,,8.977917,13.206667,6.41,,0.52,F7V,-0.143,-0.189,0.02,false
146,,,,,,3283,11291,,9.11375,60.326111,5.79,,0.29,A4III,-0.001,-0.003,,false
147,   Lam2Phe,,Lam,2,Phe,3302,215157,,8.92125,-48.000833,5.51,,0.44,F6V,0.045,-0.104,,false
148,,,,,,3303,232099,219,8.889167,-54.821944,6.06,,1.01,K0IV,0.027,-0.054,,false
149,,,,,,3322,74136,221,9.083333,27.254722,6.5,,-0.09,B8IIIpHgMn:,0.011,-0.016,,false
150,,,,,,3325,147360,,9.0125,-14.973611,6.45,,1.06,G9III,-0.083,-0.079,,false
151,,,,,,3326,166400,BG Cet,9.02875,-22.8425,6.06,,0.29,A6pSr,-0.072,-0.052,,false
152,,,,,,3346,36509,,9.194167,44.488611,5.13,,1.6,K5-M0III,-0.023,0.033,0.007,false
153, 17Zet Cas,17,Zet,,Cas,3360,21566,225,9.242917,53.896944,3.66,,-0.2,B2IV,0.019,-0.009,0.004,false
154, 29Pi  And,29,Pi,,And,3369,54033,227,9.220417,33.719444,4.36,,-0.14,B5V,0.015,-0.004,-0.003,false
155, 53    Psc,53,,,Psc,3379,91995,AG Psc,9.197083,15.231667,5.89,,-0.15,B2.5IV,0.002,-0.015,,false
156,,,,,,3411,74148,,9.28,24.014167,6.47,R,,K2III,-0.014,-0.044,,false
157,,,,,,3421,54038,,9.337917,35.399444,5.48,,0.88,G2.5IIa,-0.016,-0.005,,false
158,,,,,,3440,106,235,9.947083,82.493889,6.4,,0.55,dF6,-0.111,0.078,0.028,false
159,,,,,,3443,166418,,9.33625,-24.767222,5.57,,0.72,G8V,1.39,-0.012,0.076,false
160,,,,,,3444,248225,,9.155833,-65.124722,6.42,,1.26,K2-3III,0.029,-0.02,,false
161,,,,,,3457,109315,,9.377083,3.135278,6.39,,1.33,K4III,0.095,-0.061,,false
162,,,,,,3488,232114,,9.325417,-54.394167,6.41,,1.0,K0II-IIICNIV,0.056,-0.021,,false
163, 30Eps And,30,Eps,,And,3546,74164,,9.63875,29.311667,4.37,,0.87,G6IIIFe-3CH1,-0.227,-0.254,0.031,false
164,,,,,,3574,36550,,9.79125,49.354444,5.43,,1.64,K7III,0.008,-0.011,,false
165, 31Del And,31,Del,,And,3627,54058,,9.832083,30.860833,3.27,,1.28,K3III,0.136,-0.091,0.028,false
166, 54    Psc,54,,,Psc,3651,74175,245,9.840833,21.250556,5.87,,0.85,K0+V,-0.464,-0.37,0.099,false
167, 55    Psc,55,,,Psc,3690,74182,,9.981667,21.438333,5.36,,1.16,K0III+F3V,0.028,-0.035,0.009,false
168, 18Alp Cas,18,Alp,,Cas,3712,21609,Alp Cas,10.127083,56.537222,2.23,,1.17,K0IIIa,0.053,-0.032,0.016,false
169,,,,,,3719,255690,,9.67,-73.137222,6.85,,0.11,A1m,-0.017,0.02,,false
170,,,,,,3735,192663,Z Scl,9.99125,-33.961667,6.69,,0.51,F8V,0.333,-0.116,0.02,false
171,,,,,,3750,215185,,9.966667,-44.796667,6.01,,1.14,K1IIICNII,0.045,0.0,,false
172,,,,,,3794,147395,,10.119167,-16.516944,6.49,,0.92,G5,0.037,-0.04,,false
173,,,,,,3795,166475,,10.137083,-23.804444,6.14,,0.7,G3V,0.644,-0.333,0.043,false
174,,,,,,3807,128891,,10.176667,-4.351944,5.91,,1.1,K0III,-0.013,-0.013,,false
175, 32    And,32,,,And,3817,54079,,10.28,39.458611,5.33,,0.89,G8III,-0.01,-0.007,0.01,false
176,,,,,,3823,232143,,10.11,-59.454444,5.89,,0.55,G1V,0.889,0.448,0.058,false
177,,,,,,3856,11336,,10.514167,66.1475,5.83,,1.04,G9III-IV,-0.013,-0.009,,false
178,,,,,,3883,74200,258,10.4,24.629167,6.04,,0.26,A7m,0.107,-0.016,,false
179, 19Xi  Cas,19,Xi,,Cas,3901,21637,260,10.51625,50.5125,4.8,,-0.11,B2V,0.015,-0.005,,false
180,   Mu  Phe,,Mu,,Phe,3919,215194,,10.331667,-46.085,4.59,,0.97,G8III,-0.014,-0.002,0.004,false
181,,,,,,3924,21642,,10.629583,58.753333,6.17,,-0.01,B9.5III,0.036,-0.007,,false
182, M 31  And,M,31,,And,,,S And,,,,,,,,,,true
183,   Xi  Phe,,Xi,,Phe,3980,232152,Xi  Phe,10.443333,-56.501667,5.7,,0.2,ApSrEuCr,0.085,0.044,,false
184, 20Pi  Cas,20,Pi,,Cas,4058,36602,268,10.867083,47.024722,4.94,,0.18,A5V,-0.02,-0.034,0.023,false
185,   Lam1Scl,,Lam,1,Scl,4065,192690,,10.67875,-38.463333,6.06,,-0.03,A0V,0.003,-0.005,,false
186,,,,,,4088,248238,,10.674167,-60.2625,5.98,,1.32,K5III,0.255,-0.045,,false
187,   Rho Tuc,,Rho,,Tuc,4089,248237,,10.618333,-65.468056,5.39,,0.5,F6V,0.053,0.042,0.038,false
188, 16Bet Cet,16,Bet,,Cet,4128,147420,272,10.8975,-17.986667,2.04,,1.02,G9.5IIICH-1,0.234,0.033,0.061,false
189,,,,,,4142,36617,,11.11,47.864167,5.67,,-0.12,B5V,-0.026,0.015,,false
190,,,,,,4145,147422,,10.959167,-12.011667,6.02,,1.1,K2III-IV,0.007,-0.204,,false
191,   Eta Phe,,Eta,,Phe,4150,232162,,10.838333,-57.463056,4.36,,0.0,A0IV,-0.006,0.011,0.046,false
192, 21    Cas,21,,,Cas,4161,4216,YZ Cas,11.4125,74.988056,5.66,,0.05,A2IV,-0.018,-0.026,,false
193, 22Omi Cas,22,Omi,,Cas,4180,36620,Omi Cas,11.18125,48.284444,4.54,,-0.07,B5IIIe,0.019,-0.008,,false
194, 17Phi1Cet,17,Phi,1,Cet,4188,147423,278,11.0475,-10.609444,4.76,,1.01,K0III,-0.009,-0.113,0.022,false
195,   Lam2Scl,,Lam,2,Scl,4211,192703,,11.050417,-38.421667,5.9,,1.16,K1III,0.244,0.113,0.01,false
196,,,,,,4222,21677,,11.321667,55.221667,5.42,,0.04,A2V s,-0.025,0.002,0.012,false
197,,,,,,4247,166528,,11.185,-22.006111,5.24,,0.33,F1III-IV,-0.066,0.083,0.048,false
198,,,,,,4293,215221,,11.237917,-42.676667,5.94,,0.28,F0V,-0.086,-0.102,,false
199,,,,,,4294,248243,,11.134583,-62.497778,6.07,,0.44,F5III-IV,0.143,-0.005,,false
200,,,,,,4295,11380,,11.6625,69.325,6.33,R,,F3V,0.196,0.001,,false
201,,,,,,4301,128935,,11.350417,-4.629167,6.15,,1.62,M0III,0.028,0.033,,false
202,,,,,,4304,232168,,11.25,-53.715,6.15,,0.53,F7III,0.23,0.0,,false
203, 18    Cet,18,,,Cet,4307,147432,,11.369583,-12.880833,6.15,,0.61,G0V,-0.034,-0.201,,false
204,,,,,,4321,21689,,11.562917,55.305278,6.52,,,A2III,0.015,-0.012,,false
205,,,,,,4335,36640,,11.545417,44.861389,6.05,,-0.07,B9.5IIIpHgMnCr,0.028,-0.009,,false
206,,,,,,4338,147436,,11.42375,-16.424167,6.47,,0.31,F1IVn,0.014,-0.005,,false
207,,,,,,4362,21693,,11.676667,59.574444,6.39,,1.09,G0Ib,-0.008,-0.001,,false
208, 23    Cas,23,,,Cas,4382,4226,,11.942083,74.8475,5.41,,-0.08,B8III,0.015,-0.009,,false
209,,,,,,4391,215232,,11.44,-47.551667,5.8,,0.64,G1V,0.184,0.086,0.049,false
210,,,,,,4398,166555,,11.549167,-22.521944,5.5,,0.98,G3V,0.201,-0.006,0.021,false
211, 57    Psc,57,,,Psc,4408,92072,293,11.6375,15.475556,5.38,,1.65,M4IIIa,-0.027,-0.044,0.015,false
212,,,,,,4440,4229,,12.037917,72.675,5.87,,1.01,K0IV,0.13,0.024,,false
213, 58    Psc,58,,,Psc,4482,92080,,11.75625,11.973889,5.5,,0.97,G8II,0.058,-0.036,,false
214, 59    Psc,59,,,Psc,4490,92082,XX Psc,11.806667,19.578889,6.13,,0.27,F0Vn,0.104,0.011,,false
215, 34Zet And,34,Zet,,And,4502,74267,Zet And,11.834583,24.267222,4.06,,1.12,K1IIe,-0.1,-0.083,0.037,false
216, 60    Psc,60,,,Psc,4526,109461,,11.848333,6.740833,5.99,,0.94,G8III,0.014,-0.015,,false
217, 61    Psc,61,,,Psc,4568,74280,,11.978333,20.925278,6.54,,0.5,F8V,0.157,0.006,0.022,false
218,,,,,,4585,147451,,11.930417,-18.061389,5.7,,1.3,K3III,0.043,0.031,,false
219, 24Eta Cas,24,Eta,,Cas,4614,21732,,12.275,57.815833,3.44,,0.57,F9V+dM0,1.1,-0.529,0.176,false
220,,,,,,4622,166585,,12.004583,-21.7225,5.57,,-0.06,B9V,0.028,-0.011,,false
221, 62    Psc,62,,,Psc,4627,109470,,12.0725,7.3,5.93,,1.1,G8III,0.111,0.004,,false
222,,,,,,4628,109471,,12.095833,5.280556,5.75,,0.88,K2V,0.758,-1.146,0.145,false
223, 25Nu  Cas,25,Nu,,Cas,4636,21729,302,12.20875,50.968333,4.89,,-0.11,B9III,0.035,-0.006,,false
224, 63Del Psc,63,Del,,Psc,4656,109474,,12.170833,7.585,4.43,,1.5,K4IIIb,0.085,-0.052,0.019,false
225, 64    Psc,64,,,Psc,4676,92099,,12.244583,16.940556,5.07,,0.51,F8V,-0.003,-0.204,0.047,false
226, 35Nu  And,35,Nu,,And,4727,36699,,12.453333,41.078889,4.53,,-0.15,B5V+F8V,0.023,-0.019,,false
227,,,,,,4730,147464,,12.356667,-13.561389,5.59,,1.3,K5III,0.105,-0.104,,false
228,,,,,,4732,166602,,12.307917,-24.136389,5.9,,0.95,K2III,0.078,-0.051,,false
229,,,,,,4737,215245,,12.23625,-46.697778,6.27,,0.9,G8III,-0.008,0.017,,false
230, 65    Psc,65,,,Psc,4757,74295,,12.47,27.710833,7.0,,0.36,F4III,0.084,-0.01,0.011,false
231, 65    Psc,65,,,Psc,4758,74296,,12.471667,27.710278,7.1,,,F5III,0.091,-0.009,0.011,false
232,,,,,,4772,166608,,12.389167,-23.361667,6.28,,0.13,A3V,-0.008,0.0,,false
233,,,,,,4775,11424,317,12.681667,64.2475,5.39,,0.49,G0III-IV+B9.5V,0.03,-0.012,,false
234,,,,,,4778,36702,GO And,12.57625,45.002222,6.15,,0.01,A0pCr,0.065,0.006,,false
235, 19Phi2Cet,19,Phi,2,Cet,4813,147470,316,12.531667,-10.644444,5.19,,0.5,F7IV-V,-0.226,-0.229,0.065,false
236,   Lam Hyi,,Lam,,Hyi,4815,255710,,12.1475,-74.923333,5.07,,1.37,K5III,0.13,-0.033,0.025,false
237,,,,,,4817,11430,319,12.818333,61.805833,6.07,,1.88,K2Ib-IICN-2,-0.002,0.006,,false
238,,,,,,4818,21767,V526 Cas,12.739167,51.508056,6.39,,0.28,F2IV,0.135,-0.003,,false
239,,,,,,4849,215254,AZ Phe,12.515417,-43.394722,6.48,,0.29,A9-F0III,0.011,0.016,,false
240,,,,,,4853,143,,13.72125,83.707222,5.62,,0.09,A4V,0.062,-0.022,,false
241,,,,,,4881,21775,,12.890417,51.571111,6.21,,,B9.5V,-0.01,-0.019,,false
242,   Rho Phe,,Rho,,Phe,4919,232203,Rho Phe,12.671667,-50.986944,5.22,,0.36,F2III,0.067,0.039,0.005,false
243,,,,,,4928,109507,,12.82625,3.385,6.37,,1.07,K0III,0.016,-0.067,,false
244,,,,,,5015,11444,,13.267083,61.124167,4.82,,0.53,F8V,-0.071,0.172,0.066,false
245,,,,,,5042,215270,,12.967083,-43.709167,6.9,,0.35,F2V+F5V,0.025,-0.013,0.007,false
246,,,,,,5066,54225,,13.2225,38.548611,6.69,,0.02,A2V,0.029,-0.021,,false
247,,,,,,5098,166647,,13.169167,-24.005833,5.46,,1.24,K2III,0.035,0.035,0.007,false
248, 20    Cet,20,,,Cet,5112,129009,,13.252083,-1.144167,4.77,,1.57,M0III,0.008,-0.017,-0.003,false
249,,,,,,5118,54237,,13.3675,37.418056,6.06,,1.14,gK3,0.013,-0.046,,false
250,,,,,,5128,21814,,13.448333,52.689167,6.27,,0.19,A5m,0.076,-0.026,0.013,false
251,,,,,,5156,166651,,13.301667,-24.776944,6.46,,0.44,F6IV-V,0.098,0.037,0.006,false
252,   Lam1Tuc,,Lam,1,Tuc,5190,248269,334,13.10125,-69.504444,6.22,,0.56,F7IV-V,-0.007,-0.086,,false
253, 26Ups1Cas,26,Ups,1,Cas,5234,21832,,13.750417,58.972778,4.83,,1.21,K2III,-0.032,-0.043,0.006,false
254, 66    Psc,66,,,Psc,5267,92145,,13.646667,19.188333,5.74,R,-0.01,A1VN,0.018,-0.014,0.014,false
255, 21    Cet,21,,,Cet,5268,129019,,13.573333,-8.740833,6.16,,0.92,G5IV,0.018,-0.052,,false
256,,,,,,5273,36763,,13.771667,48.678611,6.27,,1.68,M2.5IIIa,-0.022,-0.006,,false
257,,,,,,5276,248276,BQ Tuc,13.407917,-62.871389,5.7,,1.56,M4III,0.073,0.004,,false
258, 36    And,36,,,And,5286,74359,343,13.741667,23.628333,5.47,,1.0,K1IV,0.131,-0.031,0.022,false
259,,,,,,5316,74365,346,13.81125,24.556944,6.2,,1.62,M4IIIab,0.02,-0.015,,false
260,,,,,,5343,21846,,14.05375,57.996667,6.21,,1.37,K3III,0.037,-0.014,,false
261,,,,,,5357,11481,,14.231667,68.776111,6.37,,0.38,F4III,0.137,-0.021,,false
262, 67    Psc,67,,,Psc,5382,74373,,13.99375,27.209444,6.09,,0.14,A5IV,-0.02,0.013,,false
263,,,,,,5384,129032,,13.926667,-7.347222,5.85,,1.52,K5III,-0.007,-0.046,,false
264, 27Gam Cas,27,Gam,,Cas,5394,11482,Gam Cas,14.177083,60.716667,2.47,,-0.15,B0IVe,0.026,-0.005,0.016,false
265, 28Ups2Cas,28,Ups,2,Cas,5395,21855,,14.165833,59.181111,4.63,,0.96,G8IIIbFe-0.5,-0.092,-0.046,0.051,false
266,,,,,,5408,11484,,14.19625,60.362778,5.55,,-0.07,B9IVn,0.032,-0.008,0.007,false
267, 22Phi3Cet,22,Phi,3,Cet,5437,147519,,14.00625,-11.266667,5.31,,1.52,K4III,-0.02,-0.008,0.009,false
268,,,,,,5445,166686,,13.98125,-27.775556,6.1,,1.67,M0III,0.0,0.002,,false
269, 37Mu  And,37,Mu,,And,5448,54281,,14.188333,38.499444,3.87,,0.13,A5V,0.152,0.033,0.039,false
270,   Lam2Tuc,,Lam,2,Tuc,5457,248281,,13.75125,-69.526944,5.45,,1.09,K2III,0.006,-0.045,0.035,false
271, 38Eta And,38,Eta,,And,5516,74388,,14.301667,23.4175,4.42,,0.94,G8IIIb,-0.044,-0.048,0.009,false
272,,,,,,5526,36795,,14.415417,45.839722,6.12,,1.02,K2III,0.013,0.005,,false
273,,,,,,5550,11502,,14.629583,66.352222,5.97,,-0.02,A0III,0.043,-0.006,,false
274, 68    Psc,68,,,Psc,5575,74395,,14.459167,28.992222,5.42,,1.08,gG6,0.008,-0.008,,false
275,,,,,,5608,54306,,14.559167,33.950833,5.98,,1.0,K0,0.035,-0.072,,false
276,,,,,,5612,92183,,14.477083,13.695833,6.32,,0.89,G8III,-0.011,-0.013,,false
277,,,,,,5641,74402,,14.57875,21.404444,6.37,R,0.09,A2V,-0.006,-0.003,0.009,false
278,,,,,,5715,4288,,15.129167,70.983056,6.39,,0.13,A4IV,0.082,0.0,,false
279, 23Phi4Cet,23,Phi,4,Cet,5722,147546,,14.682917,-11.38,5.61,,0.97,G7III,-0.034,-0.019,,false
280,   Alp Scl,,Alp,,Scl,5737,166716,359,14.651667,-29.3575,4.31,,-0.16,B7IIIp,0.022,0.004,,false
281,,,,,,5771,248293,,14.593333,-60.696389,6.23,,0.1,Am,0.05,0.018,,false
282,,,,,,5788,36832,,15.014167,44.711111,6.84,H,,A2Vn,0.011,-0.024,0.005,false
283,,,,,,5789,36833,,15.015,44.713333,6.04,H,-0.01,B9.5Vn,0.016,-0.023,0.005,false
284,,,,,,5820,109581,WW Psc,14.957083,6.483056,6.11,,1.67,M2III,0.023,-0.008,0.001,false
285,,,,,,5848,181,,17.18625,86.256944,4.25,,1.21,K2II-III,0.076,-0.012,,false
286,,,,,,5914,209,,23.46,89.015556,6.46,,0.11,A3V,0.062,-0.036,,false
287,,,,,,6028,21938,,15.576667,51.035,6.47,,,A3V,-0.004,-0.013,,false
288,   Xi  Scl,,Xi,,Scl,6055,192870,,15.32625,-38.916667,5.59,,1.18,K0III,0.069,0.045,0.034,false
289,,,,,,6114,36875,,15.75625,47.376111,6.45,,0.25,A9IV,0.088,-0.015,0.012,false
290, 39    And,39,,,And,6116,36874,,15.72625,41.345,5.98,,0.16,A5m,-0.02,-0.01,,false
291, 69Sig Psc,69,Sig,,Psc,6118,54374,,15.704583,31.804444,5.5,,-0.05,B9.5V,0.015,-0.028,,false
292,,,,,,6130,11551,,15.904167,61.075,5.92,,0.49,F0II,-0.006,0.004,,false
293,   Sig Scl,,Sig,,Scl,6178,192884,,15.61,-31.551944,5.5,,0.08,A2V,0.082,0.012,,false
294, 71Eps Psc,71,Eps,,Psc,6186,109627,,15.735833,7.89,4.28,,0.96,K0III,-0.078,0.023,0.027,false
295,   Ome Phe,,Ome,,Phe,6192,232268,,15.5075,-57.0025,6.11,,0.94,G8III,0.006,0.015,,false
296, 25    Cet,25,,,Cet,6203,129094,,15.760833,-4.836667,5.43,,1.11,K0III-IV,-0.108,-0.106,,false
297,,,,,,6210,11557,,16.081667,61.580278,5.84,,0.54,F6V,-0.07,-0.022,,false
298,,,,,,6211,21967,,16.01,52.502222,5.99,,1.47,K2,0.001,-0.059,,false
299,,,,,,6245,215343,,15.705,-46.3975,5.36,,0.9,G8III,0.0,0.002,0.025,false
300,,,,,,6269,166774,,15.823333,-29.525833,6.29,,0.93,G5IV,-0.114,-0.03,,false
301, 26    Cet,26,,,Cet,6288,109643,,15.954167,1.366667,6.04,,0.27,F1V,0.122,-0.042,0.024,false
302,,,,,,6300,21988,,16.195,51.01,6.54,,-0.08,B3V,0.019,-0.002,,false
303,,,,,,6301,74471,,16.115,29.658611,6.19,,0.43,F7IV-V,0.084,-0.116,,false
304,,,,,,6311,248308,CC Tuc,15.67875,-65.456111,6.21,,1.64,M2III,0.004,0.0,,false
305,,,,,,6314,54398,,16.151667,39.991111,6.72,,0.31,F0Vn,0.077,-0.022,,false
306,,,,,,6319,193,,19.05625,87.145278,6.25,,1.12,gK2,0.051,-0.027,0.011,false
307, 73    Psc,73,,,Psc,6386,109656,,16.219167,5.656389,6.0,,1.51,gK5,0.028,-0.014,,false
308, 72    Psc,72,,,Psc,6397,92230,,16.2725,14.946111,5.68,,0.41,F4II-III,0.006,0.054,,false
309,,,,,,6416,11571,,16.595,62.761667,6.54,,0.19,A5Vn,0.102,-0.024,,false
310, 74Psi1Psc,74,Psi,1,Psc,6456,74482,397,16.420417,21.473333,5.34,,-0.03,A1Vn,0.05,-0.016,0.016,false
311, 74Psi1Psc,74,Psi,1,Psc,6457,74483,,16.42375,21.465278,5.56,,-0.07,A0Vn,0.047,-0.018,0.016,false
312,,,,,,6473,4331,,17.30125,80.011667,6.29,R,,sgG6,-0.03,-0.038,,false
313, 77    Psc,77,,,Psc,6479,109666,,16.455,4.908333,6.35,,0.38,F3V,0.022,-0.121,,false
314, 77    Psc,77,,,Psc,6480,109667,,16.464167,4.909444,7.25,,0.49,F6V,0.029,-0.119,,false
315, 27    Cet,27,,,Cet,6482,147601,,16.403333,-9.979167,6.12,,1.01,K0III,-0.034,-0.033,,false
316,,,,,,6497,22015,,16.750833,56.935,6.43,,1.18,K2III,0.1,-0.11,,false
317, 28    Cet,28,,,Cet,6530,147606,,16.52125,-9.839444,5.58,,0.01,A1V,0.03,0.004,,false
318,,,,,,6540,22021,,16.789583,53.498333,6.38,R,,K2III,0.023,-0.001,,false
319, 75    Psc,75,,,Psc,6557,92250,,16.64,12.956111,6.12,,0.96,G8III,0.019,0.023,,false
320,,,,,,6559,166799,,16.532083,-23.9925,6.14,,1.09,G8-K0III,-0.031,-0.041,,false
321, 30Mu  Cas,30,Mu,,Cas,6582,22024,405,17.068333,54.920278,5.17,,0.69,G5Vb,3.424,-1.596,0.136,false
322,   Bet Phe,,Bet,,Phe,6595,215365,400,16.520833,-46.718611,3.31,,0.89,G8III,-0.027,-0.001,0.021,false
323,,,,,,6619,192925,,16.610417,-35.660833,6.61,,0.14,A1V,0.069,-0.023,,false
324, 41    And,41,,,And,6658,36950,,17.00375,43.941944,5.03,,0.11,A3m,0.165,-0.07,0.031,false
325,,,,,,6668,166814,,16.804583,-23.996389,6.37,,0.23,A7V,0.098,-0.036,,false
326,,,,,,6676,22032,,17.13875,58.263611,5.79,,-0.01,B8V,0.007,-0.005,,false
327, 78    Psc,78,,,Psc,6680,54445,,17.005417,32.012222,6.25,,0.4,F5IV,0.204,-0.03,,false
328, 79Psi2Psc,79,Psi,2,Psc,6695,74506,,16.988333,20.739167,5.55,,0.13,A3V,0.087,-0.094,,false
329, 30    Cet,30,,,Cet,6706,147622,,16.9425,-9.785556,5.82,,0.43,F7IV,0.152,0.017,,false
330, 80    Psc,80,,,Psc,6763,109697,410,17.0925,5.649722,5.52,,0.34,F0III-IV,-0.264,-0.185,0.036,false
331,   Ups Phe,,Ups,,Phe,6767,215374,,16.949583,-41.486944,5.21,,0.16,A3IV,0.038,0.01,0.014,false
332,   Iot Tuc,,Iot,,Tuc,6793,248324,,16.827917,-61.775278,5.37,,0.88,G5III,0.073,-0.012,0.033,false
333,,,,,,6798,4341,,18.069583,79.673889,5.64,,0.01,A3V,0.091,-0.005,,false
334, 31Eta Cet,31,Eta,,Cet,6805,147632,,17.1475,-10.182222,3.45,,1.16,K1.5IIICN1Fe0.5,0.218,-0.138,0.041,false
335, 42Phi And,42,Phi,,And,6811,36972,Var?,17.375833,47.241944,4.25,,-0.07,B7Ve,0.01,-0.009,0.003,false
336, 31    Cas,31,,,Cas,6829,11612,,17.66375,68.778611,5.29,,-0.02,A0Vnn,0.036,-0.031,0.017,false
337, 43Bet And,43,Bet,,And,6860,54471,414,17.432917,35.620556,2.06,,1.58,M0+IIIa,0.178,-0.114,0.049,false
338,   Zet Phe,,Zet,,Phe,6882,232306,Zet Phe,17.09625,-55.245833,3.92,,-0.08,B6V+B9V,0.019,0.025,0.013,false
339, 81Psi3Psc,81,Psi,3,Psc,6903,92283,Var?,17.455,19.658611,5.55,,0.69,G0III,-0.006,0.009,,false
340, 44    And,44,,,And,6920,36984,,17.578333,42.081389,5.65,,0.6,F8V,-0.133,-0.043,,false
341,,,,,,6953,74530,,17.580833,25.457778,5.8,,1.47,K7III,0.0,-0.114,,false
342,,,,,,6960,11615,424,17.856667,64.202778,5.55,,-0.07,B9.5V,0.04,-0.013,,false
343, 33The Cas,33,The,,Cas,6961,22070,423,17.775833,55.149722,4.33,,0.17,A7V,0.229,-0.022,0.014,false
344,,,,,,6966,92288,,17.547917,15.674167,6.06,,1.49,M0III,0.031,-0.021,,false
345, 32    Cas,32,,,Cas,6972,11617,RU Cas,17.9225,65.018889,5.57,,-0.09,B9IV,0.023,-0.016,,false
346, 32    Cet,32,,,Cet,6976,129154,,17.55,-8.906111,6.4,,1.04,K0III,-0.013,-0.036,,false
347, 33    Cet,33,,,Cet,7014,109715,422,17.64,2.445556,5.95,,1.51,K4III,0.0,-0.015,,false
348, 45    And,45,,,And,7019,54494,,17.792917,37.724167,5.81,,-0.1,B7III-IV,-0.012,-0.007,0.003,false
349, 82    Psc,82,,,Psc,7034,54493,,17.778333,31.424722,5.16,,0.23,F0V,-0.011,-0.014,,false
350,,,,,,7082,232324,,17.530833,-57.694444,6.41,,0.89,G6II-III,-0.006,-0.121,,false
351, 84Chi Psc,84,Chi,,Psc,7087,74544,,17.863333,21.034722,4.66,,1.03,G8.5III-IIIa,0.038,-0.011,0.015,false
352, 83Tau Psc,83,Tau,,Psc,7106,74546,,17.915,30.089722,4.51,,1.09,K0.5IIIb,0.072,-0.035,0.023,false
353, 34    Cet,34,,,Cet,7147,129169,,17.93125,-2.251111,5.94,,1.4,K4III,-0.062,-0.026,,false
354,,,,,,7157,11637,,18.29125,61.705833,6.41,,0.01,B9V,0.033,-0.021,,false
355,,,,,,7158,37023,,18.141667,45.337778,6.11,,1.64,M1III,0.021,0.026,,false
356,,,,,,7229,74561,,18.247917,30.064167,6.19,,1.0,G9III+G1V,0.02,-0.034,,false
357,,,,,,7238,4354,,19.127917,79.91,6.26,,0.42,F5V s,-0.055,0.059,,false
358,,,,,,7259,192977,,18.0975,-30.802222,6.52,,0.48,F7IV,0.061,-0.077,,false
359,,,,,,7312,192980,AI Scl,18.189167,-37.856389,5.92,,0.28,F0III,0.09,-0.034,,false
360, 85Phi Psc,85,Phi,,Psc,7318,74571,,18.437083,24.583611,4.65,,1.04,K0III,0.017,-0.023,0.007,false
361, 86Zet Psc,86,Zet,,Psc,7344,109739,,18.432917,7.575278,5.24,,0.32,A7IV,0.144,-0.056,0.026,false
362, 86Zet Psc,86,Zet,,Psc,7345,109740,442,18.43875,7.578333,6.3,,0.49,F7V,0.147,-0.052,0.026,false
363,,,,,,7351,74576,444,18.520833,28.529722,6.43,,1.7,S3+/2-,0.079,-0.049,,false
364, 87    Psc,87,,,Psc,7374,92326,445,18.531667,16.133611,5.98,,-0.08,B8III,-0.027,-0.026,,false
365,,,,,,7389,4358,,19.050417,71.743889,7.83,,0.78,K1V,0.006,0.004,,false
366, 37    Cet,37,,,Cet,7439,129193,446,18.6,-7.923056,5.13,,0.46,F5V,0.127,0.273,0.056,false
367, 88    Psc,88,,,Psc,7446,109753,,18.676667,6.995278,6.03,,1.08,gG6,-0.011,-0.024,,false
368, 38    Cet,38,,,Cet,7476,129196,,18.705,-0.973889,5.7,,0.42,F5V,-0.012,0.201,0.028,false
369,,,,,,7546,37067,,19.102083,48.082222,6.61,,-0.05,B9IIIpSi,0.01,0.001,,false
370,   Nu  Phe,,Nu,,Phe,7570,215428,,18.79625,-45.531389,4.96,,0.58,F8V,0.669,0.183,0.069,false
371,,,,,,7578,54567,,19.078333,33.114722,6.02,,1.15,K1III,0.016,-0.033,,false
372,,,,,,7647,37077,,19.27125,44.901944,6.34,R,,K5,0.014,-0.045,,false
373, 39    Cet,39,,,Cet,7672,129204,AY Cet,19.15125,-2.500278,5.41,,0.9,G5IIIe+dA,-0.104,-0.063,0.015,false
374,,,,,,7724,54580,,19.350417,31.744722,6.73,R,,K0,-0.052,0.003,,false
375,,,,,,7732,4376,,20.08125,77.570556,6.31,,0.92,G5III,-0.018,0.086,,false
376,,,,,,7758,37096,,19.5425,47.419722,6.25,,1.35,K0,0.018,-0.002,,false
377,   Kap Tuc,,Kap,,Tuc,7788,248346,454,18.942083,-68.876111,4.86,,0.47,F6IV,0.399,0.107,0.061,false
378, 89    Psc,89,,,Psc,7804,109793,,19.45,3.614444,5.16,,0.07,A3V,-0.046,-0.025,0.013,false
379,,,,,,7853,54592,,19.695833,37.386111,6.46,,0.23,A5m,-0.011,-0.014,0.008,false
380,,,,,,7916,248350,,19.265,-66.398056,6.24,,0.05,A0V,0.044,0.002,0.01,false
381,,,,,,7925,4387,,20.49625,76.238889,6.38,,0.28,F0IVn,0.063,-0.032,,false
382, 34Phi Cas,34,Phi,,Cas,7927,22191,,20.020417,58.231667,4.98,,0.68,F0Ia,0.0,-0.002,-0.003,false
383, 90Ups Psc,90,Ups,,Psc,7964,74637,,19.866667,27.264167,4.76,,0.03,A3V,0.025,-0.013,0.019,false
384, 35    Cas,35,,,Cas,8003,11712,474,20.271667,64.658333,6.34,,0.09,A2Vnn,0.057,-0.019,,false
385, 42    Cet,42,,,Cet,8036,129235,,19.95125,-0.508889,5.87,,0.64,G8III+A7V,0.012,-0.014,0.009,false
386,,,,,,8065,4391,,20.945,78.725833,6.07,,0.39,A0Iab,-0.009,-0.003,,false
387,,,,,,8120,129239,,20.14375,-3.246944,6.23,,1.02,K1III,-0.013,0.006,,false
388,,,,,,8121,147746,,20.115833,-11.238889,6.15,,1.11,K1III,-0.047,-0.074,,false
389, 91    Psc,91,,,Psc,8126,74647,,20.280833,28.738056,5.23,,1.39,gK5,0.027,-0.078,,false
390, 46Xi  And,46,Xi,,And,8207,37155,,20.585,45.528889,4.88,,1.08,K0-IIIb,0.032,0.009,0.026,false
391,,,,,,8272,22230,,20.84,58.143056,6.45,,,F4V,0.139,-0.094,0.005,false
392,,,,,,8334,109834,,20.654167,1.726389,6.2,,1.52,K5IIIab,0.066,-0.048,,false
393, 43    Cet,43,,,Cet,8335,129262,487,20.645,-0.449722,6.49,,1.08,gK0,0.023,-0.014,,false
394,,,,,,8350,147767,,20.627083,-19.081389,6.35,,0.48,F6IV,-0.056,-0.071,0.008,false
395, 47    And,47,,,And,8374,54655,,20.919167,37.715,5.58,,0.26,A2Vm,0.083,-0.022,,false
396,,,,,,8375,54654,,20.90625,34.245833,6.29,,0.83,G8IV,0.229,0.116,,false
397,,,,,,8388,74682,,20.85375,20.468889,5.97,,1.71,K5,-0.009,-0.007,,false
398,,,,,,8424,4401,,21.44375,70.98,6.49,R,,A0Vnn,0.016,-0.013,,false
399, 36Psi Cas,36,Psi,,Cas,8491,11751,,21.483333,68.13,4.74,,1.05,K0III,0.074,0.026,0.013,false
400,,,,,,8498,193090,,20.879167,-30.945556,5.84,,1.61,K5III,-0.012,-0.046,,false
401, 44    Cet,44,,,Cet,8511,129275,AV Cet,21.010417,-8.0075,6.21,,0.23,F0V,0.174,-0.07,,false
402, 45The Cet,45,The,,Cet,8512,129274,,21.005833,-8.183333,3.6,,1.06,K0III-IIIb,-0.079,-0.218,0.041,false
403, 37Del Cas,37,Del,,Cas,8538,22268,Del Cas,21.454167,60.235278,2.68,,0.13,A5III-IV,0.297,-0.051,0.037,false
404,,,,,,8556,129277,,21.085833,-6.914722,5.91,,0.41,F3V,0.042,0.003,0.023,false
405,,,,,,8589,147793,,21.165833,-15.660278,6.14,,0.91,G5,0.012,-0.005,,false
406,,,,,,8599,129280,,21.202917,-2.848611,6.15,,0.96,G8III,0.013,-0.03,,false
407,,,,,,8634,74707,,21.39875,23.511667,6.18,,0.43,F5III,0.032,-0.021,,false
408,,,,,,8651,215492,,21.17,-41.4925,5.42,,1.04,K0III,0.022,-0.038,-0.012,false
409,,,,,,8671,37204,,21.5775,43.457778,5.96,,0.49,F7V,0.103,-0.06,,false
410,,,,,,8673,54695,,21.53625,34.579722,6.31,,0.47,F7V,0.23,-0.087,,false
411,,,,,,8681,215494,,21.174583,-44.528333,6.26,,1.14,K1II,-0.009,-0.018,,false
412, 46    Cet,46,,,Cet,8705,147803,,21.405,-14.598889,4.9,,1.23,K2.5IIIb,0.039,-0.018,0.007,false
413, 93Rho Psc,93,Rho,,Psc,8723,92436,506,21.56375,19.172222,5.38,,0.39,F2V:,-0.024,0.01,0.038,false
414, 94    Psc,94,,,Psc,8763,92444,,21.67375,19.240278,5.5,,1.11,K1III,0.05,-0.061,0.013,false
415,,,,,,8774,54705,,21.775833,34.3775,6.27,,0.46,F7IVb vs,0.154,-0.011,,false
416,,,,,,8779,129300,,21.61375,-0.398611,6.41,,1.24,K0IV,0.044,-0.001,0.023,false
417, 48Ome And,48,Ome,,And,8799,37228,,21.914167,45.406667,4.83,,0.42,F5IV,0.351,-0.107,0.03,false
418,,,,,,8801,37227,,21.860833,41.100556,6.46,,0.27,A7m,0.003,-0.001,,false
419,,,,,,8803,109895,,21.722917,3.535278,6.58,,-0.04,B9V+A8V,0.004,-0.035,-0.016,false
420,,,,,,8810,248381,,21.272083,-64.369444,5.93,,1.56,K5III,0.023,-0.019,,false
421, 47    Cet,47,,,Cet,8829,147812,512,21.715,-13.056667,5.66,,0.35,F0IIIDel Del,0.016,0.009,,false
422,,,,,,8837,37234,,21.945833,40.335556,6.6,,-0.04,A0III,0.015,-0.019,,false
423,,,,,,8879,193122,R Scl,21.742083,-32.543056,5.79,,3.86,C6II,-0.011,-0.031,,false
424,  1Alp UMi,1,Alp,,UMi,8890,308,Alp UMi,37.952917,89.264167,2.02,,0.6,F7:Ib-II,0.038,-0.015,0.007,false
425,,,,,,8921,147819,,21.944167,-10.901667,6.13,,1.32,K4III-IV,0.18,0.019,,false
426,,,,,,8949,109907,519,22.095417,7.961389,6.2,,1.12,K1III,0.112,-0.003,,false
427, 38    Cas,38,,,Cas,9021,4422,,22.8075,70.264722,5.81,,0.47,F6V,0.137,-0.077,0.039,false
428,,,,,,9030,11788,,22.717917,66.098056,6.14,,0.08,A2V s,0.084,-0.01,-0.001,false
429,   Gam Phe,,Gam,,Phe,9053,215516,Gam Phe,22.09125,-43.318333,3.41,,1.57,M0-IIIa,-0.014,-0.209,0.0,false
430, 49    And,49,,,And,9057,37275,,22.525833,47.007222,5.27,,1.0,K0III,0.008,-0.044,0.015,false
431,,,,,,9065,193136,WZ Scl,22.180417,-33.763611,6.58,,0.3,F0IV,-0.055,-0.025,,false
432, 97    Psc,97,,,Psc,9100,92463,VX Psc,22.470417,18.355556,6.02,,0.14,A4IV,0.063,-0.003,,false
433, 48    Cet,48,,,Cet,9132,167086,,22.400417,-21.629444,5.12,,0.02,A1V,0.056,0.006,0.028,false
434, 98Mu  Psc,98,Mu,,Psc,9138,109926,,22.54625,6.143889,4.84,,1.37,K4III,0.294,-0.048,0.018,false
435,,,,,,9184,215525,AW Phe,22.376667,-46.756389,6.31,,1.66,M2III,-0.012,0.013,,false
436,,,,,,9228,167093,,22.595417,-26.207778,5.93,,1.34,K4III,0.045,0.002,,false
437, 99Eta Psc,99,Eta,,Psc,9270,92484,532,22.870833,15.345833,3.62,,0.97,G7IIIa,0.028,-0.006,0.015,false
438,,,,,,9298,54762,,23.031667,34.8,6.39,,-0.12,B7IIIpHgMn,-0.008,-0.002,,false
439,,,,,,9352,22389,,23.3575,58.3275,5.7,,1.52,K0Ib+B9V,0.011,0.002,,false
440,   Del Phe,,Del,,Phe,9362,215536,,22.812917,-49.072778,3.95,,0.99,K0III,0.142,0.151,0.031,false
441,,,,,,9377,193163,,22.930417,-30.283333,5.82,,1.08,K0III,0.009,-0.067,,false
442, 39Chi Cas,39,Chi,,Cas,9408,22397,,23.482917,59.231944,4.71,,1.0,G9IIIb,-0.037,-0.021,0.021,false
443,,,,,,9414,215539,,22.912917,-45.575556,6.17,,0.06,A2V,0.0,0.006,,false
444,,,,,,9484,129363,Var,23.264583,-9.014722,6.59,,-0.04,A0III,0.029,0.003,,false
445,,,,,,9525,193173,,23.233333,-36.865278,5.51,,1.02,K0III,0.002,-0.023,0.007,false
446,,,,,,9531,54788,KK And,23.569167,37.237222,5.88,,-0.07,B9IV,0.009,-0.015,0.018,false
447,,,,,,9544,215547,,23.15125,-49.727778,6.28,,0.46,F4V,-0.03,-0.077,,false
448,,,,,,9562,129371,,23.42875,-7.025278,5.76,,0.64,G2IV,0.18,-0.081,,false
449,,,,,,9612,4448,,24.34375,74.300833,6.58,,0.03,B9Ve,0.027,-0.009,,false
450,,,,,,9640,92520,,23.704583,18.460556,5.89,,1.52,M2IIIab,0.033,-0.069,,false
451, 49    Cet,49,,,Cet,9672,147886,,23.6575,-15.676111,5.63,,0.07,A3V,0.096,0.003,,false
452,,,,,,9712,37344,,23.96875,41.076389,6.38,,1.11,K1III,0.139,-0.002,,false
453,,,,,,9742,193188,,23.71125,-31.892222,6.12,,1.11,K0-1III,-0.077,-0.036,,false
454,,,,,,9746,37351,OP And,24.113333,48.722778,5.92,,1.21,gK1,-0.012,-0.017,,false
455,101    Psc,101,,,Psc,9766,92530,559,23.943333,14.661389,6.22,,-0.04,B9.5III,0.004,-0.011,,false
456, 40    Cas,40,,,Cas,9774,4453,567,24.62875,73.04,5.28,,0.96,G8III,-0.013,-0.015,0.017,false
457,,,,,,9780,92531,,23.978333,17.433611,5.8,R,,F0IV,0.152,0.01,,false
458, 50Ups And,50,Ups,,And,9826,37362,,24.199167,41.405556,4.09,,0.54,F8V,-0.171,-0.382,0.062,false
459, 50    Cet,50,,,Cet,9856,147901,,23.995833,-15.400278,5.42,,1.21,K2IIIaBa0.2CN1,0.023,0.011,,false
460,,,,,,9896,232470,561,23.813333,-58.139444,6.01,,0.38,F2V,0.277,-0.035,0.011,false
461,,,,,,9900,22456,,24.531667,57.9775,5.56,,1.38,G5II,0.007,-0.006,,false
462,   Tau Scl,,Tau,,Scl,9906,193201,,24.035,-29.9075,5.69,,0.33,F2V,0.1,0.04,0.025,false
463,102Pi  Psc,102,Pi,,Psc,9919,92536,,24.274583,12.141667,5.57,,0.35,F0V,-0.066,0.043,,false
464, 51    And,51,,,And,9927,37375,,24.498333,48.628333,3.57,,1.28,K3-III,0.065,-0.113,0.021,false
465,,,,,,9996,37393,GY And,24.632083,45.4,6.36,,0.04,B9pCrEu,-0.034,0.014,,false
466,,,,,,10009,129412,,24.407083,-9.403889,6.24,,0.53,F7V,0.259,0.093,0.024,false
467,,,,,,10042,255794,,23.413333,-78.504722,6.11,,0.97,K0III,-0.034,-0.136,,false
468,,,,,,10052,232477,,24.186667,-58.270833,6.18,,1.61,M3III,0.022,0.003,,false
469, 52Chi And,52,Chi,,And,10072,37406,,24.8375,44.386111,4.98,,0.89,G8III,-0.022,0.012,0.009,false
470,,,,,,10110,22493,,25.054583,53.868333,6.39,,1.61,K5III,-0.011,-0.002,,false
471,,,,,,10142,193224,,24.614167,-36.528333,5.94,,1.05,K0IV,-0.018,-0.128,,false
472,   Alp Eri,,Alp,,Eri,10144,232481,Var,24.42875,-57.236667,0.46,,-0.16,B3Vpe,0.095,-0.035,0.026,false
473,,,,,,10148,167198,,24.715833,-21.275278,5.58,,0.34,A4n,0.131,0.036,,false
474,,,,,,10161,167199,,24.708333,-25.021944,6.7,,-0.08,B9Vn,0.001,0.011,,false
475,105    Psc,105,,,Psc,10164,92558,,24.92,16.405833,5.97,,1.12,K2III,0.077,-0.015,,false
476,,,,,,10204,37419,,25.165833,43.297778,5.61,,0.21,sgA9,0.127,-0.037,,false
477, 53Tau And,53,Tau,,And,10205,37418,584,25.145,40.576944,4.94,,-0.09,B8III,0.013,-0.025,,false
478, 43    Cas,43,,,Cas,10221,11919,V557 Cas,25.585417,68.043056,5.59,,-0.07,A0pSiSr,0.052,-0.009,,false
479,,,,,,10241,232483,,24.700833,-53.438889,6.84,,0.44,F5IV-V,-0.027,-0.046,,false
480, 42    Cas,42,,,Cas,10250,4470,590,25.732917,70.6225,5.18,,-0.04,B9V,0.077,-0.013,0.004,false
481,,,,,,10260,11920,,25.5125,61.038333,6.71,,-0.03,B8IIIpSi,0.015,-0.007,,false
482,,,,,,10293,22520,,25.574167,58.627778,6.37,,-0.02,B8III,0.019,-0.01,,false
483,,,,,,10307,37434,,25.446667,42.613611,4.95,,0.62,G1.5V,0.809,-0.154,0.081,false
484,,,,,,10308,74870,,25.326667,25.745833,6.17,,0.44,F2III,0.118,-0.04,0.023,false
485,,,,,,10348,74872,,25.413333,30.047222,5.99,,1.01,K0III,-0.015,-0.006,,false
486,,,,,,10360,232492,,24.9475,-56.198056,5.87,,0.9,K0V,0.31,-0.02,0.152,false
487,,,,,,10361,232490,,24.949167,-56.194722,5.76,,0.87,K5V,0.279,0.02,0.152,false
488,,,,,,10362,11931,,25.743333,61.421667,6.34,,0.01,B7II,0.004,0.011,,false
489,106Nu  Psc,106,Nu,,Psc,10380,110065,,25.357917,5.4875,4.44,,1.36,K3IIIbBa0.1,-0.021,0.002,0.041,false
490,,,,,,10390,54912,,25.514583,35.245556,5.64,,-0.07,B9IV-V,0.049,-0.028,,false
491, 44    Cas,44,,,Cas,10425,11941,,25.832083,60.551111,5.78,,-0.02,B8IIIn,0.008,-0.02,,false
492,,,,,,10453,147962,,25.43625,-11.324722,5.75,,0.44,F5V+F7V,0.043,-0.412,0.035,false
493,107    Psc,107,,,Psc,10476,74883,600,25.624167,20.268611,5.24,,0.84,K1V,-0.296,-0.672,0.119,false
494,,,,,,10481,193255,,25.36375,-38.133056,6.17,,0.42,F2V,0.05,0.052,,false
495,,,,,,10486,37460,,25.81875,45.322222,6.34,,1.01,K2IV,0.146,-0.017,,false
496,   Phi Per,,Phi,,Per,10516,22554,Phi Per,25.915,50.688611,4.07,,-0.04,B2Vep,0.026,-0.014,0.025,false
497,   Pi  Scl,,Pi,,Scl,10537,193263,,25.535833,-32.326944,5.25,,1.05,K0III,-0.065,-0.025,-0.005,false
498,,,,,,10538,193261,,25.5125,-36.8325,5.72,,-0.01,A1V,-0.028,-0.021,,false
499,,,,,,10543,22566,,26.074583,57.536389,6.21,,0.1,A3V,0.039,-0.04,-0.003,false
500,,,,,,10550,129465,,25.68125,-3.690278,4.99,,1.38,K3II-III,-0.007,-0.032,0.009,false
501,,,,,,10553,232497,,25.42125,-50.038889,6.64,,0.12,A3V,-0.023,-0.02,,false
502,,,,,,10587,22578,,26.192083,57.089167,6.25,,0.04,A2V,0.014,-0.004,,false
503,,,,,,10588,54939,Var?,25.958333,32.191667,6.34,R,,G8III-IV,-0.022,-0.007,,false
504,,,,,,10597,37475,,26.110417,46.139722,6.35,R,,K5III,-0.009,-0.028,,false
505,,,,,,10615,248421,,25.45,-60.789444,5.71,,1.27,K2-3III,0.015,-0.041,,false
506,,,,,,10647,232501,,25.622083,-53.740556,5.52,,0.53,F9V,0.171,-0.093,,false
507,,,,,,10658,129477,,25.978333,-4.765556,6.19,,1.54,K0,-0.02,-0.032,,false
508,109    Psc,109,,,Psc,10697,92611,,26.2325,20.083056,6.27,,0.75,G3Va,-0.041,-0.109,0.027,false
509, 52Tau Cet,52,Tau,,Cet,10700,147986,,26.017083,-15.9375,3.5,,0.72,G8V,-1.718,0.856,0.275,false
510,110Omi Psc,110,Omi,,Psc,10761,110110,615,26.348333,9.157778,4.26,,0.96,G8III,0.073,0.048,0.023,false
511,,,,,,10780,11983,,26.936667,63.852222,5.63,,0.81,K0V,0.582,-0.255,0.107,false
512,,,,,,10800,258271,,24.481667,-82.975,5.87,,0.61,G2V,0.119,0.12,,false
513,,,,,,10824,129490,,26.497083,-5.733333,5.34,,1.52,K4III,-0.007,-0.033,,false
514,   Eps Scl,,Eps,,Scl,10830,167275,,26.411667,-25.0525,5.31,,0.39,F1V,0.162,-0.057,0.037,false
515,,,,,,10845,92622,VY Psc,26.647083,17.413056,6.55,,0.25,A9III,0.053,0.011,,false
516,   Tau1Hyi,,Tau,1,Hyi,10859,255806,,25.33875,-79.148333,6.33,,0.94,G6-8III,0.052,0.009,,false
517,,,,,,10863,167279,,26.504167,-27.349167,6.39,,0.36,F2Vn,0.095,-0.052,,false
518,,,,,,10874,37513,,26.95,46.229722,6.32,,0.43,F6V,0.014,-0.056,,false
519,,,,,,10934,232519,,26.524167,-50.816389,5.49,,1.6,M3III,0.034,-0.024,-0.023,false
520,,,,,,10939,232520,,26.52625,-53.521944,5.04,,0.04,A1V,0.127,0.056,0.023,false
521,,,,,,10975,54991,,27.162083,37.952778,5.94,,0.97,K0III,0.112,-0.029,,false
522,  4    Ari,4,,,Ari,10982,92637,,27.045417,16.955556,5.84,,-0.03,B9.5V,0.053,-0.036,,false
523,,,,,,11007,54994,,27.173333,32.690278,5.79,,0.55,F8V,-0.167,0.298,0.038,false
524,,,,,,11022,215650,,26.82,-41.76,6.18,,1.54,K5-M0III,0.024,0.042,,false
525,,,,,,11025,258273,,24.366667,-84.769722,5.69,,0.94,G8III,0.034,0.021,,false
526,,,,,,11031,37536,,27.315417,47.896944,5.82,,0.29,A3V,-0.01,-0.002,0.008,false
527,,,,,,11037,110138,,27.108333,3.685556,5.91,,0.97,G9III,-0.006,0.017,,false
528,,,,,,11050,193303,,26.949167,-37.159722,6.32,,1.02,K0III,0.008,0.011,,false
529,,,,,,11151,22678,,27.737917,51.933333,5.9,,0.43,F5IV,0.041,-0.12,,false
530,  1    Ari,1,,,Ari,11154,74966,,27.535417,22.275278,5.86,,0.74,K1III+A6V,-0.017,-0.008,0.017,false
531, 53Chi Cet,53,Chi,,Cet,11171,148036,,27.39625,-10.686389,4.67,,0.33,F3III,-0.146,-0.093,0.046,false
532,,,,,,11183,193320,,27.33125,-31.072778,6.34,,1.22,K2-3III,0.101,-0.026,,false
533,  1    Per,1,,,Per,11241,22690,V436 Per,27.997083,55.1475,5.52,,-0.18,B1.5V,0.014,-0.008,,false
534,,,,,,11257,92659,635,27.716667,11.043333,5.94,,0.3,F2V w,-0.07,-0.027,,false
535,,,,,,11262,193326,,27.453333,-38.403889,6.37,,0.52,F8V,-0.003,0.233,0.022,false
536,  2    Per,2,,,Per,11291,22696,,28.039167,50.792778,5.79,,-0.07,B9IIIpHgMn,0.017,-0.026,,false
537,,,,,,11332,215673,,27.584167,-47.816389,6.14,,1.01,K1IV,0.124,0.051,,false
538,,,,,,11335,22705,,28.211667,51.474722,6.26,,,A3V,-0.011,-0.009,,false
539, 55Zet Cet,55,Zet,,Cet,11353,148059,638,27.865,-10.335,3.73,,1.14,K0IIIBa0.1,0.041,-0.039,0.031,false
540,,,,,,11408,22716,,28.452083,55.598056,6.45,,0.18,A5m,0.049,0.001,,false
541,,,,,,11413,232542,BD Phe,27.727083,-50.206111,5.94,,0.14,A1Vp,-0.042,-0.003,,false
542, 45Eps Cas,45,Eps,,Cas,11415,12031,652,28.59875,63.67,3.38,,-0.15,B3III,0.032,-0.021,0.01,false
543, 55    And,55,,,And,11428,37587,,28.322083,40.729722,5.4,,1.32,gK1,-0.01,-0.006,0.006,false
544,  2Alp Tri,2,Alp,,Tri,11443,74996,,28.270417,29.578889,3.41,,0.49,F6IV,0.011,-0.235,0.057,false
545,  5Gam1Ari,5,Gam,1,Ari,11503,92680,Var?,28.3825,19.295833,4.83,H,,B9V,0.078,-0.112,0.026,false
546,  5Gam2Ari,5,Gam,2,Ari,11502,92681,Gam Ari,28.3825,19.293611,4.75,H,-0.04,A1pSi,0.079,-0.104,0.026,false
547,,,,,,11522,148078,BK Cet,28.217083,-16.929167,5.8,,0.27,F0IIIn,0.042,-0.053,,false
548, 46Ome Cas,46,Ome,,Cas,11529,12038,659,29.0,68.685278,4.99,,-0.1,B8III,0.013,-0.011,,false
549,111Xi  Psc,111,Xi,,Psc,11559,110206,654,28.38875,3.1875,4.62,,0.94,K0III,0.022,0.023,0.005,false
550,   Tau2Hyi,,Tau,2,Hyi,11604,258280,,26.94375,-80.176667,6.06,,0.34,F0IV,-0.074,-0.071,,false
551,,,,,,11613,37607,,28.724167,40.701944,6.24,,1.25,K2,0.047,-0.066,,false
552,,,,,,11624,55082,,28.739583,37.128333,6.26,,1.17,K0,0.021,-0.01,,false
553,  6Bet Ari,6,Bet,,Ari,11636,75012,658,28.66,20.808056,2.64,,0.13,A5V,0.096,-0.111,0.074,false
554,,,,,,11643,193368,,28.346667,-38.594722,6.1,,1.12,K1II,0.131,0.027,,false
555,   Psi Phe,,Psi,,Phe,11695,215696,Psi Phe,28.411667,-46.3025,4.41,,1.59,M4III,-0.086,-0.087,0.011,false
556,,,,,,11727,55102,,28.976667,37.277778,5.89,,1.63,gM0,0.004,-0.003,,false
557, 56    And,56,,,And,11749,55107,,29.03875,37.251667,5.67,,1.06,K0III,0.182,0.006,,false
558,   Phi Phe,,Phi,,Phe,11753,215697,,28.591667,-42.496944,5.11,,-0.06,A3V,-0.028,-0.032,,false
559,  7    Ari,7,,,Ari,11763,75030,RR Ari,28.9625,23.577222,5.74,,1.19,K1III,0.009,-0.013,,false
560,,,,,,11803,110235,667,28.974167,1.849722,6.01,,0.56,F7V+G0V,0.158,0.184,0.025,false
561,,,,,,11857,12065,678,29.63875,61.698056,6.02,,-0.04,B5III,0.014,-0.008,,false
562,,,,,,11905,37653,,29.485,41.694444,6.78,,-0.06,B8III,0.012,-0.014,,false
563,  8Iot Ari,8,Iot,,Ari,11909,92721,,29.337917,17.8175,5.1,,0.92,K1p,0.037,-0.018,,false
564,,,,,,11928,75048,,29.4325,27.804444,5.82,,1.6,M2III,0.026,-0.058,,false
565, 56    Cet,56,,,Cet,11930,167416,,29.1675,-22.526944,4.85,,1.42,K4III,0.062,-0.029,-0.012,false
566,   Chi Eri,,Chi,,Eri,11937,232573,671,28.989583,-51.608889,3.7,,0.85,G8IIIbCNIV,0.681,0.292,0.058,false
567,,,,,,11946,12076,,29.908333,64.621389,5.26,,0.01,A0Vn,0.033,-0.02,,false
568,  3    Per,3,,,Per,11949,37665,,29.64,49.204167,5.69,,1.01,K0IV,0.01,0.038,,false
569,  9Lam Ari,9,Lam,,Ari,11973,75051,680,29.482083,23.596111,4.79,,0.28,F0V,-0.09,-0.013,0.028,false
570,   Eta2Hyi,,Eta,2,Hyi,11977,248460,,28.73375,-67.647222,4.69,,0.95,G8.5III,0.074,0.074,,false
571,,,,,,11995,248464,,28.943333,-60.861389,6.06,,0.37,F0IV-V,0.004,0.056,,false
572,,,,,,12005,4555,,30.738333,77.916389,6.04,,1.14,K0,-0.004,-0.002,,false
573,,,,,,12042,232581,,29.250417,-51.766111,6.1,,0.48,F6-7V,0.359,0.248,0.056,false
574,,,,,,12055,215715,,29.291667,-47.385,4.83,,0.88,G8III,0.103,0.016,0.021,false
575, 48    Cas,48,,,Cas,12111,4554,694,30.489167,70.906944,4.54,,0.16,A3IV,-0.067,0.004,0.035,false
576,,,,,,12135,193422,,29.61125,-33.066667,6.35,,1.02,K0III,0.008,-0.02,,false
577,,,,,,12139,75077,,29.89875,21.058333,5.87,,1.03,K0III-IV,0.139,-0.022,,false
578,,,,,,12140,92739,,29.857917,12.294722,6.09,,0.19,A6V,0.008,-0.042,,false
579,,,,,,12173,4559,,30.79375,73.850556,6.23,R,,A5III,-0.029,-0.005,0.004,false
580, 50    Cas,50,,,Cas,12216,4560,,30.85875,72.421389,3.98,,-0.01,A2V,-0.045,0.022,,false
581, 47    Cas,47,,,Cas,12230,4562,,31.280833,77.281389,5.38,,0.31,F0Vn,0.125,-0.056,0.028,false
582,112    Psc,112,,,Psc,12235,110266,691,30.038333,3.097222,5.88,,0.62,G2IV,0.231,-0.251,0.034,false
583, 57    Cet,57,,,Cet,12255,167466,,29.942083,-20.824444,5.41,,1.65,M1III,0.008,0.019,,false
584,,,,,,12270,248472,,29.473333,-65.424722,6.37,,0.9,G8II-III,-0.01,-0.013,,false
585, 59Ups Cet,59,Ups,,Cet,12274,167471,,30.00125,-21.077778,4.0,,1.57,M0III,0.135,-0.024,0.007,false
586, 52    Cas,52,,,Cas,12279,12095,,30.719583,64.901389,6.0,,0.03,A1Vn,-0.002,-0.015,,false
587,,,,,,12292,129624,AR Cet,30.112083,-8.523611,5.51,,1.52,M3III,0.096,-0.01,,false
588,,,,,,12296,215726,,29.911667,-42.030556,5.57,,1.06,K1III,-0.054,-0.103,0.018,false
589, 53    Cas,53,,,Cas,12301,12097,,30.75125,64.39,5.58,,0.38,B8Ib,0.005,-0.005,,false
590,  4    Per,4,,,Per,12303,22859,,30.575417,54.4875,5.04,,-0.08,B8III,0.035,-0.002,,false
591,   Alp Hyi,,Alp,,Hyi,12311,248474,,29.6925,-61.569722,2.86,,0.28,F0V,0.264,0.027,0.048,false
592, 49    Cas,49,,,Cas,12339,4565,,31.38,76.115,5.22,,0.95,G8III,-0.022,-0.021,0.022,false
593,   Sig Hyi,,Sig,,Hyi,12363,255835,,28.960417,-78.348333,6.16,,0.44,F5-6IV-V,0.096,0.06,,false
594,   Pi  For,,Pi,,For,12438,193455,,30.31125,-30.001667,5.35,,0.88,G5III,-0.104,-0.109,0.017,false
595,113Alp Psc,113,Alp,,Psc,12446,,,30.511667,2.763611,5.23,H,,A3m,0.033,-0.005,0.005,false
596,113Alp Psc,113,Alp,,Psc,12447,110291,705,30.511667,2.763611,4.33,H,0.03,A0pSiSr,0.033,-0.005,0.005,false
597,,,,,,12467,344,,32.355417,81.295833,6.05,,0.11,A1V,-0.036,0.006,,false
598,,,,,,12468,12105,,31.167083,65.103333,6.52,,0.0,A0V,0.051,-0.032,,false
599,  3Eps Tri,3,Eps,,Tri,12471,55218,707,30.741667,33.283889,5.5,,0.03,A2V,-0.016,-0.013,0.01,false
600,,,,,,12477,248476,,29.92125,-66.066389,6.1,,1.17,K1III,0.032,0.006,,false
601,,,,,,12479,92763,,30.646667,13.476667,5.94,,1.59,M2III,0.016,-0.01,,false
602,   Chi Phe,,Chi,,Phe,12524,215739,,30.426667,-44.713611,5.14,,1.49,K5III,-0.028,-0.053,-0.019,false
603, 57Gam1And,57,Gam,1,And,12533,37734,,30.975,42.329722,2.26,,1.37,K3-IIb,0.045,-0.052,0.013,false
604, 57Gam2And,57,Gam,2,And,12534,37735,,30.977917,42.330833,4.84,,0.03,B8V+A0V,0.037,-0.055,0.013,false
605, 10    Ari,10,,,Ari,12558,75114,,30.91375,25.935556,5.63,,0.54,F8IV,0.134,0.022,0.025,false
606,,,,,,12563,167511,,30.617083,-29.665,6.42,,0.14,A3III,-0.033,0.027,,false
607, 60    Cet,60,,,Cet,12573,129655,,30.79875,0.128333,5.43,,0.15,A5III,0.079,0.017,,false
608,,,,,,12583,148170,,30.744167,-15.305833,5.86,,0.98,G3IV,0.028,0.011,,false
609,,,,,,12594,92774,,30.9275,18.253333,6.21,,1.42,gK4,-0.007,-0.018,,false
610, 61    Cet,61,,,Cet,12641,129667,711,30.950833,-0.340278,5.93,,0.88,G5II-III+G5V,0.079,-0.046,,false
611,,,,,,12642,129665,,30.91875,-4.103611,5.62,,1.59,K5I:,0.006,-0.068,,false
612,   Nu  For,,Nu,,For,12767,167532,Nu  For,31.1225,-29.296944,4.69,,-0.17,B9.5pSi,0.012,0.008,,false
613, 12Kap Ari,12,Kap,,Ari,12869,75146,,31.64125,22.648333,5.03,,0.11,A2m,0.018,-0.035,,false
614,,,,,,12872,110337,WZ Psc,31.55125,8.2475,6.31,,1.65,M2III:,-0.005,-0.036,,false
615, 11    Ari,11,,,Ari,12885,75149,,31.705,25.704722,6.15,,-0.03,B9IV-Vn,0.017,-0.011,,false
616,,,,,,12923,129695,,31.622083,0.035,6.28,,0.9,K0,0.064,-0.01,,false
617, 13Alp Ari,13,Alp,,Ari,12929,75151,725,31.793333,23.4625,2.0,,1.15,K2-IIICa-1,0.19,-0.148,0.049,false
618,,,,,,12953,22959,V472 Per,32.16875,58.423611,5.67,,0.61,A1Ia,-0.011,0.003,,false
619,,,,,,13013,37794,,32.14,44.459444,6.42,R,,G8III-IV,0.016,-0.051,,false
620, 58    And,58,,,And,13041,55289,,32.122083,37.859167,4.82,,0.12,A5IV-V,0.157,-0.044,0.006,false
621,,,,,,13137,22993,,32.5325,53.843056,6.31,,0.95,G8III,0.027,-0.043,,false
622,  4Bet Tri,4,Bet,,Tri,13161,55306,,32.385833,34.987222,3.0,,0.14,A5III,0.15,-0.04,0.022,false
623, 14    Ari,14,,,Ari,13174,75171,,32.355417,25.939722,4.98,,0.33,F2III,0.075,-0.039,,false
624,,,,,,13201,92810,,32.34625,17.224444,6.43,,,F5V,0.142,-0.181,,false
625,,,,,,13215,148237,732,32.190417,-17.779444,6.1,,1.61,M2III,-0.002,-0.032,,false
626,,,,,,13222,4599,,33.338333,74.027778,6.29,,0.91,G8III,0.048,-0.037,,false
627,  5    Per,5,,,Per,13267,23011,Var?,32.870833,57.645833,6.36,,0.33,B5Ia,-0.013,0.005,,false
628, 59    And,59,,,And,13294,55330,,32.72,39.039444,5.63,,-0.02,B9V,-0.015,-0.018,0.01,false
629, 59    And,59,,,And,13295,55331,,32.72375,39.043056,6.1,,-0.07,A1Vn,-0.009,-0.026,0.01,false
630,,,,,,13305,167599,,32.395,-24.345833,6.48,,0.29,F4III,-0.027,-0.044,,false
631, 15    Ari,15,,,Ari,13325,92822,738,32.656667,19.500278,5.7,,1.65,M3IIIab,0.088,-0.028,,false
632,,,,,,13336,215785,,32.28875,-43.516667,5.85,,1.19,K1III,-0.048,-0.053,,false
633, 16    Ari,16,,,Ari,13363,75188,,32.8,25.936944,6.02,,1.36,gK4,-0.007,-0.01,,false
634,  5    Tri,5,,,Tri,13372,55338,740,32.854167,31.526389,6.23,,0.11,A1m,0.035,-0.013,,false
635, 64    Cet,64,,,Cet,13421,110390,,32.837917,8.569722,5.63,,0.56,G0IV,-0.139,-0.112,0.034,false
636,,,,,,13423,215794,,32.520417,-43.815556,6.32,,0.9,G8III,0.059,-0.009,,false
637,,,,,,13445,232658,,32.606667,-50.824444,6.12,,0.82,K1V,2.119,0.641,0.09,false
638,,,,,,13456,148262,,32.8425,-10.052222,6.01,,0.39,F5V,-0.022,-0.166,,false
639, 63    Cet,63,,,Cet,13468,129739,,32.899167,-1.825278,5.93,,0.97,gG9,-0.008,-0.031,,false
640, 55    Cas,55,,,Cas,13474,12180,753,33.62125,66.524444,6.07,,0.63,G0II-III+B9V,-0.006,-0.006,,false
641,,,,,,13476,23044,,33.422917,58.561111,6.44,,0.6,A3Iab,-0.012,0.02,,false
642,  6    Tri,6,,,Tri,13480,55347,TZ Tri,33.092917,30.303056,4.94,,0.78,G5III+F5V,-0.064,-0.063,0.004,false
643, 60    And,60,,,And,13520,37867,746,33.305417,44.231667,4.83,,1.48,K3.5IIIBa0.5:,-0.02,-0.016,,false
644,,,,,,13522,75203,,33.15625,24.167778,5.96,,1.37,K0,0.041,-0.006,,false
645,,,,,,13530,23047,747,33.40125,51.065833,5.31,,0.93,G8III:,0.346,-0.171,0.009,false
646, 17Eta Ari,17,Eta,,Ari,13555,75204,,33.200417,21.210833,5.27,,0.43,F5V,0.161,0.003,,false
647,,,,,,13594,37878,,33.510833,47.484167,6.06,,0.4,F4V,-0.063,-0.059,0.036,false
648, 19    Ari,19,,,Ari,13596,92841,748,33.26375,15.279722,5.71,,1.55,M0III,0.097,-0.023,,false
649, 65Xi 1Cet,65,Xi,1,Cet,13611,110408,749,33.25,8.846667,4.37,,0.89,G6II-IIICN-2,-0.022,-0.009,0.022,false
650, 66    Cet,66,,,Cet,13612,129752,,33.197917,-2.393611,5.54,,0.57,F8V,0.37,-0.069,0.045,false
651,,,,,,13692,167637,,33.25375,-21.000278,5.86,,1.01,G9III,0.05,0.035,,false
652,   Mu  For,,Mu,,For,13709,193573,,33.227083,-30.723889,5.28,,-0.02,B9V,0.018,0.006,0.064,false
653,,,,,,13818,37905,,33.99125,47.811389,6.33,R,,G9III-IV,0.062,-0.071,,false
654,,,,,,13854,23115,Var?,34.215417,57.055278,6.48,,0.28,B1Iab,0.001,-0.002,,false
655,  7    Tri,7,,,Tri,13869,55397,,33.984167,33.358889,5.28,,-0.01,A0V,-0.017,-0.038,,false
656, 20    Ari,20,,,Ari,13871,75239,,33.941667,25.783056,5.79,,0.44,F6IV-V,0.176,-0.063,,false
657, 21    Ari,21,,,Ari,13872,75238,,33.928333,25.043056,5.58,,0.49,F6V,-0.088,-0.087,0.015,false
658,,,,,,13936,129781,,33.867917,-9.465556,6.55,,-0.02,A0V,-0.003,0.031,,false
659,,,,,,13940,215831,,33.633333,-41.166667,5.91,,0.97,G8III,-0.013,-0.028,,false
660,  8Del Tri,8,Del,,Tri,13974,55420,,34.263333,34.224167,4.87,,0.61,G0.5V,1.154,-0.245,0.093,false
661,  8    Per,8,,,Per,13982,23143,,34.499583,57.899722,5.75,,1.17,K3III,0.063,0.005,,false
662,  7    Per,7,,,Per,13994,23149,,34.51875,57.516667,5.98,,1.05,G7III,-0.019,0.006,,false
663,,,,,,14028,,W And,34.389167,44.306944,6.7,,,M7-8Se,0.041,0.083,,false
664,  9Gam Tri,9,Gam,,Tri,14055,55427,,34.32875,33.847222,4.01,,0.02,A1Vnn,0.047,-0.051,0.039,false
665,,,,,,14067,75262,,34.293333,23.767778,6.55,,1.02,G9III,-0.033,-0.039,,false
666, 67    Cet,67,,,Cet,14129,129798,,34.245833,-6.422222,5.51,,0.96,G8.5III,0.093,-0.108,,false
667,   Pi 1Hyi,,Pi,1,Hyi,14141,248518,767,33.56125,-67.841667,5.55,,1.55,M1III,0.037,0.037,0.013,false
668,,,,,,14171,12226,,35.05375,64.337222,6.6,,-0.03,B9.5V,-0.019,0.018,,false
669, 22The Ari,22,The,,Ari,14191,92877,,34.53125,19.901111,5.62,,0.01,A1Vn,-0.013,-0.002,,false
670, 62    And,62,,,And,14212,37948,,34.82,47.38,5.3,,-0.01,A1V,-0.059,-0.008,0.015,false
671,,,,,,14213,37947,,34.795417,46.4725,6.21,,,A4V,-0.014,-0.009,,false
672,,,,,,14214,110456,,34.505833,1.757778,5.58,,0.6,G0.5IVb,0.368,0.369,0.038,false
673,,,,,,14221,37949,,34.844583,48.955278,6.37,R,,F4V,-0.093,0.068,,false
674,   Phi Eri,,Phi,,Eri,14228,232696,,34.1275,-51.512222,3.56,,-0.12,B8V-IV,0.096,-0.027,,false
675, 10    Tri,10,,,Tri,14252,75276,,34.7375,28.6425,5.03,,0.04,A2V,0.011,-0.006,,false
676,,,,,,14262,75277,,34.741667,23.167778,6.46,,0.34,A1V+F3III,0.0,-0.005,,false
677,,,,,,14272,55453,,34.905417,39.835,6.63,,-0.09,B8V,0.033,-0.01,,false
678,   Pi 2Hyi,,Pi,2,Hyi,14287,248521,,33.86875,-67.746389,5.69,,1.3,K2III,0.035,-0.016,,false
679,,,,,,14372,37955,,35.1725,47.310833,6.11,,-0.08,B5V,0.007,-0.007,,false
680,,,,,,14373,75287,,35.018333,30.188333,6.47,R,,K0,0.016,-0.023,,false
681, 68Omi Cet,68,Omi,,Cet,14386,129825,Omi Cet,34.83625,-2.9775,3.04,,1.42,M7IIIe+Bep,-0.008,-0.237,0.024,false
682, 63    And,63,,,And,14392,37960,790,35.2425,50.151389,5.59,,-0.13,B9pSi,0.034,-0.027,,false
683,,,,,,14412,167697,,34.74375,-25.945556,6.34,,0.73,G5V,-0.214,0.448,0.089,false
684,,,,,,14417,129830,,34.92,-4.345556,6.5,,0.08,A3V,0.041,0.005,,false
685,  9    Per,9,,,Per,14489,23256,V474 Per,35.589167,55.845556,5.17,,0.37,A2Ia,-0.002,-0.002,,false
686,,,,,,14509,215860,,34.852917,-41.848333,6.37,,1.16,K2III,0.009,0.023,,false
687,,,,,,14622,37986,,35.709583,41.396389,5.82,,0.27,F0III-IV,-0.077,-0.096,,false
688,,,,,,14641,232717,,34.97625,-55.944722,5.81,,1.55,K5III,0.026,0.02,,false
689, 69    Cet,69,,,Cet,14652,110495,805,35.485833,0.395833,5.28,,1.65,M2III,-0.013,-0.007,,false
690,,,,,,14662,23283,V440 Per,35.965833,55.364444,6.28,,0.86,F7Ib,0.006,-0.024,,false
691, 70    Cet,70,,,Cet,14690,129858,,35.551667,-0.885,5.42,,0.31,F0Vn,-0.019,-0.048,,false
692,,,,,,14691,148354,,35.505833,-10.777778,5.46,,0.35,F0V,0.14,-0.085,,false
693,,,,,,14728,148356,,35.520833,-17.662222,5.87,,1.23,K0III,0.011,-0.06,,false
694, 64    And,64,,,And,14770,38005,,36.10375,50.006667,5.19,,0.98,G8III,0.024,-0.039,-0.001,false
695,   Kap For,,Kap,,For,14802,167736,,35.635833,-23.816389,5.2,,0.6,G0Va,0.2,-0.062,0.077,false
696, 10    Per,10,,,Per,14818,23304,Var,36.316667,56.61,6.25,,0.31,B2Ia,-0.002,0.008,,false
697,,,,,,14830,148366,,35.740833,-18.354444,6.22,,0.94,G5,0.149,-0.109,,false
698,,,,,,14832,215878,,35.549167,-43.2,6.31,,1.0,K0III,0.064,0.035,,false
699, 65    And,65,,,And,14872,23319,,36.405833,50.278611,4.71,,1.53,K4+III,0.027,-0.01,0.011,false
700,,,,,,14890,193679,,35.777083,-37.576389,6.53,,1.61,K2III,-0.014,-0.037,,false
701,,,,,,14943,232736,,35.7275,-51.092222,5.92,,0.22,A5V,0.022,0.061,,false
702, 24Xi  Ari,24,Xi,,Ari,14951,92932,,36.204167,10.610556,5.47,,-0.1,B7IV,0.02,-0.017,,false
703,,,,,,14988,167757,,36.08375,-25.8475,6.44,,1.32,K3III,0.036,0.013,,false
704, 71    Cet,71,,,Cet,15004,129888,,36.243333,-2.78,6.33,,0.0,A0III,-0.001,-0.007,,false
705,   Del Hyi,,Del,,Hyi,15008,248545,,35.437083,-68.659444,4.09,,0.03,A3V,-0.05,0.002,0.05,false
706,,,,,,15064,215892,,36.140833,-40.840556,6.18,,0.66,G2V,0.222,0.111,,false
707,   Iot Cas,,Iot,,Cas,15089,12298,Iot Cas,37.266667,67.4025,4.52,,0.12,A5pSr,-0.017,0.011,0.023,false
708, 72Rho Cet,72,Rho,,Cet,15130,148385,,36.4875,-12.290556,4.89,,-0.03,B9.5Vn,-0.01,-0.009,0.029,false
709, 66    And,66,,,And,15138,23353,,36.965833,50.569722,6.12,,0.41,F4V,0.036,-0.093,,false
710,,,,,,15144,148386,AB Cet,36.50125,-15.341111,5.83,,0.15,A6VpSrCr,-0.058,-0.047,0.015,false
711,,,,,,15152,75370,,36.779167,27.013333,6.18,,1.43,K5III,-0.055,-0.065,,false
712, 11    Tri,11,,,Tri,15176,55570,,36.865417,31.801389,5.54,,1.12,gK1,-0.027,-0.028,,false
713,,,,,,15220,167795,,36.646667,-20.042778,5.88,,1.26,K2III,0.088,0.099,,false
714,   Lam Hor,,Lam,,Hor,15233,248555,,36.224583,-60.311944,5.35,,0.39,F2III,-0.068,-0.133,0.023,false
715,   Kap Hyi,,Kap,,Hyi,15248,255880,,35.717917,-73.645833,5.01,,1.09,K1III,-0.083,0.01,,false
716,,,,,,15253,23369,,37.354167,55.536389,6.51,,0.09,A2pShell,0.033,-0.01,,false
717, 12    Tri,12,,,Tri,15257,75382,,37.041667,29.669444,5.29,,,F0III,-0.015,-0.087,,false
718, 73Xi 2Cet,73,Xi,2,Cet,15318,110543,,37.039583,8.46,4.28,,-0.06,B9III,0.04,-0.009,0.03,false
719,,,,,,15328,110542,,37.0,1.960833,6.45,,0.97,K0III,-0.002,-0.012,,false
720, 13    Tri,13,,,Tri,15335,75391,,37.202083,29.931944,5.89,,0.58,G0V,-0.069,0.074,,false
721,   Kap Eri,,Kap,,Eri,15371,215906,,36.74625,-47.703889,4.25,,-0.14,B5IV,0.023,-0.01,,false
722,,,,,,15379,248556,TZ Hor,36.359583,-66.494722,6.41,,1.54,M5III,-0.029,-0.019,,false
723,,,,,,15385,75398,,37.306667,23.468889,6.19,,0.15,A5m,0.081,-0.028,,false
724,   Phi For,,Phi,,For,15427,193723,,37.007083,-33.811111,5.14,,0.1,A2V,0.02,0.007,0.015,false
725,,,,,,15453,110565,,37.397083,9.565833,6.07,,1.02,K2III,-0.012,0.012,,false
726,,,,,,15464,55611,,37.569167,33.833889,6.25,,1.07,K1III,0.07,-0.057,,false
727,,,,,,15471,193727,,37.1475,-31.1025,6.11,,1.11,K2IIICNII,-0.034,-0.019,,false
728,,,,,,15524,75407,,37.635,25.235,5.92,,0.41,F6IV,0.066,-0.078,0.022,false
729, 26    Ari,26,,,Ari,15550,92979,UU Ari,37.66,19.855278,6.15,,0.25,A9V,0.078,-0.033,,false
730,,,,,,15588,167832,,37.480833,-22.682778,6.77,,0.19,A9V,0.077,0.006,,false
731, 27    Ari,27,,,Ari,15596,92983,,37.726667,17.703889,6.23,,0.9,G5III-IV,0.031,-0.084,,false
732,,,,,,15633,110583,846,37.688333,0.255278,6.0,,0.17,A7III-IV s,-0.053,-0.071,,false
733,,,,,,15634,167837,TY For,37.5575,-25.186389,6.51,,0.29,dA9n,0.09,0.031,,false
734,,,,,,15646,248567,,37.018333,-64.299722,6.37,,-0.04,A0V,0.037,0.001,,false
735,,,,,,15652,167839,,37.636667,-22.545556,6.1,,1.61,M1III,0.008,-0.033,,false
736, 14    Tri,14,,,Tri,15656,55635,,38.025833,36.147222,5.15,,1.47,K5III,0.046,0.012,,false
737,,,,,,15694,110589,,37.875417,2.267222,5.25,,1.27,K3III,0.027,-0.004,0.041,false
738,,,,,,15755,55650,,38.21875,34.5425,5.83,,1.07,K0III,-0.066,-0.012,,false
739, 75    Cet,75,,,Cet,15779,129959,,38.039167,-1.035,5.35,,1.02,gG3,-0.026,-0.037,,false
740, 76Sig Cet,76,Sig,,Cet,15798,148445,,38.021667,-15.244722,4.75,,0.45,F4IV,-0.07,-0.12,0.035,false
741, 29    Ari,29,,,Ari,15814,92998,,38.225417,15.034722,6.04,,0.54,F8V,-0.028,0.037,,false
742,,,,,,15889,193759,,38.061667,-36.4275,6.3,,1.02,G8III,0.065,0.009,,false
743,,,,,,15920,4694,,39.508333,72.818333,5.16,,0.88,G8III,-0.03,0.016,0.011,false
744,   Lam1For,,Lam,1,For,15975,193763,,38.279167,-34.65,5.9,,1.06,K0III,-0.015,-0.02,,false
745,,,,,,15996,167878,,38.4175,-20.001944,6.21,,1.1,K0,-0.041,-0.079,,false
746,,,,,,16004,55680,,38.86625,39.664444,6.36,,-0.1,B9pHgMn,0.026,-0.026,,false
747,,,,,,16024,12361,,39.400417,65.745556,5.78,,1.56,K5III,0.042,-0.005,,false
748,,,,,,16028,55684,,38.911667,37.312222,5.71,,1.39,K3III,0.004,-0.009,,false
749,   Ome For,,Ome,,For,16046,167882,,38.46125,-28.2325,4.9,,-0.05,B9.5V,-0.019,-0.013,,false
750, 15    Tri,15,,,Tri,16058,55687,866,38.945,34.6875,5.35,,1.66,M3IIIa,0.03,-0.049,0.016,false
751,,,,,,16060,110625,,38.767083,7.471389,6.18,,1.06,gG6,-0.006,-0.108,,false
752, 77    Cet,77,,,Cet,16074,129984,,38.677917,-7.859444,5.75,,1.4,gK4,0.063,-0.065,,false
753,,,,,,16160,110636,,39.020417,6.886944,5.82,,0.98,K3V,1.811,1.451,0.147,false
754, 78Nu  Cet,78,Nu,,Cet,16161,110635,,38.96875,5.593333,4.86,,0.87,G8III,-0.026,-0.025,0.002,false
755,,,,,,16170,232818,,38.4775,-51.093611,6.24,,0.52,F6V,-0.004,-0.03,,false
756,,,,,,16176,55705,,39.238333,38.732778,5.9,,0.48,F5V,0.145,-0.194,,false
757,,,,,,16187,55703,,39.17875,31.6075,6.1,,1.05,K0,-0.042,-0.004,,false
758,,,,,,16210,,R Tri,39.260417,34.263889,5.3,,1.55,M4IIIe,0.058,-0.029,0.008,false
759, 80    Cet,80,,,Cet,16212,130004,,39.0,-7.831667,5.53,,1.59,M0III,-0.033,-0.059,,false
760,,,,,,16219,55715,,39.336667,39.895833,6.54,,-0.12,B5V,0.006,-0.019,,false
761,,,,,,16220,55711,,39.276667,32.891944,6.25,,0.48,F8V,0.065,0.063,,false
762,,,,,,16226,248595,,38.39,-62.586944,6.77,,-0.06,B9V,0.026,0.01,,false
763, 31    Ari,31,,,Ari,16234,93022,,39.157917,12.4475,5.68,,0.49,F7V,0.286,-0.089,0.035,false
764, 30    Ari,30,,,Ari,16232,75470,,39.240417,24.648333,7.09,,0.5,F4V,0.143,0.0,0.018,false
765, 30    Ari,30,,,Ari,16246,75471,,39.252083,24.6475,6.5,,0.41,F6III,0.136,-0.006,0.018,false
766,,,,,,16247,110640,872,39.14625,7.729722,5.81,,1.04,gK0,-0.049,-0.031,,false
767,   Iot1For,,Iot,1,For,16307,193795,,39.03875,-30.044722,5.75,,1.02,G8-K0III,-0.013,0.001,,false
768,,,,,,16327,55729,,39.574167,37.726667,6.18,,0.47,F6III,-0.04,-0.044,,false
769,,,,,,16350,55735,,39.615833,38.089444,6.3,,-0.03,B9.5V,-0.009,0.001,,false
770,,,,,,16399,110653,,39.503333,7.695278,6.39,,0.44,F6IV,0.086,-0.044,,false
771, 81    Cet,81,,,Cet,16400,130026,,39.424167,-3.396111,5.65,,1.02,gG5,0.041,-0.045,,false
772,   Lam2For,,Lam,2,For,16417,193811,,39.244167,-34.578333,5.79,,0.66,G5IV,-0.015,-0.27,0.056,false
773, 32Nu  Ari,32,Nu,,Ari,16432,75495,,39.704167,21.961389,5.43,,0.16,A7V,-0.008,-0.017,0.013,false
774,,,,,,16458,433,,41.948333,81.448333,5.78,,1.3,G8pBa3,0.01,-0.076,0.013,false
775,,,,,,16467,110655,,39.65375,3.443056,6.21,,1.0,G9III,0.043,0.002,,false
776,   Mu  Hyi,,Mu,,Hyi,16522,255898,,37.91875,-79.109444,5.28,,0.98,G8III,0.121,-0.056,0.001,false
777,   Iot2For,,Iot,2,For,16538,193829,,39.577917,-30.194167,5.83,,0.48,F4V,0.1,-0.077,,false
778,   Eta Hor,,Eta,,Hor,16555,232835,,39.351667,-52.543056,5.31,,0.27,A6V,0.1,-0.019,0.025,false
779, 82Del Cet,82,Del,,Cet,16582,110665,Del Cet,39.870833,0.328611,4.07,,-0.22,B2IV,0.014,-0.004,0.001,false
780,,,,,,16589,193834,,39.603333,-37.990556,6.49,,0.52,G0IV,0.111,-0.063,,false
781, 83Eps Cet,83,Eps,,Cet,16620,148528,,39.890833,-11.872222,4.84,,0.45,F5V+F6V,0.146,-0.236,0.072,false
782, 33    Ari,33,,,Ari,16628,75510,,40.17125,27.060833,5.3,,0.09,A3V,0.067,-0.031,0.002,false
783,,,,,,16647,110673,,40.065417,6.111944,6.25,,0.4,F3V:,0.052,-0.003,,false
784,,,,,,16673,130047,,40.05125,-9.453056,5.78,,0.52,F6V,-0.151,-0.086,,false
785, 11    Per,11,,,Per,16727,23555,,40.761667,55.105833,5.77,,-0.13,B7IIIpHg,0.034,-0.027,,false
786,,,,,,16733,193846,,40.010417,-30.633889,6.52,,1.04,K0III,-0.004,-0.068,,false
787,,,,,,16735,23556,,40.74875,53.526111,5.84,,1.12,K0II-III,0.068,-0.03,,false
788, 12    Per,12,,,Per,16739,55793,896,40.562083,40.193889,4.91,,0.59,F9V,-0.019,-0.186,0.043,false
789,,,,,,16754,215996,,39.95,-42.891667,4.75,,0.06,A2V,0.106,-0.027,0.028,false
790, 84    Cet,84,,,Cet,16765,130055,893,40.307917,-0.695833,5.71,,0.52,F7IV,0.214,-0.136,0.036,false
791,,,,,,16769,12421,,41.207083,67.824722,5.95,,0.1,A5III,0.015,-0.033,,false
792,,,,,,16780,38274,,40.757917,48.265556,6.48,R,,G5II,0.007,0.002,,false
793, 34Mu  Ari,34,Mu,,Ari,16811,93062,,40.591667,20.011667,5.69,R,-0.02,A0Vnp:,0.029,-0.043,,false
794,   Iot Eri,,Iot,,Eri,16815,215999,,40.166667,-39.855556,4.11,,1.02,K0III,0.138,-0.032,0.038,false
795,,,,,,16824,130061,,40.45125,-3.213333,6.05,,1.17,gG9,-0.019,0.002,,false
796,,,,,,16825,148550,,40.391667,-14.549444,5.98,,0.43,F5III:,-0.032,0.042,,false
797,,,,,,16861,93067,899,40.620417,10.741667,6.3,,0.06,A2V,-0.025,-0.022,,false
798,,,,,,16891,248616,,39.882083,-64.281944,6.55,,-0.08,B8V,0.025,0.013,,false
799, 13The Per,13,The,,Per,16895,38288,902,41.05,49.228333,4.12,,0.49,F8V,0.336,-0.089,0.077,false
800, 14    Per,14,,,Per,16901,38289,,41.021667,44.296944,5.43,,0.9,G0Ib-IICa1CH-1,0.004,-0.007,,false
801, 35    Ari,35,,,Ari,16908,75532,,40.862917,27.707222,4.66,,-0.13,B3V,0.008,-0.012,,false
802,   Zet Hor,,Zet,,Hor,16920,232857,,40.165,-54.55,5.21,,0.4,F4IV,0.036,-0.001,0.031,false
803,,,,,,16955,75539,,40.963333,25.638056,6.35,,0.08,A2Vp:,-0.011,-0.005,-0.0,false
804, 86Gam Cet,86,Gam,,Cet,16970,110707,,40.825,3.235833,3.47,,0.09,A3V,-0.142,-0.152,0.052,false
805,,,,,,16975,193873,,40.5275,-38.383889,6.01,,0.92,G8III,0.018,0.001,,false
806,   Eps Hyi,,Eps,,Hyi,16978,248621,,39.8975,-68.266944,4.11,,-0.06,B9V,0.086,-0.002,,false
807,,,,,,17006,216013,,40.535417,-46.524444,6.1,,0.88,K1III,0.015,-0.1,,false
808, 36    Ari,36,,,Ari,17017,93081,,41.079583,17.763889,6.46,,1.07,K2III,0.039,-0.038,,false
809, 37Omi Ari,37,Omi,,Ari,17036,93082,,41.137083,15.311667,5.77,,-0.01,B9Vn,-0.002,-0.019,,false
810,   Iot Hor,,Iot,,Hor,17051,232864,,40.639583,-50.800278,5.41,,0.56,G0V,0.334,0.222,0.069,false
811, 89Pi  Cet,89,Pi,,Cet,17081,148575,,41.030833,-13.858611,4.25,,-0.14,B7V,-0.008,-0.015,,false
812, 38    Ari,38,,,Ari,17093,93083,UV Ari,41.24,12.445833,5.18,,0.24,A7III-IV,0.122,-0.084,0.027,false
813, 87Mu  Cet,87,Mu,,Cet,17094,110723,909,41.235417,10.114167,4.27,,0.31,F0IV,0.284,-0.036,0.046,false
814,,,,,,17098,216019,,40.834583,-40.5275,6.36,,-0.02,B9V,0.019,0.024,0.009,false
815,,,,,,17138,12445,RZ Cas,42.23125,69.634167,6.18,,0.18,A3V,0.0,0.032,,false
816,,,,,,17163,110730,,41.337083,4.711667,6.03,,0.31,gF0,0.068,-0.043,,false
817,,,,,,17168,193888,,41.085417,-32.525,6.22,,0.04,A1V,0.02,-0.031,,false
818,  1Tau1Eri,1,Tau,1,Eri,17206,148584,,41.275833,-18.5725,4.47,,0.48,F6V,0.33,0.038,0.072,false
819,,,,,,17228,55868,,41.742917,35.983611,6.25,,0.93,G8III,0.05,-0.005,,false
820,,,,,,17240,55872,,41.764583,35.555,6.3,R,,A9V,-0.043,-0.047,0.013,false
821,,,,,,17254,232871,,41.044583,-52.570556,6.15,,0.09,A2V,-0.012,-0.015,,false
822,,,,,,17325,216036,,41.31875,-46.287222,6.85,,1.36,K2III,-0.003,-0.014,,false
823,,,,,,17326,248632,911,40.860833,-66.714444,6.26,,0.53,F5V,0.108,-0.07,0.01,false
824, 39    Ari,39,,,Ari,17361,75578,,41.977083,29.247222,4.51,,1.11,K1.5III,0.149,-0.123,0.027,false
825,,,,,,17378,23637,V480 Per,42.378333,57.084167,6.25,,0.89,A5Ia,0.004,-0.01,,false
826,,,,,,17390,168045,,41.688333,-21.639722,6.49,,0.38,F3IV,0.091,0.009,,false
827,,,,,,17438,168051,,41.796667,-22.485556,6.47,,0.39,F2,-0.021,-0.038,,false
828, 40    Ari,40,,,Ari,17459,93118,937,42.13375,18.283611,5.82,,1.2,K1III,0.044,-0.036,,false
829,,,,,,17463,12472,SU Cas,42.994583,68.888611,5.8,,0.64,F5:Ib-II,-0.006,-0.004,0.01,false
830,,,,,,17471,75588,VZ Ari,42.19125,25.188056,5.86,R,-0.07,A0V,0.059,-0.004,,false
831,,,,,,17484,55910,,42.362917,37.326111,6.45,,0.43,F6III-IV,0.009,-0.016,,false
832,,,,,,17491,148612,Z Eri,41.983333,-12.460556,6.9,,1.56,M4III,0.007,-0.038,,false
833,   Gam Hor,,Gam,,Hor,17504,248642,,41.364583,-63.704444,5.74,,0.93,G8III-IV,0.022,-0.009,,false
834, 15Eta Per,15,Eta,,Per,17506,23655,,42.674167,55.895556,3.76,,1.68,K3-Ib-IIa,0.017,-0.014,0.006,false
835,   Eta1For,,Eta,1,For,17528,193916,,41.890417,-35.550833,6.51,,0.96,K0-1III,-0.041,-0.039,,false
836, 42Pi  Ari,42,Pi,,Ari,17543,93127,944,42.322917,17.464167,5.22,,-0.06,B6V,-0.001,-0.015,,false
837,   Zet Hyi,,Zet,,Hyi,17566,248644,,41.385833,-67.616667,4.84,,0.06,A2IV-V,0.069,0.046,0.009,false
838, 41    Ari,41,,,Ari,17573,75596,951,42.495833,27.260556,3.63,,-0.1,B8Vn,0.067,-0.118,0.034,false
839,,,,,,17581,23662,,42.939583,58.314722,6.45,,0.1,A1m,-0.066,0.015,,false
840, 16    Per,16,,,Per,17584,55928,956,42.64625,38.318611,4.23,,0.34,F2III,0.197,-0.105,0.024,false
841,   Bet For,,Bet,,For,17652,193931,,42.2725,-32.405833,4.46,,0.99,K0-IIIFe-0.5,0.09,0.155,0.026,false
842,,,,,,17656,38397,,42.92375,46.841944,5.88,,0.89,G8III,-0.025,-0.028,,false
843, 17    Per,17,,,Per,17709,55946,963,42.878333,35.059722,4.53,,1.56,K5+III,0.009,-0.061,0.004,false
844,   Gam1For,,Gam,1,For,17713,168081,,42.4625,-24.560278,6.14,,1.07,K1III,-0.043,-0.127,,false
845,   Gam2For,,Gam,2,For,17729,168082,,42.475833,-27.941667,5.39,,0.02,A0V,0.047,0.028,0.025,false
846,,,,,,17743,23674,971,43.216667,52.997778,6.36,,0.07,B8III,0.002,-0.011,-0.004,false
847, 43Sig Ari,43,Sig,,Ari,17769,93144,,42.873333,15.081944,5.49,,-0.09,B7V,0.031,-0.026,,false
848,   Eta2For,,Eta,2,For,17793,193940,,42.561667,-35.843611,5.92,,0.9,K0III,0.058,0.021,,false
849,,,,,,17818,38418,,43.338333,48.569444,6.26,,1.18,G5I,0.015,-0.027,,false
850,  2Tau2Eri,2,Tau,2,Eri,17824,168094,,42.759583,-21.004167,4.75,,0.91,K0III,-0.046,-0.019,0.031,false
851,   Eta3For,,Eta,3,For,17829,193944,,42.668333,-35.676111,5.47,,1.25,K5III,0.006,-0.061,0.017,false
852,   Nu  Hor,,Nu,,Hor,17848,248656,,42.25625,-62.806667,5.26,,0.1,A2V,0.091,0.021,0.001,false
853,,,,,,17864,216065,,42.699583,-39.931667,6.36,,0.05,A0V,0.055,0.007,,false
854, 18Tau Per,18,Tau,,Per,17878,23685,Tau Per,43.564583,52.7625,3.95,,0.74,G4III+A4V,0.0,-0.005,0.019,false
855, 20    Per,20,,,Per,17904,55975,977,43.4275,38.3375,5.33,,0.41,F4IV,0.047,-0.077,0.011,false
856,,,,,,17918,93164,,43.29875,16.483333,6.31,,,F5III,0.055,-0.062,,false
857,,,,,,17925,148647,975,43.13375,-12.769444,6.04,,0.87,K2V,0.394,-0.175,0.121,false
858,,,,,,17926,193951,,42.980417,-30.814444,6.4,,0.48,F8IV-V,-0.116,0.106,,false
859,,,,,,17943,130160,,43.210417,-9.441111,6.32,,0.19,A7IV,0.074,0.05,,false
860,,,,,,17948,12517,,43.987083,61.521111,5.59,,0.45,F4V,0.142,0.032,,false
861,,,,,,17958,12519,985,44.103333,64.3325,6.24,,2.03,K3Ib,0.006,-0.002,,false
862,,,,,,18071,168121,,43.397083,-22.376389,5.95,,1.04,K0III,0.09,-0.08,,false
863,   Psi For,,Psi,,For,18149,193965,,43.393333,-38.436944,5.92,,0.44,F6IV,0.063,0.031,,false
864,,,,,,18153,23721,,44.210833,51.260833,6.22,,1.57,K5III,-0.011,-0.039,,false
865,,,,,,18155,38455,,44.139167,47.163889,6.02,,1.34,gK3,0.004,0.0,,false
866,,,,,,18185,248673,982,43.08,-62.909722,6.03,,1.25,K1III,0.072,0.001,,false
867, 45Rho2Ari,45,Rho,2,Ari,18191,93189,RZ Ari,43.952083,18.331667,5.91,,1.47,M6-III:,-0.008,-0.017,0.014,false
868,,,,,,18242,,R Hor,43.470417,-49.890278,4.0,H,2.11,M7IIIe,0.135,0.014,0.013,false
869, 46Rho3Ari,46,Rho,3,Ari,18256,93195,,44.10875,18.023056,5.63,,0.43,F6V,0.276,-0.213,0.038,false
870,,,,,,18262,110851,,44.0575,8.381667,5.97,,0.48,F7IV,0.068,-0.087,,false
871,,,,,,18265,232933,,43.527083,-50.871389,6.21,,1.58,K4III,0.01,0.006,,false
872,   Nu  Hyi,,Nu,,Hyi,18293,255929,,42.61875,-75.066944,4.75,,1.33,K3III,-0.037,-0.027,0.011,false
873, 21    Per,21,,,Per,18296,56031,LT Per,44.322083,31.934167,5.11,,-0.01,B9pSi,0.003,-0.031,0.003,false
874,  3Eta Eri,3,Eta,,Eri,18322,130197,988,44.107083,-8.898056,3.89,,1.11,K1-IIIbBa0.2:,0.079,-0.22,0.033,false
875,,,,,,18331,130199,,44.155833,-3.712222,5.17,,0.08,A1Vn,-0.035,-0.044,0.026,false
876,,,,,,18339,56036,,44.509583,38.615,6.04,,1.41,gK3,-0.007,-0.016,,false
877,,,,,,18345,110865,990,44.269167,4.501111,6.11,,1.69,M4IIIab,0.017,0.023,,false
878, 47    Ari,47,,,Ari,18404,75662,,44.521667,20.668611,5.8,,0.41,F5IV,0.233,-0.031,0.03,false
879, 22Pi  Per,22,Pi,,Per,18411,56047,,44.690417,39.662778,4.7,,0.06,A2Vn,0.024,-0.043,0.009,false
880,,,,,,18423,248681,,43.587083,-64.435556,6.56,,1.39,K2-3III,0.009,-0.004,,false
881,,,,,,18438,4810,,46.5325,79.418611,5.49,,1.57,M1III+F7IV,-0.039,0.009,0.008,false
882, 24    Per,24,,,Per,18449,56052,,44.765417,35.183056,4.93,,1.23,K2III,-0.046,0.006,,false
883,  4    Eri,4,,,Eri,18454,168183,,44.34875,-23.861944,5.45,,0.23,A5V,0.098,-0.03,0.029,false
884,,,,,,18466,194002,,44.304583,-29.855278,6.29,,0.47,A2-3V:+G:,0.012,-0.005,,false
885,,,,,,18474,38493,,44.957917,47.220833,5.47,,0.89,G5:III*,0.021,0.024,-0.007,false
886,,,,,,18482,38492,1004,44.91625,41.033056,5.89,,1.44,K2,0.019,-0.039,,false
887, 48Eps Ari,48,Eps,,Ari,18519,75673,1001,44.802917,21.340278,4.63,,0.04,A2V s,-0.017,-0.005,0.005,false
888, 48Eps Ari,48,Eps,,Ari,18520,75673,1001,44.802917,21.340278,4.63,,0.04,A2V s,-0.017,-0.005,0.005,false
889,  6    Eri,6,,,Eri,18535,168191,,44.52375,-23.606111,5.84,,1.33,K2III,0.06,0.05,,false
890,,,,,,18537,23763,,45.2175,52.351667,5.28,,-0.05,B7V,0.028,-0.026,,false
891,,,,,,18538,23765,,45.2225,52.352222,6.74,,0.0,B9V,0.014,-0.021,,false
892,,,,,,18543,130215,,44.675,-2.7825,5.23,,0.0,A2IV,-0.03,-0.056,0.016,false
893,,,,,,18546,194007,,44.38625,-38.191111,6.41,,-0.03,A0Vn,0.007,0.005,,false
894,,,,,,18552,56067,,45.049167,38.131667,6.11,,-0.06,B8Vne,0.006,-0.028,,false
895,,,,,,18557,130216,,44.6975,-9.776389,6.14,,0.22,A2m,0.01,-0.011,,false
896, 91Lam Cet,91,Lam,,Cet,18604,110889,,44.92875,8.9075,4.7,,-0.12,B6III,0.004,-0.014,,false
897,   The1Eri,,The,1,Eri,18622,216113,1002,44.565417,-40.304722,3.24,,0.14,A4III,-0.045,0.019,0.035,false
898,   The2Eri,,The,2,Eri,18623,216114,1002,44.567917,-40.304444,4.35,,0.08,A1V,-0.064,0.018,0.035,false
899,  5    Eri,5,,,Eri,18633,130228,1008,44.921667,-2.465,5.56,,-0.08,B9.5V,-0.002,-0.022,,false
900,,,,,,18650,168202,,44.7775,-28.906944,6.14,,1.04,K1III,0.018,-0.044,,false
901,   Zet For,,Zet,,For,18692,168209,,44.900417,-25.274167,5.71,,0.4,F2V,0.18,0.087,0.029,false
902,,,,,,18700,93232,,45.18375,10.870278,5.95,,1.59,K6,0.08,-0.039,,false
903,,,,,,18735,194023,,44.909583,-32.507222,6.31,,0.0,A0V,0.01,0.011,,false
904,  7    Eri,7,,,Eri,18760,130242,CV Eri,45.2125,-2.878611,6.11,,1.77,M1III,0.02,0.006,,false
905, 49    Ari,49,,,Ari,18769,75693,1021,45.475417,26.462222,5.9,,0.14,A3m,-0.012,0.0,,false
906,,,,,,18778,500,1042,47.928333,81.470556,5.95,,0.15,A7III-IV,-0.04,-0.009,0.018,false
907,  8Rho1Eri,8,Rho,1,Eri,18784,130243,,45.291667,-7.662778,5.75,,1.05,K0II,0.098,-0.07,,false
908,,,,,,18832,110915,,45.467917,5.336111,6.25,,1.05,K0,0.036,0.015,,false
909,   Bet Hor,,Bet,,Hor,18866,248701,,44.699167,-64.071389,4.99,,0.13,A3-5IIIm:,0.022,0.001,,false
910, 93    Cet,93,,,Cet,18883,110921,,45.59375,4.352778,5.61,,-0.1,B7V,0.014,0.005,,false
911, 92Alp Cet,92,Alp,,Cet,18884,110920,Alp Cet,45.57,4.089722,2.53,,1.64,M1.5IIIa,-0.009,-0.078,0.009,false
912,,,,,,18885,148721,,45.48375,-9.961389,5.83,,1.11,gG6,0.046,0.0,,false
913,,,,,,18894,130251,,45.53875,-6.494722,6.19,,0.6,G0IV-V,0.087,-0.148,,false
914,   Eps For,,Eps,,For,18907,168238,,45.407083,-28.091667,5.89,,0.79,G5IV,0.279,-0.437,0.039,false
915, 23Gam Per,23,Gam,,Per,18925,23789,,46.199167,53.506389,2.93,,0.7,G8III+A2V,0.0,-0.005,0.016,false
916,,,,,,18928,75709,,45.87625,28.269722,6.36,,,F0V,0.083,-0.02,,false
917,  9Rho2Eri,9,Rho,2,Eri,18953,130254,1024,45.67625,-7.685278,5.32,,0.94,K0II-III,0.047,-0.001,,false
918,,,,,,18970,23791,,46.385,56.705833,4.76,,1.02,G9.5III,-0.014,0.067,0.005,false
919, 11Tau3Eri,11,Tau,3,Eri,18978,168249,,45.597917,-23.624444,4.09,,0.16,A4IV,-0.145,-0.054,0.059,false
920,,,,,,18991,23793,,46.41625,56.068611,6.11,,1.02,G9III,-0.003,-0.039,,false
921, 25Rho Per,25,Rho,,Per,19058,56138,Rho Per,46.294167,38.840278,3.39,,1.65,M4II,0.13,-0.106,0.011,false
922,,,,,,19065,12608,,46.829167,64.057778,5.89,,-0.03,B9V,-0.015,0.006,,false
923,,,,,,19066,38559,,46.336667,40.5825,6.05,,1.01,K0III,-0.053,0.001,,false
924,,,,,,19080,93260,,46.169583,15.856111,6.49,R,,K3III,-0.001,-0.093,,false
925, 10Rho3Eri,10,Rho,3,Eri,19107,130269,,46.068333,-7.600833,5.26,,0.2,A8V,0.056,0.013,0.026,false
926,,,,,,19121,110945,,46.15875,1.863611,6.05,,1.04,K0III,0.028,-0.003,,false
927, 52    Ari,52,,,Ari,19134,75723,,46.36125,25.255278,6.8,,-0.02,B7V,0.002,-0.008,0.004,false
928, 52    Ari,52,,,Ari,19135,75723,,46.36125,25.255278,7.0,,,B7V,0.003,-0.008,0.004,false
929,,,,,,19141,216150,,45.732917,-46.975,5.82,,1.3,K2-3III,0.029,0.003,,false
930,,,,,,19268,23825,,47.01625,52.213333,6.31,,-0.01,B5V,0.032,-0.026,,false
931,,,,,,19270,93276,,46.59875,13.187222,5.62,,1.08,K3III,0.0,-0.063,,false
932,,,,,,19275,4840,,47.984583,74.393611,4.87,,0.02,A2Vnn,0.012,-0.09,0.032,false
933,,,,,,19279,38587,,46.9475,47.308333,6.41,,0.12,A3Vnn,0.005,-0.008,,false
934,   Mu  Hor,,Mu,,Hor,19319,232981,,45.903333,-59.737778,5.11,,0.34,F0IV,-0.073,-0.067,0.025,false
935,,,,,,19349,130284,,46.639583,-6.088611,5.27,,1.6,M3III,0.006,-0.008,,false
936, 26Bet Per,26,Bet,,Per,19356,38592,Bet Per,47.042083,40.955556,2.12,,-0.05,B8V,0.004,-0.001,0.045,false
937,   Iot Per,,Iot,,Per,19373,38597,,47.266667,49.613333,4.05,,0.59,G0V,1.263,-0.091,0.084,false
938, 53    Ari,53,,,Ari,19374,93284,UW Ari,46.857083,17.88,6.11,,-0.12,B1.5V,-0.025,0.008,,false
939,   The Hyi,,The,,Hyi,19400,255945,,45.564167,-71.9025,5.53,,-0.14,B3V+A0IV,0.025,0.014,0.103,false
940, 54    Ari,54,,,Ari,19460,93293,,47.088333,18.795,6.27,,1.58,M0III,0.047,-0.016,0.032,false
941, 27Kap Per,27,Kap,,Per,19476,38609,1055,47.374167,44.857222,3.8,,0.98,K0III,0.177,-0.157,0.033,false
942,,,,,,19525,111002,,47.16125,8.470833,6.28,,1.06,G9III,-0.015,0.069,,false
943,,,,,,19545,168321,,46.962083,-27.831111,6.19,,0.16,A5V,0.075,-0.02,,false
944, 55    Ari,55,,,Ari,19548,75757,,47.402917,29.076944,5.72,,0.12,B8III,0.019,-0.014,,false
945,,,,,,19600,75762,,47.536667,27.82,6.42,,0.01,A0V,0.005,-0.048,,false
946,,,,,,19637,75771,,47.6125,26.896389,6.02,,1.28,K3III,0.004,0.07,,false
947, 28Ome Per,28,Ome,,Per,19656,56224,,47.8225,39.611667,4.63,,1.11,K1III,-0.023,0.005,0.023,false
948,,,,,,19698,93320,,47.662083,11.8725,5.98,,-0.06,B8V,0.041,-0.026,,false
949,,,,,,19735,38638,,48.11,47.725833,6.33,,1.43,K5III,0.074,-0.083,,false
950,,,,,,19736,38635,,48.04,42.376111,6.15,,-0.09,B4V,0.028,-0.013,,false
951, 57Del Ari,57,Del,,Ari,19787,93328,1066,47.9075,19.726667,4.35,,1.03,K2III,0.152,-0.011,0.027,false
952,,,,,,19789,93327,,47.84125,13.047778,6.12,,1.02,K0IIIp,-0.013,0.015,,false
953,,,,,,19826,168354,,47.6475,-23.738333,6.38,,0.93,K0IV,0.058,0.033,,false
954, 56    Ari,56,,,Ari,19832,75788,SX Ari,48.059167,27.256944,5.79,,-0.12,B9pSi,0.01,-0.017,,false
955,,,,,,19836,130328,,47.828333,-3.811667,6.05,,1.66,M1III,-0.006,-0.014,,false
956,,,,,,19845,38652,,48.35,48.176944,5.9,,0.97,G9III,0.03,-0.022,,false
957,,,,,,19887,148821,,47.82,-16.025278,6.26,,1.2,K0,-0.014,-0.02,,false
958,,,,,,19926,111044,,48.11,6.660833,5.56,,1.08,K1IIIep+A6V,-0.009,-0.004,,false
959,,,,,,19940,248742,,46.955,-69.265556,6.15,,1.02,K1III,-0.025,-0.016,,false
960,,,,,,19948,216197,,47.614167,-48.734167,6.12,,1.12,K1III,0.034,-0.027,,false
961,,,,,,19978,4875,1094,50.082083,77.734722,5.45,,0.19,A6V,0.059,-0.061,0.014,false
962, 94    Cet,94,,,Cet,19994,130355,,48.193333,-1.196111,5.06,,0.57,F8V,0.196,-0.067,0.057,false
963,   Alp For,,Alp,,For,20010,168373,1074,48.017917,-28.986944,3.87,,0.52,F8V,0.339,0.64,0.075,false
964,,,,,,20041,23903,,48.95,57.140833,5.79,,0.73,A0Ia,-0.004,0.003,,false
965,,,,,,20084,550,,53.08375,84.911111,5.61,,0.92,G3IIp:+F0:V,0.063,-0.136,0.026,false
966,,,,,,20063,38674,,48.73625,42.503889,6.07,R,1.07,K2III,0.07,0.012,,false
967,,,,,,20104,12686,,49.381667,65.658611,6.36,,0.09,A3V,-0.01,0.01,0.005,false
968,,,,,,20121,216209,,48.1075,-44.419722,5.93,,0.44,F7III+A0V,0.093,-0.017,0.025,false
969,,,,,,20123,23914,,49.050833,50.937778,5.03,,1.15,G6Ib-IIa,-0.007,-0.016,0.01,false
970,,,,,,20144,194163,,48.25625,-35.943889,6.27,,-0.08,B8V,0.003,-0.001,,false
971,,,,,,20149,56285,,48.835417,30.556667,5.52,R,0.01,A1V s,-0.006,0.007,,false
972, 58Zet Ari,58,Zet,,Ari,20150,75810,,48.725417,21.044444,4.89,,-0.01,A1V,-0.028,-0.073,0.02,false
973,,,,,,20162,38685,,49.019583,45.345833,6.16,,1.67,M2III,0.054,-0.045,,false
974,,,,,,20176,168397,1082,48.408333,-29.804167,6.16,,1.05,K1IICNIII,0.027,-0.002,,false
975,,,,,,20193,56293,,48.945833,32.856389,6.31,,0.37,F4V vw,-0.035,0.009,,false
976,,,,,,20210,56296,V423 Per,49.007917,34.688611,6.25,,0.28,A1m,0.043,-0.034,,false
977,,,,,,20234,233037,TW Hor,48.138333,-57.321667,5.74,,2.28,C5II,0.019,0.009,,false
978,,,,,,20277,56308,,49.14625,32.183611,6.06,,0.99,G8IV,-0.018,-0.108,,false
979,,,,,,20283,38700,,49.2975,40.483333,6.45,,,B9VpSi,0.015,-0.023,0.004,false
980,,,,,,20293,168406,,48.750833,-26.100278,6.25,,0.04,A5V,-0.019,-0.015,,false
981,,,,,,20313,255962,BN Hyi,46.883333,-78.989444,5.57,,0.3,F2II-III,0.071,0.066,,false
982, 30    Per,30,,,Per,20315,38704,,49.4475,44.025,5.47,,-0.06,B8V,0.032,-0.029,,false
983,,,,,,20319,130388,1090,49.00375,-5.918611,6.17,,-0.02,B9V,0.007,-0.004,0.039,false
984, 13Zet Eri,13,Zet,,Eri,20320,130387,1088,48.958333,-8.819722,4.8,,0.23,A5m,-0.002,0.046,0.025,false
985,,,,,,20336,12704,BK Cam,49.9975,65.652222,4.84,,-0.15,B2.5Ven,0.015,-0.013,0.009,false
986,,,,,,20346,56322,,49.440833,39.283333,5.96,,0.07,A2IV,0.022,-0.02,,false
987, 29    Per,29,,,Per,20365,23944,,49.6575,50.222222,5.15,,-0.06,B3V,0.029,-0.026,,false
988, 14    Eri,14,,,Eri,20395,130395,,49.14875,-9.154444,6.14,,0.4,F1V,-0.005,0.048,,false
989, 31    Per,31,,,Per,20418,38714,,49.781667,50.095,5.03,,-0.06,B5V,0.023,-0.025,,false
990,,,,,,20423,194197,,49.047083,-30.8275,6.65,,-0.07,A0V,0.03,0.004,,false
991,,,,,,20468,56340,,49.6825,34.222778,4.82,,1.49,K2IICN1,0.003,-0.006,0.012,false
992, 95    Cet,95,,,Cet,20559,130408,1097,49.593333,-0.930278,5.38,,1.04,G9IV,0.252,-0.052,0.017,false
993,,,,,,20606,168449,,49.511667,-28.796944,5.91,,0.33,F3V+A8-9,0.185,-0.015,,false
994, 15    Eri,15,,,Eri,20610,168452,,49.592083,-22.511389,4.88,,0.9,G6III,0.018,0.012,0.028,false
995, 59    Ari,59,,,Ari,20618,75863,,49.9825,27.071111,5.9,,0.86,G6IV,-0.026,-0.075,,false
996, 96Kap1Cet,96,Kap,1,Cet,20630,111120,1100,49.840417,3.370278,4.83,,0.68,G5V,0.271,0.092,0.108,false
997,,,,,,20631,148897,,49.671667,-18.559722,5.71,,0.37,F0IV,0.136,-0.053,0.029,false
998,,,,,,20640,216246,,49.360833,-47.751667,5.85,,1.24,K2III,-0.005,0.021,,false
999,,,,,,20644,75871,,50.085,29.048333,4.47,,1.55,K2II-III,-0.008,-0.016,-0.008,false
1000, 60    Ari,60,,,Ari,20663,75875,,50.106667,25.662778,6.12,,1.24,gK3,0.017,-0.087,,false
1001,,,,,,20675,38753,,50.469167,49.070833,5.93,,0.43,F6V,0.191,-0.07,0.015,false
1002, 32    Per,32,,,Per,20677,38750,1107,50.360417,43.329444,4.95,,0.04,A3V,-0.063,-0.006,0.026,false
1003, 16Tau4Eri,16,Tau,4,Eri,20720,168460,Tau4 Eri,49.879167,-21.757778,3.69,,1.62,M3.5IIIaCa-1,0.052,0.033,-0.013,false
1004,,,,,,20729,168462,1104,49.895,-24.123056,5.61,,1.66,M2III,0.001,-0.025,,false
1005, 61Tau1Ari,61,Tau,1,Ari,20756,75886,,50.306667,21.146944,5.28,,-0.07,B5IV,0.025,-0.024,,false
1006,   Zet1Ret,,Zet,1,Ret,20766,248770,,49.4425,-62.575278,5.54,,0.64,G2.5VFe1Hdel 1,1.339,0.648,0.097,false
1007, 97Kap2Cet,97,Kap,2,Cet,20791,111142,,50.278333,3.675556,5.69,,0.97,G8.5III,0.051,-0.026,,false
1008,,,,,,20794,216263,,49.982083,-43.069722,4.27,,0.71,G8V,3.043,0.725,0.156,false
1009,,,,,,20797,12743,1121,51.16875,64.586111,5.23,,2.08,M0II,-0.005,0.001,0.009,false
1010,   Zet2Ret,,Zet,2,Ret,20807,248774,,49.55375,-62.506389,5.24,,0.6,G1V,1.336,0.645,0.091,false
1011,,,,,,20809,38768,,50.805,49.213333,5.29,,-0.07,B5V,0.022,-0.02,,false
1012, 62    Ari,62,,,Ari,20825,75892,,50.549583,27.6075,5.52,,1.1,G5III,0.009,-0.014,,false
1013,,,,,,20853,168475,,50.188333,-26.606389,6.39,,0.54,F7V,0.043,0.024,,false
1014,,,,,,20888,248776,,49.495833,-66.926944,6.05,,0.13,A3V,0.055,0.007,,false
1015, 63Tau2Ari,63,Tau,2,Ari,20893,75899,,50.688333,20.741944,5.09,,1.24,K3III,-0.044,-0.022,0.008,false
1016,,,,,,20894,168482,,50.35,-23.635278,5.52,,0.88,G6.5IIbCN-1Hdel -1,-0.021,-0.029,,false
1017, 33Alp Per,33,Alp,,Per,20902,38787,1125,51.080833,49.861111,1.79,,0.48,F5Ib,0.024,-0.025,0.016,false
1018,,,,,,20980,168493,,50.567917,-25.587778,6.35,,0.01,A0V,0.009,-0.002,,false
1019,,,,,,20995,56419,,51.12375,33.535833,5.61,R,-0.03,A0V,0.038,-0.028,,false
1020,,,,,,21004,24024,,51.451667,53.921667,6.51,,0.29,A9III-IV,0.088,-0.03,,false
1021,,,,,,21011,216278,,50.38875,-47.776944,6.39,,1.0,K0III,-0.002,-0.023,,false
1022, 64    Ari,64,,,Ari,21017,75912,,51.077083,24.724167,5.5,,1.19,gK4,0.015,-0.05,,false
1023,,,,,,21018,111161,Var?,50.912917,4.881944,6.38,,0.86,G5III,0.006,-0.008,,false
1024,,,,,,21019,130457,,50.824167,-7.794167,6.2,,0.7,G2V,0.01,-0.222,0.034,false
1025,   Iot Hyi,,Iot,,Hyi,21024,255973,,48.99,-77.388333,5.52,,0.44,F4III,0.109,0.061,,false
1026,,,,,,21038,38809,,51.289167,41.257222,6.51,,,A0V,-0.005,0.001,,false
1027, 65    Ari,65,,,Ari,21050,75915,,51.10875,20.803611,6.08,,-0.04,A1V,-0.002,-0.006,,false
1028,,,,,,21051,93416,,51.042083,12.629444,6.04,,1.23,K0III-IV,0.028,-0.021,,false
1029,,,,,,21071,38817,,51.489167,49.120833,6.09,,-0.07,B7V,0.026,-0.022,,false
1030,  1Omi Tau,1,Omi,,Tau,21120,111172,1134,51.203333,9.028889,3.6,,0.89,G6IIIFe-1,-0.066,-0.078,0.016,false
1031,,,,,,21149,194268,,50.935833,-32.707222,6.5,,1.37,K3III,0.023,-0.005,,false
1032,,,,,,21179,4917,,52.58125,71.863889,6.32,,1.8,M2III,0.01,0.005,,false
1033,,,,,,21203,12770,,52.098333,60.255556,6.49,,0.02,B9V+A1,0.018,-0.021,0.006,false
1034,,,,,,21278,38849,,52.012917,49.062778,4.98,,-0.09,B5V,0.024,-0.028,,false
1035,,,,,,21291,24054,1152,52.267083,59.940278,4.21,,0.41,B9Ia,-0.003,-0.004,,false
1036,,,,,,21335,93436,,51.763333,18.756389,6.57,,0.15,A3Vnp,0.043,-0.006,,false
1037,,,,,,21362,38862,,52.218333,49.848333,5.58,,-0.04,B6Vn,0.028,-0.026,,false
1038,  2Xi  Tau,2,Xi,,Tau,21364,111195,,51.7925,9.732778,3.74,,-0.09,B9Vn,0.06,-0.039,-0.017,false
1039,,,,,,21379,93439,,51.827917,12.735,6.28,,-0.02,A0V s,0.007,-0.019,,false
1040,,,,,,21389,24061,,52.47875,58.878611,4.54,,0.56,A0Ia,0.006,-0.002,,false
1041,,,,,,21402,56475,,52.086667,33.8075,5.61,R,0.02,A2V,0.037,-0.057,,false
1042,   Chi1For,,Chi,1,For,21423,194289,1142,51.4825,-35.920833,6.39,,0.08,A1IV,0.029,-0.007,,false
1043,,,,,,21427,24062,1158,52.547083,59.366111,6.13,,0.08,A2V,0.036,-0.047,0.004,false
1044, 34    Per,34,,,Per,21428,38872,,52.342083,49.508889,4.67,,-0.09,B3V,0.026,-0.027,0.018,false
1045,,,,,,21430,168544,,51.59375,-27.3175,5.93,,0.94,G5III,0.008,0.049,,false
1046,,,,,,21447,24064,1159,52.500833,55.451944,5.09,,0.05,A1V,-0.046,-0.009,0.025,false
1047,,,,,,21455,38874,,52.359167,46.937778,6.24,,0.13,B7V,0.018,-0.035,,false
1048, 66    Ari,66,,,Ari,21467,75945,,52.110833,22.804167,6.03,,0.95,K0IV,-0.001,-0.104,,false
1049,,,,,,21473,216316,,51.54875,-41.636944,6.32,,0.06,A0V,0.015,0.027,,false
1050,,,,,,21530,148972,,52.004167,-11.286667,5.73,,1.1,K2III,0.002,-0.049,,false
1051,,,,,,21551,38893,,52.654167,48.103611,5.82,,-0.04,B8V,0.032,-0.029,,false
1052, 35Sig Per,35,Sig,,Per,21552,38890,1167,52.64375,47.995278,4.36,,1.35,K3III,0.004,0.02,0.004,false
1053,,,,,,21563,248797,,51.010417,-69.624722,6.15,,0.48,G0-5+A3-5V,0.029,0.015,,false
1054,   Chi2For,,Chi,2,For,21574,194312,,51.889167,-35.681389,5.71,,1.29,K2III,0.081,0.002,,false
1055,,,,,,21610,4936,,53.801667,73.346944,6.57,,0.03,A0Vn,0.013,-0.026,,false
1056,,,,,,21620,38906,1173,52.8725,49.209722,6.29,,0.09,A0Vn,-0.005,0.001,,false
1057, NOVA 1901,NO,VA,1,901,,,GK Per,,,,,,,,,,true
1058,   Chi3For,,Chi,3,For,21635,194318,,52.047917,-35.853333,6.5,,0.13,A1V,0.03,-0.003,,false
1059,,,,,,21661,38912,,52.954583,49.400833,6.39,,0.09,B9III,0.012,-0.005,,false
1060,,,,,,21665,130520,,52.412917,-6.805,5.99,,1.02,G5,-0.096,-0.104,,false
1061,  4    Tau,4,,,Tau,21686,93463,,52.602083,11.336389,5.14,,-0.03,A0Vn,-0.008,-0.018,0.002,false
1062,,,,,,21688,148985,,52.4,-12.674722,5.59,,0.17,A5IV,0.005,0.004,,false
1063,,,,,,21699,38917,V396 Per,53.035833,48.023611,5.47,,-0.1,B8IIIpMn,0.02,-0.025,,false
1064,,,,,,21722,248804,,51.400833,-69.336389,5.96,,0.42,F3-5IV,-0.002,0.063,,false
1065,,,,,,21743,75970,,52.836667,27.571944,5.96,R,,A2V,0.041,-0.029,0.009,false
1066,  5    Tau,5,,,Tau,21754,93469,,52.718333,12.936667,4.11,,1.12,K0II-IIIFe-0.5,0.02,-0.002,-0.012,false
1067,,,,,,21755,111230,,52.689167,6.188611,5.94,,0.96,G8III,0.045,-0.016,,false
1068,,,,,,21769,24093,,53.38375,58.765,6.4,,0.14,A4III,0.008,-0.057,0.009,false
1069, 36    Per,36,,,Per,21770,38924,1182,53.109583,46.056944,5.31,,0.4,F4III,-0.054,-0.079,0.031,false
1070, 17    Eri,17,,,Eri,21790,130528,,52.654583,-5.075278,4.73,,-0.09,B9V s,0.014,0.007,,false
1071,,,,,,21794,24098,,53.421667,57.868889,6.37,,0.51,F7V,0.007,0.04,,false
1072,,,,,,21803,38927,KP Per,53.162917,44.855556,6.41,,0.03,B2IV,0.011,-0.013,,false
1073,,,,,,21819,24099,,53.4125,54.974722,5.98,,0.11,A3V,-0.048,-0.005,,false
1074,,,,,,21856,56531,Var?,53.166667,35.461667,5.9,,-0.06,B1V,-0.01,0.001,,false
1075,,,,,,21882,216347,,52.479167,-42.634167,5.78,,0.22,A5V,-0.075,-0.001,,false
1076,,,,,,21899,216350,1179,52.556667,-41.37,6.12,,0.48,F7V,-0.009,-0.175,,false
1077,,,,,,21903,24111,,53.753333,60.041111,6.46,,0.39,F3V,-0.035,0.013,0.021,false
1078,,,,,,21912,56538,IW Per,53.39625,39.899444,5.81,,0.11,A5m,0.019,-0.046,,false
1079,  6    Tau,6,,,Tau,21933,111246,,53.15,9.373611,5.77,,-0.08,B9IV,0.033,-0.044,,false
1080,,,,,,21970,4953,,54.853333,75.739722,6.27,,0.97,G9III-IV,-0.015,0.006,,false
1081,,,,,,21981,216357,TU Hor,52.654167,-47.375278,5.99,,0.11,A1V,0.069,0.011,,false
1082,,,,,,21997,168612,,52.974583,-25.614167,6.38,,0.12,A3V,0.082,-0.019,,false
1083,   Kap Ret,,Kap,,Ret,22001,248819,,52.344583,-62.9375,4.72,,0.4,F5IV-V,0.383,0.372,0.06,false
1084, 18Eps Eri,18,Eps,,Eri,22049,130564,,53.2325,-9.458333,3.73,,0.88,K2V,-0.974,0.021,0.303,false
1085,,,,,,22072,93494,,53.534583,17.832778,6.17,,0.89,K1IVFe-1,0.089,-0.315,0.022,false
1086,  7    Tau,7,,,Tau,22091,75999,1192,53.610833,24.464444,5.92,,0.13,A3V+A3V,0.008,-0.024,0.006,false
1087, 37Psi Per,37,Psi,,Per,22192,38980,Psi Per,54.1225,48.192778,4.23,,-0.06,B5Ve,0.024,-0.026,,false
1088, 19Tau5Eri,19,Tau,5,Eri,22203,168634,,53.447083,-21.632778,4.27,,-0.11,B8V+B8V,0.048,-0.027,,false
1089,,,,,,22211,111273,,53.705,6.417778,6.49,,0.63,G0,-0.007,-0.017,,false
1090,,,,,,22231,233152,,53.145,-50.378611,5.68,,1.1,K2III,0.097,0.079,,false
1091,,,,,,22243,149047,,53.655833,-9.868611,6.25,,0.02,A2V,0.018,-0.004,,false
1092,,,,,,22252,248825,,52.715,-66.489722,5.83,,-0.06,B8V,0.01,-0.002,,false
1093,,,,,,22262,194375,,53.486667,-31.080278,6.2,,0.48,F5V,-0.021,0.062,0.024,false
1094,,,,,,22316,24133,,54.582083,56.932778,6.3,,-0.13,B9p,0.022,-0.032,,false
1095,,,,,,22322,194379,,53.639583,-31.874722,6.4,,1.4,K3III,0.014,0.001,,false
1096,,,,,,22382,248834,,53.215,-61.016944,6.41,,1.04,K0III,0.08,0.036,,false
1097,,,,,,22402,38999,,54.500833,42.583056,6.42,,-0.06,B8Vn,0.024,-0.021,,false
1098,,,,,,22409,149057,,53.990417,-11.193611,5.57,,0.91,gG7,0.03,0.084,,false
1099,,,,,,22468,111291,V711 Tau,54.197083,0.587778,5.71,,0.92,G9V,-0.026,-0.164,0.032,false
1100, 20    Eri,20,,,Eri,22470,149063,EG Eri,54.0725,-17.466944,5.23,,-0.13,B9.5p,0.029,-0.01,0.014,false
1101, 10    Tau,10,,,Tau,22484,111292,,54.218333,0.401667,4.28,,0.58,F9IV-V,-0.233,-0.483,0.054,false
1102,,,,,,22522,93524,,54.449167,15.430833,6.39,,0.17,A5IV,0.015,-0.02,,false
1103,,,,,,22615,76045,1213,54.750417,20.915833,6.5,,0.15,"Am,A5-F0",0.005,-0.026,,false
1104,,,,,,22634,248842,,53.602917,-65.764444,6.75,,0.17,A3V,0.044,0.006,,false
1105,,,,,,22649,12874,BD Cam,55.53875,63.216667,5.1,,1.63,S3.5/2,-0.02,0.017,0.002,false
1106,,,,,,22663,216405,,54.27375,-40.274722,4.58,,1.04,K1III,-0.005,-0.03,0.011,false
1107,,,,,,22701,623,,62.50625,86.626111,5.86,,0.37,F5IV,0.139,-0.084,0.022,false
1108,,,,,,22675,130628,,54.621667,-7.391667,5.85,,0.98,gG5,-0.009,-0.055,,false
1109,,,,,,22676,255998,,52.495,-78.351944,5.7,,0.93,G8III,-0.017,-0.028,,false
1110,,,,,,22695,93536,,54.857083,16.536667,6.16,,1.0,K0III,0.041,-0.034,,false
1111, 21    Eri,21,,,Eri,22713,130634,,54.754583,-5.626111,5.96,,0.92,K1V,-0.015,-0.205,0.028,false
1112,,,,,,22764,24169,,55.677917,59.969444,5.76,,1.71,K3IIb,-0.005,0.002,,false
1113,,,,,,22780,56628,1225,55.282917,37.58,5.57,,-0.07,B7Vne,0.023,-0.03,,false
1114,   Tau For,,Tau,,For,22789,168701,,54.69875,-27.943056,6.01,,-0.02,A0V,0.025,0.023,,false
1115, 12    Tau,12,,,Tau,22796,111334,,54.962917,3.056944,5.57,,0.94,gG6,-0.041,0.008,,false
1116,,,,,,22798,130639,,54.909583,-3.393056,6.23,,1.04,G5,-0.022,-0.073,,false
1117,,,,,,22799,149082,,54.855833,-10.437222,6.19,,1.03,G5,-0.021,-0.104,,false
1118, 11    Tau,11,,,Tau,22805,76073,,55.192917,25.329444,6.11,,0.06,A2IV,0.008,-0.015,,false
1119,,,,,,22819,130645,,54.997917,-1.120556,6.12,,1.0,K1III-IV,0.024,0.016,,false
1120,,,,,,22905,149094,,55.0475,-15.226667,6.33,,0.88,G5,-0.005,-0.014,,false
1121, 22    Eri,22,,,Eri,22920,130652,,55.159583,-5.210556,5.53,,-0.15,B9IIIpSi4200,-0.003,-0.001,,false
1122, 39Del Per,39,Del,,Per,22928,39053,Del Per,55.73125,47.7875,3.01,,-0.13,B5IIIe,0.028,-0.034,0.016,false
1123, 40    Per,40,,,Per,22951,56646,,55.59375,33.965,4.97,,-0.01,B0.5V,-0.005,-0.009,,false
1124,,,,,,23005,12890,,56.50375,67.201667,5.8,,0.35,F0IV,0.081,-0.113,0.004,false
1125,,,,,,23010,149107,,55.3075,-11.803056,6.49,,0.36,F5II,0.073,0.013,,false
1126, 13    Tau,13,,,Tau,23016,93557,,55.57875,19.700278,5.69,,-0.01,B9Vne,0.001,-0.014,,false
1127,,,,,,23049,39063,,56.026667,48.523611,6.06,,1.55,K4III,-0.005,-0.01,,false
1128,,,,,,23055,149114,,55.343333,-19.584722,6.59,,0.09,A3V,-0.002,-0.007,,false
1129,,,,,,23089,12891,,56.509583,63.345,4.8,,0.8,G0III+A3V,-0.004,-0.013,-0.0,false
1130,,,,,,23139,39071,,56.170417,46.099722,6.11,,0.28,A7IV,-0.004,-0.024,,false
1131, 38Omi Per,38,Omi,,Per,23180,56673,Omi Per,56.079583,32.288333,3.83,,0.05,B1III,0.007,-0.011,0.023,false
1132, 14    Tau,14,,,Tau,23183,93568,,55.946667,19.665,6.14,,1.01,G8III,0.116,-0.054,,false
1133,,,,,,23193,56675,,56.130833,36.46,5.59,,0.06,A2m,0.048,-0.04,,false
1134,   Del For,,Del,,For,23227,194467,,55.562083,-31.938333,5.0,,-0.16,B5IV,0.009,0.014,,false
1135, 41Nu  Per,41,Nu,,Per,23230,39078,1261,56.298333,42.578611,3.77,,0.42,F5II,-0.014,-0.002,0.02,false
1136, 23Del Eri,23,Del,,Eri,23249,130686,Del Eri,55.812083,-9.763333,3.54,,0.92,K0+IV,-0.092,0.745,0.109,false
1137,,,,,,23258,76121,,56.117083,20.928611,6.1,,0.01,A0V,0.014,-0.02,,false
1138,,,,,,23277,5000,,57.3075,70.871111,5.44,,0.09,A2m,0.024,-0.065,0.017,false
1139,,,,,,23281,149132,,55.890833,-10.485556,5.6,,0.22,A5m,-0.014,-0.017,,false
1140, 16    Tau,16,,,Tau,23288,76126,1262,56.200833,24.289444,5.46,,-0.04,B7IV,0.011,-0.046,0.012,false
1141,,,,,,23300,39085,,56.497083,45.681944,5.66,,-0.07,B6V,0.023,-0.018,,false
1142, 17    Tau,17,,,Tau,23302,76131,,56.21875,24.113333,3.7,,-0.11,B6III,0.019,-0.046,0.02,false
1143,,,,,,23319,194475,,55.70875,-37.313611,4.59,,1.2,K2.5III,-0.088,-0.077,0.028,false
1144, 18    Tau,18,,,Tau,23324,76137,,56.290417,24.839167,5.64,,-0.07,B8V,0.02,-0.047,,false
1145, 19    Tau,19,,,Tau,23338,76140,1264,56.302083,24.467222,4.3,,-0.11,B6IV,0.018,-0.045,,false
1146, 24    Eri,24,,,Eri,23363,130698,,56.127083,-1.163056,5.25,,-0.1,B7V,0.002,-0.007,,false
1147,,,,,,23383,24215,,56.884167,55.9225,6.1,,-0.03,B9Vnn,0.031,-0.015,,false
1148,   Gam Cam,,Gam,,Cam,23401,5006,,57.589583,71.332222,4.63,,0.03,A2IVn,0.017,-0.042,0.012,false
1149, 20    Tau,20,,,Tau,23408,76155,1279,56.456667,24.367778,3.87,,-0.07,B8III,0.02,-0.046,,false
1150, 25    Eri,25,,,Eri,23413,130704,,56.235417,-0.296667,5.55,,1.42,K4III,0.057,-0.001,,false
1151, 21    Tau,21,,,Tau,23432,76159,1283,56.476667,24.554722,5.76,,-0.04,B8V,0.011,-0.042,,false
1152, 22    Tau,22,,,Tau,23441,76164,,56.512083,24.528056,6.43,,-0.02,A0Vn,0.014,-0.044,,false
1153, 29    Tau,29,,,Tau,23466,111400,,56.418333,6.05,5.35,,-0.12,B3V,0.019,-0.013,,false
1154,,,,,,23474,256005,,54.125,-78.323056,6.29,,1.15,K2III,-0.021,0.001,,false
1155,,,,,,23475,12916,BE Cam,57.38,65.526111,4.47,,1.88,M2+IIab,-0.007,-0.013,0.014,false
1156, 23    Tau,23,,,Tau,23480,76172,V971 Tau,56.581667,23.948333,4.18,,-0.06,B6IVe,0.021,-0.045,,false
1157,,,,,,23508,216459,,56.025833,-40.660278,6.45,,1.06,K1III,0.008,-0.086,,false
1158,,,,,,23523,12917,,57.402917,63.297222,5.85,,0.18,A5Vn,-0.018,-0.051,,false
1159,,,,,,23526,111407,,56.539583,6.803056,5.91,,0.99,G9III,0.019,-0.071,,false
1160,,,,,,23552,24231,,57.07625,50.736667,6.14,,0.06,B8Vne,0.014,-0.006,,false
1161,,,,,,23594,24244,,57.331667,57.118056,6.46,,0.06,A0Vn,0.018,-0.027,,false
1162, 26Pi  Eri,26,Pi,,Eri,23614,149158,Pi  Eri,56.535417,-12.101667,4.42,,1.63,M2III,0.048,0.058,-0.0,false
1163,,,,,,23625,56709,1305,56.969167,33.6,6.57,,0.08,B2.5V,-0.006,-0.002,0.005,false
1164,,,,,,23626,56707,,56.95375,32.195,6.25,,0.47,G0,-0.032,-0.047,,false
1165, 25Eta Tau,25,Eta,,Tau,23630,76199,,56.87125,24.105,2.87,,-0.09,B7IIIe,0.019,-0.046,0.008,false
1166,,,,,,23662,12929,,57.924167,68.5075,6.32,,-0.08,B9IVp,0.017,-0.016,,false
1167,,,,,,23670,216469,,56.210833,-48.061389,6.49,,1.02,G8-K0III,0.028,-0.081,,false
1168,,,,,,23697,233252,,56.140833,-54.273889,6.3,,1.04,K1III,0.023,0.065,,false
1169,,,,,,23719,216470,,56.315833,-47.359722,5.73,,0.96,K1III,-0.011,-0.02,,false
1170,,,,,,23728,39128,V376 Per,57.284167,43.963056,6.02,,0.29,A9IV,0.001,0.021,,false
1171,   Sig For,,Sig,,For,23738,168820,,56.614167,-29.338056,5.9,,0.12,A3V,0.004,0.012,,false
1172,,,,,,23753,76215,1321,57.087083,23.421111,5.45,,-0.07,B8V,0.023,-0.05,,false
1173, 27Tau6Eri,27,Tau,6,Eri,23754,168827,,56.712083,-23.249722,4.23,,0.42,F3III,-0.158,-0.529,0.059,false
1174, 30    Tau,30,,,Tau,23793,93611,1327,57.067917,11.143333,5.07,,-0.13,B3V+F5V,0.028,-0.022,0.011,false
1175,   Bet Ret,,Bet,,Ret,23817,248877,,56.05,-64.806944,3.85,,1.13,K2+III,0.313,0.076,0.042,false
1176,,,,,,23838,39134,Var?,57.51875,44.967778,5.66,,0.76,G2III+F2:V,-0.028,-0.028,,false
1177, 42    Per,42,,,Per,23848,56727,V467 Per,57.385833,33.091389,5.11,,0.07,A3V,-0.029,-0.001,-0.003,false
1178, 27    Tau,27,,,Tau,23850,76228,1345,57.290417,24.053333,3.63,,-0.09,B8III,0.018,-0.047,-0.026,false
1179,,,,,,23856,194531,,56.83375,-29.901944,6.55,,0.49,F8V,0.182,-0.069,,false
1180, 28    Tau,28,,,Tau,23862,76229,BU Tau,57.296667,24.136667,5.09,,-0.08,B8Vpe,0.013,-0.05,-0.012,false
1181, 28Tau7Eri,28,Tau,7,Eri,23878,168836,Var,56.915,-23.874722,5.24,,0.07,A2,0.043,0.048,0.014,false
1182,,,,,,23887,111433,,57.162083,0.227778,5.91,,1.23,K3III,0.063,-0.006,,false
1183,,,,,,23923,76244,,57.43125,23.711667,6.17,,-0.05,B8V,0.014,-0.049,,false
1184,   Rho For,,Rho,,For,23940,194535,1337,56.983333,-30.167778,5.54,,0.98,G6III,0.028,-0.23,0.008,false
1185,,,,,,23950,76250,,57.479167,22.244444,6.07,,-0.01,B8III,0.015,-0.037,,false
1186,,,,,,23958,194537,,56.956667,-36.105833,6.21,,-0.1,B8V,0.021,0.008,,false
1187,,,,,,23978,168851,,57.149167,-20.903056,5.81,,1.64,K5III,-0.015,-0.025,,false
1188,,,,,,23985,76256,1366,57.57875,25.579444,5.26,,0.21,A2V+A5V,0.038,-0.109,0.018,false
1189,,,,,,24071,194550,,57.1475,-37.622222,5.4,,0.01,A1V,0.059,-0.013,0.024,false
1190,,,,,,24072,194551,1359,57.149583,-37.620556,4.73,,-0.03,B9V,0.079,-0.025,0.024,false
1191,,,,,,24131,56761,,57.97375,34.359167,5.77,,0.0,B1V,0.002,-0.007,,false
1192,,,,,,24141,24276,,58.430417,57.975,5.8,,0.18,A5m,0.081,-0.096,,false
1193,,,,,,24154,76275,,57.9025,22.031667,6.83,R,,K0III,0.013,-0.019,,false
1194,,,,,,24155,93637,V766 Tau,57.815833,13.045833,6.3,,-0.07,B9pSi,0.022,-0.03,,false
1195,,,,,,24160,194559,,57.36375,-36.200278,4.17,,0.95,G9II-III,-0.046,-0.051,0.025,false
1196,,,,,,24164,5040,,59.125833,71.821667,6.34,,0.3,A5m,-0.057,-0.008,,false
1197,,,,,,24167,56762,,58.017917,31.168333,6.25,,0.2,A5V,-0.026,-0.045,,false
1198,,,,,,24240,39175,,58.41125,48.650556,5.76,,1.05,K0III,0.036,-0.029,0.02,false
1199, 31    Tau,31,,,Tau,24263,111469,,58.000833,6.534722,5.67,,0.06,B5V,0.009,-0.008,,false
1200,,,,,,24305,194570,,57.656667,-36.425278,6.86,,-0.04,B9.5V,0.004,0.02,,false
1201,,,,,,24357,93650,,58.291667,17.326944,5.97,,0.34,F4V,0.142,-0.03,0.03,false
1202, 30    Eri,30,,,Eri,24388,130789,,58.173333,-5.361389,5.48,,-0.1,B8V,-0.011,-0.011,0.018,false
1203, 44Zet Per,44,Zet,,Per,24398,56799,1397,58.532917,31.883611,2.85,,0.12,B1Ib,0.006,-0.01,0.01,false
1204,,,,,,24479,12969,,59.35625,63.072222,5.03,,-0.09,B9.5V,0.01,0.005,,false
1205,,,,,,24480,12968,,59.284583,61.108889,5.0,,1.45,K3I-II+A3V:,-0.004,-0.015,0.015,false
1206,,,,,,24497,149229,,58.304167,-18.434444,6.22,,0.88,gK+F,0.011,0.0,,false
1207,,,,,,24504,39195,,58.9925,47.871389,5.37,,-0.08,B6V,0.019,-0.018,,false
1208,   Gam Hyi,,Gam,,Hyi,24512,256029,,56.809583,-74.238889,3.24,,1.62,M2III,0.047,0.114,0.005,false
1209,,,,,,24534,56815,X Per,58.845833,31.045833,6.1,,0.29,O9.5ep,-0.013,-0.007,-0.002,false
1210, 43    Per,43,,,Per,24546,24314,,59.152083,50.695278,5.28,,0.41,F5IV,0.091,-0.13,0.036,false
1211, 32    Eri,32,,,Eri,24554,130805,,58.5725,-2.952778,6.14,,0.09,A2V,0.029,0.008,0.004,false
1212, 32    Eri,32,,,Eri,24555,130806,,58.572917,-2.954722,4.79,,0.94,G8III,0.029,0.002,0.004,false
1213, 33Tau8Eri,33,Tau,8,Eri,24587,168925,Tau8 Eri,58.4275,-24.6125,4.65,,-0.13,B6V,0.023,-0.016,,false
1214,,,,,,24626,194608,,58.412083,-34.732222,5.11,,-0.13,B6V,0.031,-0.004,,false
1215,,,,,,24640,56824,1418,59.119583,35.081111,5.49,,-0.03,B1.5V,0.005,-0.001,,false
1216,,,,,,24706,216540,,58.38875,-46.893611,5.93,,1.24,K2III,0.034,-0.043,,false
1217,,,,,,24712,149251,DO Eri,58.817917,-12.099167,6.0,,0.32,A5pSrCrEu,-0.055,-0.04,,false
1218, 32    Tau,32,,,Tau,24740,76339,,59.217083,22.478056,5.63,,0.3,F2IV,0.069,-0.116,0.03,false
1219,,,,,,24744,216546,1414,58.596667,-40.357222,5.71,,0.6,K0III+A3V,-0.012,-0.003,,false
1220, 45Eps Per,45,Eps,,Per,24760,56840,Eps Per,59.463333,40.010278,2.89,,-0.18,B0.5V+A2V,0.018,-0.026,0.009,false
1221, 33    Tau,33,,,Tau,24769,76343,V817 Tau,59.265833,23.175556,6.06,,0.02,B9.5IV,0.009,-0.018,,false
1222,,,,,,24802,76350,,59.36,24.461944,6.16,,1.37,K0,0.001,-0.012,,false
1223,,,,,,24809,56847,V386 Per,59.512917,34.814444,6.53,,0.23,A8V,0.013,-0.018,,false
1224,,,,,,24817,111516,,59.257083,6.04,6.09,,0.06,A2Vn,0.036,-0.067,,false
1225,,,,,,24832,130833,DL Eri,59.157917,-9.750833,6.19,,0.28,F1V,0.042,0.006,,false
1226,,,,,,24843,56849,,59.62125,38.840278,6.3,,1.08,gK1,0.038,-0.041,,false
1227,,,,,,24863,233321,1419,58.641667,-52.690556,6.46,,0.16,A4V,0.031,-0.041,,false
1228, 46Xi  Per,46,Xi,,Per,24912,56856,Xi  Per,59.74125,35.791111,4.04,,0.01,O7.5III(n)((f)),0.002,0.0,-0.004,false
1229,,,,,,24982,56866,,59.916667,38.820556,6.38,R,0.1,A1Vp:,-0.006,0.0,0.005,false
1230,,,,,,25007,650,,62.511667,80.698611,5.1,,0.56,G8III+A6V,-0.017,-0.002,0.005,false
1231, 34Gam Eri,34,Gam,,Eri,25025,149283,Gam Eri,59.5075,-13.508611,2.95,,1.59,M0.5IIICa-1Cr-1,0.061,-0.111,0.01,false
1232,,,,,,25069,130860,,59.717917,-5.47,5.83,,1.0,G9V,-0.055,-0.18,,false
1233,,,,,,25102,93710,,59.919583,10.330833,6.37,,0.42,F5V,0.17,0.004,,false
1234,,,,,,25152,56899,,60.31125,36.99,6.41,,-0.01,A0V,-0.022,0.015,,false
1235,,,,,,25165,149299,,59.875417,-12.574167,5.6,,1.48,K5III,-0.011,-0.032,,false
1236,,,,,,25170,248912,,59.016667,-63.463611,6.14,,1.1,K1-2III,0.072,0.047,,false
1237,,,,,,25175,93716,,60.15375,17.296667,6.32,,0.06,A0V,0.0,-0.033,,false
1238,,,,,,25202,93721,,60.203333,18.193889,5.89,,0.32,F4V,0.132,-0.028,,false
1239, 35Lam Tau,35,Lam,,Tau,25204,93719,Lam Tau,60.17,12.490278,3.47,,-0.12,B3V+A4IV,-0.006,-0.012,0.002,false
1240, 36Tau9Eri,36,Tau,9,Eri,25267,169017,Tau9 Eri,59.98125,-24.016389,4.66,,-0.13,B6V+B9.5V,0.015,0.015,0.015,false
1241,,,,,,25274,13006,,61.512917,68.68,5.87,,1.54,K2III,0.002,-0.001,,false
1242,,,,,,25291,24384,,61.113333,59.155556,5.06,,0.5,F0II,-0.002,0.001,,false
1243,,,,,,25330,111566,,60.442083,9.997778,5.67,,0.02,B5V,0.005,-0.005,,false
1244, 35    Eri,35,,,Eri,25340,130878,,60.383333,-1.549722,5.28,,-0.15,B5V,0.025,-0.016,,false
1245,,,,,,25346,233347,,59.67875,-57.1025,6.05,,0.44,F2IV,0.029,0.006,,false
1246,,,,,,25371,194689,,60.169583,-30.490833,5.93,,0.04,A2V,0.052,0.004,,false
1247,   Del Ret,,Del,,Ret,25422,248918,,59.68625,-61.400278,4.56,,1.62,M2IIIab,0.011,-0.018,-0.001,false
1248,,,,,,25425,13015,,61.6625,65.520833,6.17,,0.14,A3m,0.03,-0.021,,false
1249,,,,,,25457,130893,,60.652917,-0.268889,5.38,,0.5,F5V,0.149,-0.251,0.057,false
1250,,,,,,25470,233354,XY Dor,60.065417,-51.564722,6.51,,1.64,M1III,0.027,0.014,,false
1251, 38Nu  Tau,38,Nu,,Tau,25490,111579,,60.789167,5.989167,3.91,,0.03,A1V,0.005,-0.003,0.03,false
1252, 36    Tau,36,,,Tau,25555,76425,,61.090417,24.105833,5.47,,0.86,G0III+A4V,-0.004,-0.014,0.014,false
1253, 40    Tau,40,,,Tau,25558,111585,,60.935833,5.435556,5.33,,-0.08,B3V,0.003,-0.01,,false
1254,,,,,,25570,111586,,60.985833,8.197222,5.46,,0.37,F2V,0.169,0.023,0.03,false
1255,,,,,,25602,24411,,61.6525,54.008611,6.31,,0.99,K0III-IV,0.055,-0.099,,false
1256, 37    Tau,37,,,Tau,25604,76430,,61.17375,22.081944,4.36,,1.07,K0+III-IIIaFe-0.2,0.09,-0.059,0.013,false
1257,,,,,,25621,111590,,61.04125,2.826944,5.36,,0.5,F6IV,0.147,-0.125,0.02,false
1258,,,,,,25631,169071,Var?,60.852917,-20.144167,6.46,,-0.18,B2.5V,0.003,-0.014,,false
1259,,,,,,25661,169078,,60.903333,-20.158333,7.01,,1.22,K2II,0.02,0.006,,false
1260,,,,,,25638,13031,SZ Cam,61.962917,62.33,6.99,,0.42,B0III,-0.023,-0.01,,false
1261, 47Lam Per,47,Lam,,Per,25642,24412,,61.645833,50.351389,4.29,,0.02,A0IVn,-0.015,-0.036,,false
1262, 39    Tau,39,,,Tau,25680,76438,1452,61.334167,22.008889,5.9,,0.62,G5V,0.169,-0.136,0.063,false
1263,,,,,,25700,149345,,61.03625,-16.588889,6.39,,1.26,K2,0.093,-0.063,,false
1264,   Gam Ret,,Gam,,Ret,25705,248925,Gam Ret,60.224167,-62.159444,4.51,,1.65,M4III,0.002,0.026,,false
1265,,,,,,25723,149351,,61.094583,-12.7925,5.61,,1.08,gK0,0.01,0.013,,false
1266,   Iot Ret,,Iot,,Ret,25728,248927,,60.325833,-61.078889,4.97,,1.42,K4III,0.067,0.092,0.014,false
1267,,,,,,25803,169095,,61.170833,-20.381667,6.13,,1.16,K0,0.028,-0.009,,false
1268, 41    Tau,41,,,Tau,25823,76455,GS Tau,61.651667,27.6,5.2,,-0.13,B9pSi,0.019,-0.053,,false
1269, 42Psi Tau,42,Psi,,Tau,25867,76461,,61.752083,29.001389,5.23,,0.34,F1V,-0.092,0.007,,false
1270,,,,,,25877,24436,,62.365,59.908056,6.28,,1.14,G8IIa,0.0,-0.005,,false
1271,,,,,,25887,258356,,55.63375,-85.262222,6.41,,-0.01,B9.5IV,0.013,0.01,0.008,false
1272,,,,,,25910,130948,,61.485417,-8.856111,6.26,,0.06,A3V,0.024,-0.008,,false
1273, 48    Per,48,,,Per,25940,39336,MX Per,62.165417,47.7125,4.04,,-0.03,B3Ve,0.021,-0.03,0.02,false
1274,,,,,,25944,169111,,61.444583,-20.512222,6.34,,0.92,G5,-0.02,0.012,,false
1275,,,,,,25945,169110,,61.405833,-27.651667,5.59,,0.31,F1IV,0.205,0.094,0.045,false
1276,,,,,,25948,24440,,62.343333,54.828889,6.18,R,,F5V,0.081,-0.093,,false
1277, 49    Per,49,,,Per,25975,57000,,62.06375,37.727778,6.09,,0.95,K1III,-0.112,-0.191,0.02,false
1278, 50    Per,50,,,Per,25998,57006,,62.1525,38.039722,5.51,,0.46,F7V,0.167,-0.202,0.049,false
1279,,,,,,26015,93775,1466,61.925,15.162778,6.01,,0.4,F3V,0.132,-0.024,0.007,false
1280,,,,,,26038,93777,,61.9975,17.339722,5.89,,1.5,K5IIIb,0.007,-0.015,0.006,false
1281,,,,,,26076,5125,,63.437083,72.126389,6.03,,1.01,K1III,0.013,-0.027,,false
1282,,,,,,26101,13061,,63.215,68.501667,6.32,,1.18,K0,-0.045,0.026,,false
1283, 43Ome1Tau,43,Ome,1,Tau,26162,93785,,62.291667,19.609167,5.5,,1.07,K2III,0.104,-0.033,0.023,false
1284,,,,,,26171,93784,,62.256667,13.398333,5.95,,0.05,B9.5V,0.016,-0.014,,false
1285,,,,,,26262,216655,,61.854583,-42.916944,6.59,,0.93,K0III,-0.005,0.004,,false
1286,,,,,,26311,57047,,62.745833,33.586667,5.72,,1.44,K1II-III,-0.004,-0.009,,false
1287, 44    Tau,44,,,Tau,26322,76485,IM Tau,62.707917,26.480833,5.41,,0.34,F2IV-V,-0.033,-0.036,,false
1288,,,,,,26326,149412,,62.324167,-16.385833,5.37,,-0.15,B4V,0.002,0.005,,false
1289,,,,,,26356,685,,67.054167,83.807778,5.57,,-0.13,B5V,-0.014,0.01,0.003,false
1290, 37    Eri,37,,,Eri,26409,131001,,62.59375,-6.923889,5.44,,0.94,G8III,-0.003,-0.013,,false
1291,,,,,,26413,216667,,62.14125,-45.864722,6.59,,0.38,F2V,0.075,0.021,,false
1292, 45    Tau,45,,,Tau,26462,111648,,62.834583,5.523056,5.72,,0.36,F4V,0.149,0.005,0.032,false
1293,,,,,,26464,131005,,62.69875,-8.819722,5.7,,1.06,gG9,0.038,0.009,,false
1294,,,,,,26491,248945,,61.84,-64.2225,6.38,,0.64,G3V,0.213,0.324,0.038,false
1295,,,,,,26546,93810,,63.130833,17.2775,6.09,,1.08,K0III,0.052,-0.018,,false
1296,,,,,,26553,24495,Var?,63.7575,57.460278,6.08,,0.61,A4III,-0.002,0.003,,false
1297,,,,,,26571,76505,,63.213333,22.413611,6.12,,0.19,B9IIIp:Si:,-0.005,-0.01,,false
1298, 38Omi1Eri,38,Omi,1,Eri,26574,131019,Omi1 Eri,62.96625,-6.8375,4.04,,0.33,F2II-III,0.01,0.082,0.033,false
1299,,,,,,26575,194810,,62.690833,-35.273889,6.44,,1.07,K1+IIIaCH-1.5,-0.019,-0.035,,false
1300,,,,,,26591,169206,,62.900833,-20.356111,5.79,,0.18,A2m,0.05,0.052,,false
1301,,,,,,26605,57081,,63.498333,37.966944,6.45,R,,G9III,-0.058,0.0,,false
1302,   Del Hor,,Del,,Hor,26612,216682,,62.710833,-41.993611,4.93,,0.33,A9V,0.196,0.063,0.012,false
1303, 51Mu  Per,51,Mu,,Per,26630,39404,1518,63.724583,48.409444,4.14,,0.95,G0Ib,0.005,-0.018,0.017,false
1304,,,,,,26659,693,,67.500417,83.340556,5.46,,0.87,G8III,-0.055,0.105,0.015,false
1305,,,,,,26670,13075,,64.223333,61.850278,5.7,,-0.14,B5Vn,0.011,-0.01,,false
1306, 52    Per,52,,,Per,26673,39409,,63.722083,40.483611,4.71,,1.01,G5Ib+A2V,0.008,-0.026,0.004,false
1307,,,,,,26676,93821,,63.395,10.212222,6.23,,0.05,B8Vn,0.045,-0.026,,false
1308,,,,,,26677,111671,,63.380417,8.890556,6.51,,0.16,A2m,0.016,-0.027,,false
1309, 46    Tau,46,,,Tau,26690,111672,,63.387917,7.716111,5.29,,0.36,F2V+F5V,-0.002,0.006,0.03,false
1310,,,,,,26703,93823,,63.457917,12.753333,6.25,,1.16,K0,0.019,-0.028,,false
1311, 47    Tau,47,,,Tau,26722,111674,,63.485,9.263611,4.84,,0.8,G5III+A7V?,-0.01,-0.038,0.029,false
1312,,,,,,26739,131041,,63.409167,-1.149722,6.44,,-0.13,B5IV,0.007,-0.004,,false
1313,,,,,,26755,24514,,64.284167,57.860556,5.71,,1.09,K1III,0.03,-0.034,,false
1314,,,,,,26764,24512,,64.179583,53.611944,5.19,,0.05,A2Vn,-0.017,0.002,0.011,false
1315,,,,,,26793,111680,,63.65125,10.011111,5.22,,-0.1,B9Vn,0.002,-0.026,,false
1316,,,,,,26820,216694,,63.131667,-44.368333,6.71,,1.48,K3-4III,0.045,0.003,,false
1317,,,,,,26836,691,,66.761667,80.824167,5.43,,1.17,gG6,0.003,-0.019,0.014,false
1318, 39    Eri,39,,,Eri,26846,149478,,63.59875,-10.256389,4.87,,1.17,K3III,-0.009,-0.162,0.015,false
1319, 48    Tau,48,,,Tau,26911,93836,1537,63.942917,15.400556,6.32,,0.4,F5V,0.116,-0.029,,false
1320, 49Mu  Tau,49,Mu,,Tau,26912,111696,,63.88375,8.892222,4.29,,-0.06,B3IV,0.021,-0.024,,false
1321,,,,,,26913,111695,V891 Tau,63.8575,6.199722,6.93,,0.7,G5IV,-0.106,-0.107,,false
1322,,,,,,26923,111698,V774 Tau,63.871667,6.186667,6.31,,0.59,G0IV,-0.06,-0.116,,false
1323,,,,,,26927,216705,,63.39875,-40.357778,6.37,,1.46,K3III,0.016,0.028,,false
1324,,,,,,26961,24531,b Per,64.560833,50.295556,4.61,,0.04,A2V,0.047,-0.054,,false
1325, 40Omi2Eri,40,Omi,2,Eri,26965,131063,DY Eri,63.817917,-7.652778,4.43,,0.82,K1-V,-2.242,-3.414,0.209,false
1326,   Alp Hor,,Alp,,Hor,26967,216710,,63.500417,-42.294444,3.86,,1.1,K1III,0.046,-0.209,0.026,false
1327,,,,,,27022,13098,,65.167917,65.140556,5.27,,0.81,G5IIb,-0.036,-0.003,,false
1328,,,,,,27026,39447,,64.534167,42.141111,6.22,,-0.08,B9V,0.029,-0.034,,false
1329, 50Ome2Tau,50,Ome,2,Tau,27045,76532,Var?,64.315,20.578611,4.94,,0.26,A3m,-0.044,-0.058,,false
1330,,,,,,27084,39457,,64.805417,50.048889,5.45,,0.22,A7V,0.061,-0.052,,false
1331, 51    Tau,51,,,Tau,27176,76541,,64.596667,21.579167,5.65,,0.28,F0V,0.094,-0.037,,false
1332,,,,,,27179,131092,,64.33,-6.471944,5.94,,1.08,gG8,-0.019,0.002,,false
1333,,,,,,27192,24544,1550,65.047917,50.920833,5.55,,-0.01,B1.5IV,0.0,-0.006,,false
1334,,,,,,27236,111729,,64.602083,9.486667,6.54,,0.16,A4III,-0.023,-0.034,,false
1335,,,,,,27245,13113,1558,65.448333,60.735556,5.39,,1.49,M0III,0.054,-0.117,,false
1336,   Alp Ret,,Alp,,Ret,27256,248969,,63.60625,-62.473889,3.35,,0.91,G8II-III,0.045,0.045,0.013,false
1337,,,,,,27278,39468,,65.06,41.808056,5.92,,0.94,K0III,0.011,-0.026,,false
1338,   Gam Dor,,Gam,,Dor,27290,233457,Gam Dor,64.006667,-51.486667,4.25,,0.3,F4III,0.106,0.182,0.061,false
1339, 53    Tau,53,,,Tau,27295,76548,,64.85875,21.142222,5.35,,-0.08,B9IV,0.03,-0.042,,false
1340,,,,,,27304,248973,,63.702917,-62.191944,5.45,,1.1,K0III,0.01,0.088,0.006,false
1341, 56    Tau,56,,,Tau,27309,76551,V724 Tau,64.902917,21.773611,5.38,,-0.14,A0pSi,0.03,-0.04,,false
1342,,,,,,27322,24563,,65.465833,56.506667,5.88,R,,A3V,-0.014,0.015,,false
1343, 54    Per,54,,,Per,27348,57171,,65.1025,34.566667,4.93,,0.94,G8III,-0.025,-0.005,,false
1344,,,,,,27349,57166,,65.041667,31.953333,6.16,,1.71,K5,0.002,-0.008,,false
1345,,,,,,27362,169317,1548,64.56625,-20.715556,6.0,,1.67,G8III,-0.013,0.012,,false
1346, 54Gam Tau,54,Gam,,Tau,27371,93868,1553,64.948333,15.6275,3.65,,0.99,K0-IIIabCN1,0.115,-0.025,0.028,false
1347, 41Ups4Eri,41,Ups,4,Eri,27376,194902,Var,64.47375,-33.798333,3.56,,-0.12,B9V,0.067,-0.008,,false
1348, 52Phi Tau,52,Phi,,Tau,27382,76558,,65.08875,27.350833,4.95,,1.15,K1III,-0.025,-0.08,,false
1349,,,,,,27386,93866,,64.90625,10.121389,6.31,,1.43,K0,0.002,-0.04,,false
1350, 53    Per,53,,,Per,27396,39483,V469 Per,65.388333,46.498889,4.85,,-0.03,B4IV,0.025,-0.035,,false
1351, 57    Tau,57,,,Tau,27397,93872,V483 Tau,64.990417,14.035278,5.59,,0.28,F0IV,0.116,-0.021,,false
1352,,,,,,27402,24577,1566,65.74125,59.616389,6.19,,,A4V,0.03,-0.038,,false
1353,,,,,,27411,169325,,64.655833,-22.970278,6.07,,0.3,Am,0.047,0.029,,false
1354,,,,,,27429,93874,,65.104583,18.7425,6.12,,0.37,F3:V,0.108,-0.043,,false
1355,   Eps Ret,,Eps,,Ret,27442,233463,,64.120417,-59.301944,4.44,,1.08,K2IVa,-0.051,-0.164,0.067,false
1356, 58    Tau,58,,,Tau,27459,93876,V696 Tau,65.15125,15.095278,5.26,,0.22,F0V,0.108,-0.024,,false
1357,,,,,,27463,248977,TT Ret,64.087917,-60.948611,6.37,,0.07,ApEuCrSr:,0.041,0.019,0.015,false
1358,,,,,,27483,93878,,65.22,13.864167,6.17,,0.46,F6V,0.113,-0.025,,false
1359,,,,,,27490,194923,,64.7625,-33.905,6.37,,0.13,A3V,0.017,-0.006,0.007,false
1360,,,,,,27497,111756,,65.171667,6.130833,5.77,,0.92,G8III-IV,-0.012,-0.051,,false
1361,,,,,,27505,111759,,65.204167,9.225556,6.53,,0.15,A4V,0.054,0.039,,false
1362,,,,,,27536,131129,EK Eri,65.16125,-6.245556,6.27,,0.91,G8IV:,0.103,-0.044,,false
1363,,,,,,27563,131132,EM Eri,65.178333,-7.5925,5.85,,-0.13,B5III,0.002,-0.001,,false
1364,,,,,,27588,216749,,64.819167,-44.268056,5.34,,1.08,K2III,0.063,-0.046,0.005,false
1365,,,,,,27604,233476,,64.666667,-52.86,6.09,,0.49,F7IV-V,0.051,0.073,,false
1366,,,,,,27611,131140,,65.362917,-0.098056,5.86,,1.32,K3III,-0.016,-0.123,0.008,false
1367,,,,,,27616,169354,,65.1625,-20.639722,5.38,,-0.02,A2V,0.025,-0.011,0.007,false
1368, 60    Tau,60,,,Tau,27628,93892,V775 Tau,65.514583,14.077222,5.72,,0.32,A3m,0.113,-0.026,,false
1369, 59Chi Tau,59,Chi,,Tau,27638,76573,,65.645417,25.629167,5.37,,-0.05,B9V,0.017,-0.023,,false
1370,,,,,,27639,76571,,65.595,20.821389,5.91,,1.66,"M0IIIab+A,F",0.001,0.001,0.015,false
1371,,,,,,27650,39501,,65.899583,42.428056,6.23,,0.0,A1pSi,0.024,-0.032,0.002,false
1372,   The Ret,,The,,Ret,27657,248986,1556,64.4175,-63.255556,5.87,,-0.07,B9III-IV,0.002,0.027,,false
1373, 61Del1Tau,61,Del,1,Tau,27697,93897,1582,65.73375,17.5425,3.76,,0.98,K0-IIICN0.5,0.107,-0.03,0.021,false
1374,,,,,,27710,169368,1574,65.380417,-25.728333,6.01,,0.35,F0IV-V,0.048,-0.05,0.057,false
1375,,,,,,27742,76585,,65.885,20.982222,5.99,,0.03,B8IV-V,0.016,-0.028,,false
1376, 63    Tau,63,,,Tau,27749,93900,Var?,65.854167,16.777222,5.64,,0.3,A1m,0.104,-0.028,,false
1377, 55    Per,55,,,Per,27777,57212,,66.121667,34.130556,5.73,,-0.06,B8V,0.019,-0.044,,false
1378, 62    Tau,62,,,Tau,27778,76591,,65.999167,24.301111,6.36,,0.17,B3V,0.006,-0.01,,false
1379, 56    Per,56,,,Per,27786,57216,1592,66.155833,33.959722,5.76,,0.4,F4V,0.043,-0.072,0.005,false
1380, 64Del2Tau,64,Del,2,Tau,27819,93907,,66.024167,17.443889,4.8,,0.15,A7V,0.11,-0.038,0.017,false
1381, 66    Tau,66,,,Tau,27820,111791,,65.96625,9.460833,5.12,,0.07,A3V,-0.015,-0.008,0.001,false
1382,,,,,,27855,24615,,66.75375,57.585278,6.32,,0.04,A0III,0.009,-0.012,,false
1383, 42Xi  Eri,42,Xi,,Eri,27861,131176,1590,65.92,-3.745556,5.17,,0.08,A2V,-0.05,-0.057,0.013,false
1384,,,,,,27881,169391,1588,65.77375,-24.892222,5.83,,1.51,K5,0.018,-0.015,,false
1385,,,,,,27901,93918,,66.237917,19.041667,5.98,,0.37,F4V,0.105,-0.044,,false
1386,,,,,,27941,194971,,65.782083,-35.545,6.39,,1.24,K1III,-0.006,0.0,,false
1387, 65Kap1Tau,65,Kap,1,Tau,27934,76601,1593,66.342083,22.293889,4.22,,0.13,A7IV-V,0.096,-0.048,0.025,false
1388, 67Kap2Tau,67,Kap,2,Tau,27946,76602,1594,66.354167,22.199722,5.28,,0.25,A7V,0.109,-0.054,,false
1389, 68Del3Tau,68,Del,3,Tau,27962,93923,V776 Tau,66.3725,17.928056,4.29,,0.05,A2IV,0.108,-0.028,0.019,false
1390,,,,,,27971,57229,,66.52625,31.438889,5.28,,0.97,K1III,0.076,-0.11,,false
1391, 70    Tau,70,,,Tau,27991,93925,,66.405417,15.940833,6.46,,0.49,F7V,0.107,-0.028,0.038,false
1392, 69Ups Tau,69,Ups,,Tau,28024,76608,Ups Tau,66.577083,22.813611,4.28,,0.26,A8Vn,0.107,-0.046,0.036,false
1393, 43    Eri,43,,,Eri,28028,194984,,66.009167,-34.016944,3.96,,1.49,K4III,0.069,0.051,-0.008,false
1394, 71    Tau,71,,,Tau,28052,93932,V777 Tau,66.586667,15.618333,4.49,,0.25,F0V,0.112,-0.023,0.007,false
1395,   Eta Ret,,Eta,,Ret,28093,249009,,65.472083,-63.386389,5.24,,0.96,G8III,0.089,0.173,0.016,false
1396, 73Pi  Tau,73,Pi,,Tau,28100,93935,,66.651667,14.713611,4.69,,0.98,G7IIIaFe-1,-0.002,-0.033,0.014,false
1397,,,,,,28114,111817,,66.587917,8.590278,6.06,,0.02,B6IV,-0.001,-0.006,,false
1398,,,,,,28143,194996,,66.235,-34.757778,6.55,,0.44,F2III,-0.013,-0.11,,false
1399, 72    Tau,72,,,Tau,28149,76613,,66.822917,22.996389,5.53,,-0.1,B7V,0.006,-0.017,,false
1400,,,,,,28191,111827,,66.752917,2.079444,6.23,,1.09,K1III,0.065,-0.047,,false
1401,,,,,,28204,5238,,68.377917,72.528611,5.94,,0.3,A8m,0.027,-0.089,,false
1402,,,,,,28217,93943,,66.87,11.2125,5.88,,0.05,B8IV,-0.003,-0.003,0.003,false
1403,,,,,,28226,76618,,67.003333,21.62,5.72,,0.27,Am,0.095,-0.038,,false
1404,,,,,,28246,216790,,66.329583,-44.160833,6.39,,0.44,F6V,0.035,0.067,,false
1405,,,,,,28255,233506,,66.050833,-57.071389,6.29,,0.66,G4V,-0.098,-0.077,0.042,false
1406,,,,,,28271,57249,,67.21625,30.361389,6.4,,0.52,F7V,0.01,-0.023,0.016,false
1407, 75    Tau,75,,,Tau,28292,93950,1609,67.11,16.359722,4.97,,1.13,K2III,0.006,0.028,,false
1408, 76    Tau,76,,,Tau,28294,93948,,67.0975,14.740833,5.9,,0.32,F0IV,0.108,-0.024,,false
1409, 74Eps Tau,74,Eps,,Tau,28305,93954,,67.154167,19.180278,3.53,,1.01,G9.5IIICN0.5,0.107,-0.038,0.02,false
1410,,,,,,28312,169455,,66.7375,-24.081389,6.11,,0.14,A2,-0.003,-0.015,0.019,false
1411, 77The1Tau,77,The,1,Tau,28307,93955,,67.14375,15.962222,3.84,,0.95,K0IIIbFe-0.5,0.103,-0.027,0.038,false
1412, 78The2Tau,78,The,2,Tau,28319,93957,The2 Tau,67.165417,15.870833,3.4,,0.18,A7III,0.103,-0.025,0.029,false
1413,,,,,,28322,111840,,67.015,1.858611,6.15,,1.02,G9III,0.027,0.004,,false
1414, 79    Tau,79,,,Tau,28355,93960,,67.209167,13.0475,5.03,,0.23,A7V,0.105,-0.016,,false
1415,,,,,,28375,111845,,67.13375,1.380833,5.55,,-0.1,B3V,0.019,-0.021,,false
1416,,,,,,28413,249016,,66.272083,-61.238333,5.94,,1.54,K4-5III,-0.024,0.014,,false
1417,  1    Cam,1,,,Cam,28446,24672,Var?,68.0075,53.910833,5.77,,0.18,B0III,0.0,-0.003,0.006,false
1418,,,,,,28454,216809,,66.775,-46.9475,6.1,,0.46,F5-6V,0.068,-0.275,0.032,false
1419,,,,,,28459,57269,,67.659583,32.458056,6.21,,-0.04,B9.5Vn,-0.004,-0.011,,false
1420,,,,,,28475,93968,,67.42875,10.521667,6.79,,0.09,B5V,0.004,0.001,,false
1421,,,,,,28479,149668,,67.1625,-19.458333,5.96,,1.22,K1III,0.028,-0.09,,false
1422, 80    Tau,80,,,Tau,28485,93970,,67.535833,15.638056,5.58,,0.32,F0V,0.102,-0.024,0.031,false
1423,,,,,,28497,149674,DU Eri,67.27875,-13.048333,5.6,,-0.23,B1Vne,0.002,0.0,,false
1424,,,,,,28503,57278,,67.85,40.010278,6.26,,0.04,B8V,-0.006,-0.014,,false
1425,,,,,,28505,93971,,67.51,10.2625,6.48,,1.03,G8III,-0.007,-0.067,,false
1426,   Del Men,,Del,,Men,28525,258372,1591,64.49625,-80.213889,5.69,,0.84,K2-3III+A,0.018,0.061,,false
1427,,,,,,28527,93975,1627,67.640417,16.193889,4.78,,0.17,A6IV,0.107,-0.027,0.053,false
1428, 81    Tau,81,,,Tau,28546,93978,,67.662083,15.691944,5.48,,0.26,A5m,0.103,-0.023,,false
1429,,,,,,28552,216821,1615,67.039167,-41.96,6.44,,1.64,M1III,-0.011,-0.006,,false
1430, 83    Tau,83,,,Tau,28556,93979,,67.655417,13.724444,5.4,,0.26,F0V,0.106,-0.023,,false
1431,,,,,,28625,149682,,67.540417,-13.592222,6.24,,1.0,G5,-0.025,0.009,,false
1432, 85    Tau,85,,,Tau,28677,93993,1640,67.965833,15.851667,6.02,,0.34,F4V,0.101,-0.027,,false
1433,,,,,,28700,216832,,67.333333,-46.515278,6.16,,1.06,K1III,0.046,0.03,,false
1434, 57    Per,57,,,Per,28704,39604,,68.35375,43.063889,6.09,,0.38,F0V,0.004,0.004,,false
1435,,,,,,28732,249029,,66.94125,-62.520833,5.75,,1.01,K0III,-0.019,0.014,,false
1436,,,,,,28736,111879,,68.02,5.41,6.39,,0.42,F5V,0.114,0.009,,false
1437, 45    Eri,45,,,Eri,28749,131270,,67.969583,-0.043889,4.91,,1.32,K3II-III,0.003,-0.009,-0.009,false
1438,,,,,,28763,149702,,67.857917,-13.645,6.21,,0.12,A3V,-0.011,-0.063,,false
1439,,,,,,28776,195085,,67.667917,-35.653611,5.96,,1.0,K0II,0.0,0.031,,false
1440,,,,,,28780,13196,,69.100833,64.261667,5.94,,-0.03,A1V,-0.026,-0.009,,false
1441,,,,,,28843,131279,DZ Eri,68.155833,-3.209167,5.81,,-0.14,B9III,-0.005,-0.006,,false
1442,,,,,,28867,94002,,68.387083,18.016667,6.25,,0.07,B9IVn,0.011,-0.024,0.002,false
1443,   Del Cae,,Del,,Cae,28873,216850,Var?,67.70875,-44.953889,5.07,,-0.19,B2IV-V,0.007,-0.008,,false
1444, 86Rho Tau,86,Rho,,Tau,28910,94007,Rho Tau,68.462083,14.844444,4.65,,0.25,A8V,0.103,-0.027,0.026,false
1445,,,,,,28929,76654,,68.658333,28.961111,5.88,,-0.06,B9pHg,0.002,-0.025,,false
1446,,,,,,28930,111890,,68.450417,9.413056,6.01,,1.06,G8III,-0.016,-0.043,,false
1447,,,,,,28970,149725,,68.341667,-10.785833,6.06,,1.38,K0,-0.005,0.015,,false
1448,,,,,,28978,111896,,68.534583,5.568611,5.68,,0.05,A2V s,-0.01,-0.005,,false
1449, 46    Eri,46,,,Eri,29009,131309,EH Eri,68.478333,-6.738889,5.72,,-0.13,B9pSi,0.0,-0.007,,false
1450,,,,,,29063,131317,,68.559167,-6.837778,6.09,,1.38,K2III,-0.018,-0.037,,false
1451, 47    Eri,47,,,Eri,29064,131315,DV Eri,68.548333,-8.231389,5.11,,1.7,M3III,-0.018,-0.001,0.006,false
1452,,,,,,29065,131316,,68.54875,-8.970278,5.26,,1.47,K4III,-0.037,-0.111,0.01,false
1453, 50Ups1Eri,50,Ups,1,Eri,29085,169570,1650,68.3775,-29.766667,4.51,,0.98,K0IIICN-1,-0.102,-0.275,0.028,false
1454, 58    Per,58,,,Per,29094,39639,,69.1725,41.264722,4.25,,1.22,K4III+A3V,-0.005,-0.016,0.016,false
1455,,,,,,29104,94022,,68.927917,19.881667,6.36,,,G5II-III+A-F,-0.001,-0.017,,false
1456,   Nu  Men,,Nu,,Men,29116,258378,,65.24125,-81.58,5.79,,0.35,F0-2III,0.003,0.127,,false
1457, 87Alp Tau,87,Alp,,Tau,29139,94027,Alp Tau,68.98,16.509167,0.85,,1.54,K5+III,0.063,-0.19,0.048,false
1458, 88    Tau,88,,,Tau,29140,94026,1658,68.91375,10.160833,4.25,,0.18,A5m,0.055,-0.046,0.036,false
1459,,,,,,29169,76670,1663,69.121667,23.340833,6.02,,0.38,F5IV,0.112,-0.055,,false
1460,,,,,,29173,131335,,68.808333,-9.736667,6.37,,0.11,A1m,0.021,-0.023,,false
1461,,,,,,29184,169584,,68.752083,-19.920556,6.13,,1.17,K3III,0.081,0.081,,false
1462,,,,,,29227,131344,,69.006667,-3.611944,6.33,,-0.1,B7III,-0.007,-0.013,,false
1463, 48Nu  Eri,48,Nu,,Eri,29248,131346,Nu  Eri,69.079583,-3.3525,3.93,,-0.21,B2III,0.002,-0.005,,false
1464, 52Ups2Eri,52,Ups,2,Eri,29291,195148,,68.8875,-30.562222,3.82,,0.98,G8IIIa,-0.045,-0.012,-0.014,false
1465,   Alp Dor,,Alp,,Dor,29305,233564,Alp Dor,68.499167,-55.045,3.27,,-0.1,A0IIISi,0.051,-0.003,0.018,false
1466,  2    Cam,2,,,Cam,29316,24744,,69.992083,53.473056,5.35,,0.32,A8V,0.046,-0.092,0.019,false
1467,  3    Cam,3,,,Cam,29317,24743,1681,69.977917,53.079722,5.05,,1.07,K0III,-0.002,-0.013,-0.008,false
1468,,,,,,29329,5289,,71.50125,76.611111,6.49,,0.51,F7V,0.064,-0.136,0.015,false
1469,,,,,,29335,111928,1671,69.307083,0.998333,5.31,,-0.12,B7V,-0.004,-0.004,,false
1470,,,,,,29364,76682,1676,69.623333,26.94,6.47,R,,F2V:,0.047,-0.058,0.021,false
1471,,,,,,29365,76680,HU Tau,69.565833,20.684722,5.92,,-0.05,B8V,-0.015,-0.007,,false
1472, 89    Tau,89,,,Tau,29375,94043,,69.539167,16.033333,5.79,,0.31,F0V,0.093,-0.023,,false
1473, 90    Tau,90,,,Tau,29388,94044,,69.539583,12.510833,4.27,,0.12,A6V,0.103,-0.013,0.024,false
1474, 51    Eri,51,,,Eri,29391,131358,,69.400417,-2.473333,5.23,,0.28,F0V,0.042,-0.061,0.034,false
1475,,,,,,29399,249054,1659,68.391667,-62.823611,5.79,,1.04,K1III,-0.115,-0.023,,false
1476,,,,,,29435,195163,,69.212083,-30.716667,6.3,,-0.1,B9IV-V,-0.011,0.013,,false
1477,,,,,,29459,76689,,69.84625,25.218333,6.22,,0.16,A5Vn,0.017,-0.015,,false
1478, 91Sig1Tau,91,Sig,1,Tau,29479,94051,,69.788333,15.799722,5.07,,0.15,A4m,0.039,-0.072,0.021,false
1479, 92Sig2Tau,92,Sig,2,Tau,29488,94054,,69.81875,15.918056,4.69,,0.15,A5Vn,0.083,-0.018,0.02,false
1480,,,,,,29499,111954,,69.775833,7.870833,5.39,,0.26,A5m,0.094,-0.003,,false
1481, 53    Eri,53,,,Eri,29503,149781,,69.545,-14.303889,3.87,,1.09,K2IIIb,-0.075,-0.156,0.044,false
1482,,,,,,29526,39688,,70.350417,48.300833,5.67,,-0.02,A0V,0.042,-0.042,,false
1483,,,,,,29573,149789,,69.723333,-12.123056,5.01,,0.07,A2IV,-0.053,-0.011,0.028,false
1484, 93    Tau,93,,,Tau,29589,94063,,70.014167,12.197778,5.46,,-0.12,B8IV,-0.001,-0.008,,false
1485,,,,,,29598,258379,,65.712083,-82.899167,6.76,,0.2,A7IV-V,-0.018,0.003,,false
1486,,,,,,29606,24777,,70.825417,59.520833,6.5,R,,A7IV,0.033,-0.049,0.005,false
1487,,,,,,29613,149797,,69.832083,-14.359167,5.45,,1.06,K1IVa,0.122,-0.127,0.007,false
1488,,,,,,29610,131392,,69.946667,-1.052778,6.1,,0.94,K0,0.025,-0.018,,false
1489,,,,,,29645,57377,,70.459583,38.280278,5.99,,0.57,G0V,0.241,-0.093,0.022,false
1490,,,,,,29646,76707,,70.3325,28.615,5.78,,-0.03,A2V,0.034,-0.03,,false
1491,,,,,,29678,5309,,72.209583,75.941111,6.06,,0.28,A9IV,0.035,-0.135,0.021,false
1492,,,,,,29712,249066,R Dor,69.19,-62.0775,5.4,,1.58,M8eIII:,-0.064,-0.084,,false
1493,,,,,,29721,39702,,70.84,49.973889,5.87,,0.02,B9III,-0.004,-0.016,,false
1494, 59    Per,59,,,Per,29722,39699,,70.72625,43.365,5.29,,0.0,A1Vn,0.039,-0.052,0.018,false
1495,,,,,,29737,169650,,70.028333,-24.4825,5.58,,0.92,G6III,-0.067,0.018,,false
1496, 54    Eri,54,,,Eri,29755,149818,DM Eri,70.110417,-19.671667,4.32,,1.61,M4III,0.021,-0.096,0.008,false
1497, 94Tau Tau,94,Tau,,Tau,29763,76721,,70.56125,22.956944,4.28,,-0.13,B3V,-0.002,-0.016,0.017,false
1498,,,,,,29805,233605,,69.767917,-51.672778,6.44,,1.32,K2III,0.017,0.017,,false
1499, 95    Tau,95,,,Tau,29859,76727,,70.8075,24.088889,6.13,,0.54,F7IV-V,0.017,-0.022,,false
1500,,,,,,29866,39715,,71.05375,40.786944,6.08,,0.06,B8IVne,0.003,-0.007,,false
1501,,,,,,29867,57393,,70.95125,32.865278,6.45,R,,A8V,-0.035,-0.042,,false
1502,   Alp Cae,,Alp,,Cae,29875,216926,Var?,70.140417,-41.863889,4.45,,0.34,F2V,-0.141,-0.077,0.045,false
1503,   Bet Cae,,Bet,,Cae,29992,195239,,70.514583,-37.144444,5.05,,0.37,F1V,0.049,0.193,0.058,false
1504,,,,,,30003,233622,,70.07625,-58.943611,6.53,,0.68,G5V,0.07,0.186,0.064,false
1505, 55    Eri,55,,,Eri,30020,131442,DW Eri,70.894167,-8.793611,6.82,,0.39,F4IIIpSr,0.021,-0.012,0.008,false
1506, 55    Eri,55,,,Eri,30021,131443,,70.89625,-8.796111,6.7,,0.92,G8III,0.032,-0.024,0.008,false
1507,,,,,,30034,94095,1705,71.1075,11.146111,5.4,,0.25,F0V,0.1,-0.015,,false
1508, 56    Eri,56,,,Eri,30076,131451,DX Eri,71.022083,-8.503611,5.9,,-0.11,B2Ve,0.003,-0.002,,false
1509,,,,,,30080,195250,,70.78875,-30.765556,5.68,,1.41,K2III,-0.03,-0.067,,false
1510,,,,,,30085,5326,,72.651667,70.941667,6.37,,-0.08,A0IV,0.001,-0.02,,false
1511,  4    Cam,4,,,Cam,30121,24829,,72.00125,56.757222,5.3,,0.25,A3m,0.05,-0.148,0.013,false
1512,,,,,,30122,76737,,71.427083,23.628056,6.35,,0.06,B5III,0.007,-0.015,,false
1513,,,,,,30127,149856,,71.033333,-18.666667,5.53,,0.02,A3V,0.051,-0.018,,false
1514,,,,,,30138,39746,,71.685,40.312778,5.97,,0.93,G9III,-0.001,-0.029,,false
1515,,,,,,30144,24834,,72.029167,55.6025,6.26,R,,F0,0.075,-0.102,,false
1516,   Lam Pic,,Lam,,Pic,30185,233638,,70.693333,-50.481389,5.31,,0.98,K0-1III,-0.031,0.03,-0.0,false
1517,,,,,,30197,94112,,71.57,18.735,6.01,,1.21,K4III,0.072,-0.065,,false
1518,,,,,,30202,216961,,70.934167,-41.064722,6.25,,1.46,K3-4III,0.003,0.01,,false
1519,,,,,,30210,94111,,71.507083,11.705556,5.37,,0.19,A2m,0.068,-0.006,0.005,false
1520, 57Mu  Eri,57,Mu,,Eri,30211,131468,,71.375417,-3.254722,4.02,,-0.15,B5IV,0.016,-0.013,,false
1521,,,,,,30238,169727,,71.2675,-21.283611,5.72,,1.47,gK2,0.018,-0.025,,false
1522,,,,,,30321,131481,,71.600417,-2.954444,6.33,,0.04,A2V,0.012,-0.047,,false
1523,,,,,,30338,783,,75.08625,81.193889,5.07,,1.28,K3III,-0.001,0.024,0.02,false
1524,,,,,,30397,195275,,71.456667,-34.005,6.86,,0.0,A0V,0.04,0.018,,false
1525,,,,,,30422,169752,,71.6075,-28.0875,6.19,,0.19,A3IV,0.001,0.016,,false
1526,,,,,,30432,195278,,71.480833,-39.356667,6.05,,1.07,K1III,-0.059,-0.02,,false
1527,,,,,,30442,13291,,73.021667,63.505278,5.44,,1.57,M3IIIab,0.037,-0.096,0.001,false
1528,,,,,,30453,57444,,72.329167,32.588333,5.86,,0.24,A8m,0.018,-0.031,,false
1529,,,,,,30454,57441,,72.303333,31.437222,5.58,,1.12,K2III,0.017,-0.108,,false
1530,   Kap Dor,,Kap,,Dor,30478,233664,Var,71.087917,-59.732778,5.27,,0.2,A8-9III-IV,0.033,0.039,0.024,false
1531,,,,,,30479,256116,,69.590417,-77.656111,6.05,,1.1,K2III,-0.01,-0.018,,false
1532, 58    Eri,58,,,Eri,30495,149888,,71.90125,-16.934444,5.51,,0.63,G2.5V,0.133,0.17,0.079,false
1533,,,,,,30504,57447,,72.4775,37.488333,4.88,,1.44,K3.5IIIBa0.2:,-0.038,0.04,0.025,false
1534,,,,,,30545,112098,,72.185833,3.588333,6.03,,1.19,K1III,-0.001,-0.017,,false
1535,,,,,,30557,39799,,72.78875,48.740833,5.66,,0.99,G9III,-0.04,-0.031,,false
1536,,,,,,30562,131504,,72.15125,-5.673889,5.78,,0.62,F8V,0.305,-0.243,0.038,false
1537, 96    Tau,96,,,Tau,30605,94151,,72.43375,15.904167,6.08,,1.6,gK3,0.005,-0.01,,false
1538, 59    Eri,59,,,Eri,30606,149901,,72.135417,-16.329444,5.77,,0.55,F6V,0.004,0.036,,false
1539,   Zet Cae,,Zet,,Cae,30608,195300,,71.956667,-30.020278,6.37,,1.07,K1IV,0.039,0.094,,false
1540,,,,,,30610,249095,1718,71.24125,-63.229722,6.46,,1.08,K0-1III,-0.013,-0.005,,false
1541,   Mu  Men,,Mu,,Men,30612,256122,,70.76625,-70.931111,5.54,,-0.12,B8II-IIISi:,0.008,0.033,,false
1542,  9Alp Cam,9,Alp,,Cam,30614,13298,,73.5125,66.342778,4.29,,0.03,O9.5Ia,0.0,0.006,-0.002,false
1543,  1Pi 3Ori,1,Pi,3,Ori,30652,112106,1731,72.46,6.961389,3.19,,0.45,F6V,0.466,0.012,0.125,false
1544,  2Pi 2Ori,2,Pi,2,Ori,30739,112124,,72.652917,8.900278,4.36,,0.01,A1Vn,0.004,-0.032,0.036,false
1545,,,,,,30743,149916,,72.425833,-13.769722,6.26,,0.44,F5V,-0.122,-0.172,,false
1546,,,,,,30752,24894,,73.290833,52.840833,6.41,,,A2V,-0.008,-0.021,,false
1547, 97    Tau,97,,,Tau,30780,94164,V480 Tau,72.84375,18.839722,5.1,,0.21,A7IV-V,0.08,-0.035,0.022,false
1548,,,,,,30788,217004,,72.140833,-43.98,6.72,,0.95,G8III,0.018,0.022,,false
1549, 60    Eri,60,,,Eri,30814,149924,1740,72.548333,-16.217222,5.03,,0.98,K0III,0.041,0.054,0.023,false
1550,,,,,,30823,39826,,73.199167,42.586667,5.71,,0.11,A3III,-0.006,-0.001,,false
1551,  2    Aur,2,,,Aur,30834,57475,,73.158333,36.703056,4.78,,1.41,K2.5IIIbBa0.4,-0.027,-0.007,,false
1552,  3Pi 4Ori,3,Pi,4,Ori,30836,112142,1742,72.801667,5.605,3.69,,-0.17,B2III+B2IV,-0.001,0.001,0.001,false
1553,,,,,,30870,112150,,72.930833,9.975,6.11,,0.08,B5V,0.001,-0.008,,false
1554,,,,,,30912,76802,,73.19625,27.8975,5.97,,0.37,F2IV,0.041,-0.032,,false
1555,  5    Cam,5,,,Cam,30958,24904,,73.762917,55.259167,5.52,,0.04,B9.5V,-0.012,-0.01,,false
1556,  4Omi1Ori,4,Omi,1,Ori,30959,94176,Omi1 Ori,73.133333,14.250556,4.74,,1.84,S3.5/1-,0.0,-0.057,0.004,false
1557,,,,,,30985,217032,,72.5675,-41.320833,6.07,,0.37,F2-3V,0.006,0.065,,false
1558,,,,,,31069,39851,,73.71375,44.060833,6.08,,-0.02,A0V,0.027,-0.053,,false
1559,,,,,,31093,195357,,72.8675,-34.906389,5.86,,0.08,A1Vn,0.026,-0.022,,false
1560, 61Ome Eri,61,Ome,,Eri,31109,131568,,73.22375,-5.452778,4.39,,0.25,F4III+A6III,-0.023,0.021,0.013,false
1561,,,,,,31134,24919,,74.029583,52.869444,5.75,,0.11,A2V s,-0.003,0.008,,false
1562,  5    Ori,5,,,Ori,31139,112179,1755,73.345,2.508056,5.33,,1.64,M1III,0.034,-0.019,0.01,false
1563,   Iot Pic,,Iot,,Pic,31203,233709,,72.73,-53.461389,5.61,,0.33,F0IV,-0.091,0.083,,false
1564,   Iot Pic,,Iot,,Pic,31204,233710,,72.734583,-53.459722,6.42,,,F4V:,-0.092,0.081,,false
1565,,,,,,31209,112191,,73.4825,1.569444,6.61,,0.04,A1Vn,0.009,-0.003,,false
1566,,,,,,31236,94199,,73.742917,19.485278,6.37,,0.29,F3IV,0.06,-0.038,,false
1567,  8Pi 5Ori,8,Pi,5,Ori,31237,112197,Pi5 Ori,73.562917,2.440556,3.72,,-0.18,B3III+B0V,0.0,0.0,0.003,false
1568,  7    Cam,7,,,Cam,31278,24929,,74.321667,53.752222,4.47,,-0.02,A1V,-0.024,0.007,0.0,false
1569,  6    Ori,6,,,Ori,31283,94197,,73.695417,11.426111,5.19,,0.12,A3V,-0.009,0.032,,false
1570,  7Pi 1Ori,7,Pi,1,Ori,31295,94201,,73.724167,10.150833,4.65,,0.09,A0Vp,0.046,-0.132,,false
1571,,,,,,31296,112203,1763,73.699167,7.779167,5.33,,1.22,gK1,-0.021,-0.027,,false
1572,,,,,,31312,5385,,75.58375,74.269167,6.06,,1.57,K5III,0.021,0.034,,false
1573,,,,,,31327,57511,,74.082917,36.168889,6.07,,0.41,B2Ib,-0.017,0.013,,false
1574,,,,,,31331,112206,,73.71125,0.4675,5.99,,-0.12,B5V,0.0,0.003,,false
1575,,,,,,31362,76848,,74.065,24.592222,6.37,,0.33,F0,-0.026,-0.017,,false
1576,,,,,,31373,94212,,73.959583,15.04,5.81,,-0.08,B9V,0.018,-0.021,,false
1577,  3Iot Aur,3,Iot,,Aur,31398,57522,1778,74.248333,33.166111,2.69,,1.53,K3II,0.003,-0.018,0.021,false
1578,,,,,,31411,112220,,73.993333,5.399167,6.5,,0.02,A0V,-0.004,-0.009,,false
1579,,,,,,31414,149985,,73.778333,-16.740556,5.7,,0.96,gG9,0.008,0.001,,false
1580,  9Omi2Ori,9,Omi,2,Ori,31421,94218,,74.092917,13.514444,4.07,,1.15,K2-IIIFe-1,-0.074,-0.047,0.019,false
1581,,,,,,31444,149988,R Eri,73.8275,-16.417778,5.72,,0.88,gG4,0.01,0.045,,false
1582, 62    Eri,62,,,Eri,31512,131614,,74.100833,-5.171389,5.51,,-0.13,B6V,-0.008,-0.007,,false
1583,,,,,,31517,169889,,73.875833,-25.727778,6.72,,0.27,F0-2III,0.018,0.028,,false
1584,,,,,,31529,195400,,73.728333,-39.628611,6.1,,1.42,K3III,-0.003,0.022,,false
1585,,,,,,31539,94227,,74.342917,17.153611,5.48,,1.31,gK1,-0.013,-0.007,,false
1586, 99    Tau,99,,,Tau,31553,76858,,74.452917,23.948611,5.79,,1.11,gG8,0.008,-0.007,,false
1587,,,,,,31563,5403,,76.054167,73.763889,6.66,R,,K0,0.021,-0.016,,false
1588,  8    Cam,8,,,Cam,31579,24943,,74.942917,53.155556,6.08,,1.46,K4III,-0.014,-0.009,,false
1589,,,,,,31590,5407,,76.165833,74.066944,5.96,R,,A1V,0.013,-0.016,0.01,false
1590, 98    Tau,98,,,Tau,31592,76862,,74.539167,25.050278,5.81,,0.0,A0V,0.022,-0.048,,false
1591,,,,,,31623,131625,,74.321667,-1.067222,6.23,,0.42,F2,-0.037,-0.028,,false
1592,  4Ome Aur,4,Ome,,Aur,31647,57548,,74.814167,37.890278,4.94,,0.04,A1V,0.04,-0.101,0.005,false
1593,,,,,,31662,13341,,75.399583,61.078056,6.03,,0.41,F4V,0.008,-0.175,,false
1594,,,,,,31675,13344,,75.71,66.822778,6.19,,0.48,dF6,0.066,-0.345,0.034,false
1595,,,,,,31726,150029,,74.436667,-14.231389,6.15,,-0.21,B1V,0.01,0.011,,false
1596,,,,,,31739,131640,,74.545,-2.2125,6.35,,0.1,A2V,-0.003,0.025,,false
1597,,,,,,31746,233733,,73.720833,-58.547222,6.12,,0.44,F3V,0.101,0.077,,false
1598,,,,,,31754,249138,1777,73.377083,-66.675556,6.41,,1.63,M0-1III,0.0,0.01,,false
1599,  5    Aur,5,,,Aur,31761,57559,,75.07625,39.394722,5.95,,0.41,F5V,-0.017,0.004,0.021,false
1600,,,,,,31764,94240,1788,74.7475,14.542778,6.09,,0.04,B7V,0.006,-0.017,,false
1601, 10Pi 6Ori,10,Pi,6,Ori,31767,112281,1786,74.637083,1.714167,4.47,,1.4,K2-II,-0.002,-0.003,0.018,false
1602,  6    Aur,6,,,Aur,31780,57560,,75.096667,39.655,6.58,R,,K4I,0.002,0.006,,false
1603, 10Bet Cam,10,Bet,,Cam,31910,13351,,75.854583,60.442222,4.03,,0.92,G1Ib-IIa,-0.006,-0.016,0.009,false
1604,,,,,,31925,150052,1793,74.755417,-16.375833,5.66,,0.43,F3V+F9V,-0.141,0.148,0.028,false
1605,  7Eps Aur,7,Eps,,Aur,31964,39955,Eps Aur,75.492083,43.823333,2.99,,0.54,F0Iae+B,-0.001,-0.004,0.007,false
1606,,,,,,31975,256139,,73.272917,-72.4075,6.28,,0.52,F6V,-0.052,0.276,,false
1607,,,,,,31996,150058,R Lep,74.902083,-14.805833,7.71,,5.74,C6IIe,0.021,0.02,,false
1608, 63    Eri,63,,,Eri,32008,150060,,74.96,-10.263333,5.38,,0.8,G4V,0.02,-0.135,,false
1609,,,,,,32039,112304,1800,75.135833,3.615278,7.03,,,B9Vn,0.025,0.001,,false
1610,,,,,,32040,112305,1800,75.14125,3.616111,6.66,,-0.07,B9Vn,0.007,-0.012,,false
1611, 64    Eri,64,,,Eri,32045,150064,S Eri,74.9825,-12.5375,4.79,,0.26,F0IV,0.045,-0.091,0.022,false
1612,  8Zet Aur,8,Zet,,Aur,32068,39966,Zet Aur,75.619583,41.075833,3.75,,1.22,K4II+B8V,0.009,-0.022,0.005,false
1613,,,,,,32115,131684,,75.165833,-2.065556,6.32,,0.28,A8IV,-0.019,0.008,,false
1614,,,,,,32147,131688,,75.204167,-5.753333,6.22,,1.06,K3V,0.551,-1.094,0.11,false
1615,,,,,,32188,39979,1810,75.8275,41.441667,6.14,,0.16,A2IIIShell?,0.002,-0.004,,false
1616,,,,,,32196,843,,82.95,85.938611,6.51,,0.32,A5m,0.013,-0.079,,false
1617, 65Psi Eri,65,Psi,,Eri,32249,131700,,75.359583,-7.173889,4.81,,-0.19,B3V,0.003,0.008,,false
1618,,,,,,32263,112334,1806,75.459583,0.722222,5.92,,1.27,K0,0.001,-0.012,,false
1619,,,,,,32273,112340,,75.5,1.608889,6.24,,-0.04,B8V,-0.009,0.012,0.013,false
1620,102Iot Tau,102,Iot,,Tau,32301,76920,,75.77375,21.59,4.64,,0.16,A7V,0.066,-0.042,0.019,false
1621,,,,,,32309,169981,,75.356667,-20.051944,4.91,,-0.05,B9.5Vn,0.034,-0.015,,false
1622, 11    Cam,11,,,Cam,32343,25001,BV Cam,76.535417,58.9725,5.08,,-0.08,B2.5Ve,-0.005,-0.008,,false
1623, 12    Cam,12,,,Cam,32357,25003,BM Cam,76.550833,59.021111,6.08,,1.12,K0III,-0.001,-0.031,,false
1624,,,,,,32356,13369,,76.62375,61.17,6.04,,1.37,K5II,0.036,-0.075,,false
1625,,,,,,32393,131715,,75.689583,-4.209722,5.85,,1.21,K3,0.055,0.016,,false
1626,,,,,,32406,57610,,76.060417,30.494722,6.14,,1.21,K0II-III,0.001,-0.005,,false
1627,,,,,,32428,57614,,76.15375,32.320278,6.62,,0.27,A4m,-0.011,-0.07,,false
1628,,,,,,32436,169997,,75.540833,-26.275,5.02,,1.07,K1III,0.089,-0.073,0.007,false
1629,   Eta Men,,Eta,,Men,32440,256145,,73.796667,-74.936944,5.47,,1.52,K4III,0.024,0.059,0.026,false
1630,,,,,,32445,25007,,76.591667,54.405833,7.24,R,,G5,-0.014,0.028,,false
1631,,,,,,32453,195501,,75.39375,-39.718056,6.03,,0.88,G5III,-0.001,0.03,,false
1632,,,,,,32480,76941,,76.157917,27.696111,6.6,,0.24,F0III,0.019,-0.031,,false
1633,,,,,,32482,76939,,76.09,21.278056,6.19,,1.32,K0,0.02,-0.015,,false
1634,  1    Lep,1,,,Lep,32503,170010,,75.687083,-22.795,5.75,,1.2,K1IV,0.059,0.023,,false
1635,,,,,,32515,195509,,75.595,-31.771389,5.94,,1.17,G8III,-0.002,0.082,,false
1636,,,,,,32518,13382,,77.402917,69.639444,6.41,,1.11,K1III,0.056,-0.063,0.007,false
1637,  9    Aur,9,,,Aur,32537,25019,,76.669167,51.597778,5.0,,0.33,F0V,-0.03,-0.173,0.052,false
1638, 11    Ori,11,,,Ori,32549,94290,V1032 Ori,76.142083,15.404167,4.68,,-0.06,A0pSi,0.016,-0.034,0.018,false
1639,,,,,,32608,57629,,76.50375,35.936389,6.52,,0.16,A5V,-0.011,-0.01,,false
1640,,,,,,32612,150109,,75.966667,-14.369444,6.41,,-0.18,B2.5IV,-0.009,0.033,,false
1641, 10Eta Aur,10,Eta,,Aur,32630,40026,1822,76.62875,41.234444,3.17,,-0.18,B3V,0.029,-0.068,0.022,false
1642,,,,,,32642,94306,,76.38375,19.806389,6.44,,0.21,A5m,-0.009,-0.022,0.008,false
1643,,,,,,32650,5455,BN Cam,78.093333,73.946667,5.43,,-0.12,B9pSi,0.0,-0.025,0.024,false
1644,,,,,,32655,40029,,76.706667,43.174722,6.2,,0.43,F2IIp:,0.005,0.0,,false
1645,,,,,,32667,170029,,75.972083,-24.387778,5.61,,0.1,A3m,0.024,-0.028,,false
1646,,,,,,32686,131742,,76.227083,-3.039722,6.05,,-0.11,B5IV,0.001,-0.001,,false
1647,,,,,,32715,13388,,77.435417,64.919444,6.41,,0.4,F6V,-0.015,-0.182,0.024,false
1648,,,,,,32736,112406,W Ori,76.34875,1.1775,6.17,,3.45,C6II,0.012,-0.007,,false
1649,   Eta1Pic,,Eta,1,Pic,32743,217140,,75.7025,-49.151389,5.38,,0.42,F2V,-0.044,0.024,0.055,false
1650,,,,,,32781,5464,1854,78.648333,76.472778,6.37,,-0.02,A0V,-0.007,-0.008,,false
1651,,,,,,32820,217153,,75.975,-41.745,6.31,,0.53,F8V,0.027,0.152,,false
1652,   Gam1Cae,,Gam,1,Cae,32831,195532,Var?,76.101667,-35.483333,4.55,,1.2,K3III,0.129,-0.051,0.013,false
1653,   Gam2Cae,,Gam,2,Cae,32846,195534,X Cae,76.10875,-35.705278,6.34,,0.3,F1III,0.028,0.038,,false
1654,  2Eps Lep,2,Eps,,Lep,32887,170051,1826,76.365417,-22.371111,3.19,,1.46,K5III,0.025,-0.074,0.011,false
1655,,,,,,32890,170050,,76.3175,-26.1525,5.73,,1.17,K2III,0.007,-0.065,,false
1656,104    Tau,104,,,Tau,32923,94332,,76.8625,18.645,5.0,,0.65,G4V,0.537,0.016,0.061,false
1657, 66    Eri,66,,,Eri,32964,131777,1831,76.690417,-4.655,5.12,,-0.06,B9V+A1V,0.016,0.008,0.024,false
1658,106    Tau,106,,,Tau,32977,76971,,76.951667,20.418333,5.3,,0.09,A5V,-0.047,-0.034,0.007,false
1659,103    Tau,103,,,Tau,32990,76974,,77.0275,24.265278,5.5,,0.06,B2V,0.0,-0.004,,false
1660,105    Tau,105,,,Tau,32991,76972,,76.98125,21.704722,5.89,,0.19,B2Ve,0.005,-0.006,,false
1661,,,,,,32996,150149,,76.652917,-13.121944,6.05,,-0.06,A0V,0.019,0.035,,false
1662, 13    Ori,13,,,Ori,33021,112436,,76.909583,9.471944,6.17,,0.62,G1IV,-0.003,-0.378,0.033,false
1663,   Eta2Pic,,Eta,2,Pic,33042,217164,1827,76.241667,-49.577778,5.03,,1.49,K5III,0.071,-0.003,0.009,false
1664, 14    Ori,14,,,Ori,33054,112440,,76.970417,8.498333,5.34,,0.33,Am,0.024,-0.065,0.004,false
1665,,,,,,33093,150159,,76.854167,-12.490556,5.97,,0.6,F7V,0.14,-0.08,,false
1666, 67Bet Eri,67,Bet,,Eri,33111,131794,1841,76.9625,-5.086389,2.79,,0.13,A3III,-0.095,-0.081,0.05,false
1667,,,,,,33116,233814,,76.2525,-54.4075,6.27,,1.54,M2III,0.002,0.0,,false
1668,,,,,,33167,40077,,77.67875,46.962222,5.68,,0.42,F5V,0.055,-0.147,0.027,false
1669,,,,,,33203,57704,,77.57875,37.301944,6.02,,0.72,K3:+B2II:,0.004,-0.006,0.002,false
1670,,,,,,33204,76990,,77.437917,28.030556,6.01,,0.27,A5m,0.054,-0.06,0.008,false
1671,,,,,,33224,131806,,77.084167,-8.665,5.78,,-0.06,B8V,0.005,-0.012,,false
1672, 16    Ori,16,,,Ori,33254,112467,1849,77.331667,9.829444,5.43,,0.24,A2m,0.064,-0.007,0.011,false
1673, 68    Eri,68,,,Eri,33256,131813,,77.181667,-4.456111,5.12,,0.44,F2V,0.044,0.017,0.05,false
1674,   Zet Dor,,Zet,,Dor,33262,233822,,76.3775,-57.472778,4.72,,0.52,F7V,-0.03,0.115,0.085,false
1675,,,,,,33266,13409,,78.263333,61.85,6.17,,0.02,A2III,0.011,0.006,,false
1676, 15    Ori,15,,,Ori,33276,94359,,77.425,15.597222,4.82,,0.32,F2IV,0.002,-0.013,0.004,false
1677,   Bet Men,,Bet,,Men,33285,256154,,75.679167,-71.314444,5.31,,1.0,G8III,-0.005,0.004,0.013,false
1678, 14    Cam,14,,,Cam,33296,13413,,78.380417,62.691389,6.5,,0.21,A7Vn,-0.036,0.006,,false
1679, 69Lam Eri,69,Lam,,Eri,33328,131824,Lam Eri,77.286667,-8.754167,4.27,,-0.19,B2IVne,0.002,-0.004,-0.003,false
1680,,,,,,33377,195581,,77.061667,-35.718333,6.52,,1.08,K1III,0.009,0.001,,false
1681,,,,,,33419,131834,,77.513333,-0.565278,6.1,,1.1,K0III,0.001,-0.053,,false
1682,,,,,,33519,256153,,75.055,-78.300278,6.29,,1.51,K5-M0III,-0.023,-0.012,,false
1683,,,,,,33541,5483,,79.555417,73.268056,5.74,R,,A0V,-0.005,-0.033,,false
1684,,,,,,33554,94377,,77.923333,16.045556,5.18,,1.49,K5III,0.005,0.007,,false
1685,,,,,,33555,131847,,77.741667,-2.253889,6.25,,0.98,K1-IVa,0.075,-0.145,,false
1686,,,,,,33564,5496,,80.639583,79.231111,5.05,,0.47,F6V,-0.082,0.161,0.054,false
1687,,,,,,33608,131852,,77.83,-2.490833,5.9,,0.46,F5V,0.079,0.001,,false
1688,,,,,,33618,25088,,78.797083,59.405556,6.15,,1.18,K2III-IV,0.012,-0.014,,false
1689, 11Mu  Aur,11,Mu,,Aur,33641,57755,,78.357083,38.484444,4.86,,0.18,A4Vm,-0.018,-0.075,0.023,false
1690,,,,,,33647,112505,V1085 Ori,77.9225,0.514722,6.67,,-0.07,B9Vn,0.015,0.003,,false
1691,,,,,,33646,112509,,77.93875,1.036944,5.89,,0.66,G5III,-0.012,-0.015,0.002,false
1692,,,,,,33654,25087,,78.684583,53.213889,6.2,,0.07,A0V,0.0,0.001,,false
1693,,,,,,33664,150206,RX Lep,77.845,-11.849167,5.68,,1.46,M6III,0.028,0.056,,false
1694,,,,,,33667,170151,,77.685417,-25.909444,6.41,,1.25,K1III,-0.015,0.059,,false
1695,,,,,,33684,249198,WZ Dor,76.891667,-63.399722,5.2,,1.65,M3III,0.015,-0.047,0.018,false
1696,  3Iot Lep,3,Iot,,Lep,33802,150223,,78.074583,-11.869167,4.45,,-0.1,B8V,0.027,-0.015,,false
1697,,,,,,33833,131873,,78.200833,-6.057222,5.91,,0.96,G7III,0.027,-0.032,,false
1698, 17Rho Ori,17,Rho,,Ori,33856,112528,1872,78.322917,2.861111,4.46,,1.19,K0.5III,0.001,-0.006,-0.01,false
1699,,,,,,33872,195639,,77.899583,-37.395278,6.57,,1.62,K5III,0.007,0.004,,false
1700,,,,,,33875,256160,,76.53875,-73.037778,6.27,,-0.01,A1V,0.016,0.064,,false
1701,,,,,,33883,112535,,78.381667,1.968056,6.09,,0.42,A5V,0.01,0.012,0.004,false
1702,  5Mu  Lep,5,Mu,,Lep,33904,150237,Mu  Lep,78.232917,-16.205556,3.31,,-0.11,B9IIIpHgMn,0.043,-0.026,0.023,false
1703,,,,,,33946,112543,1874,78.446667,0.560278,6.32,,1.46,M0V,0.003,-0.025,,false
1704,,,,,,33948,131887,,78.38875,-8.147778,6.37,,-0.13,B5V,0.002,0.0,,false
1705,  4Kap Lep,4,Kap,,Lep,33949,150239,,78.307917,-12.941389,4.36,,-0.1,B9V,-0.014,-0.009,0.034,false
1706, 14    Aur,14,,,Aur,33959,57799,KW Aur,78.851667,32.687778,5.02,,0.23,A9IVDel Del,-0.024,0.014,0.007,false
1707,,,,,,34019,25112,R Aur,79.324167,53.586111,6.5,,1.66,M7IIIe,0.016,-0.021,,false
1708, 13Alp Aur,13,Alp,,Aur,34029,40186,1897,79.1725,45.998056,0.08,,0.8,G5IIIe+G0III,0.076,-0.425,0.073,false
1709,,,,,,34043,112556,1880,78.68375,5.156111,5.5,,1.37,gK4,-0.001,0.004,,false
1710,,,,,,34045,150255,,78.499583,-14.606667,6.21,,0.37,F2III,-0.003,0.009,,false
1711,108    Tau,108,,,Tau,34053,77057,,78.865417,22.284722,6.27,,0.08,A2V,-0.008,-0.011,,false
1712,,,,,,34078,57816,AE Aur,79.075833,34.311944,5.96,,0.22,O9.5V,0.008,0.03,-0.004,false
1713, 19Bet Ori,19,Bet,,Ori,34085,131907,1882,78.634583,-8.201667,0.12,,-0.03,B8Ia:,0.0,-0.001,0.013,false
1714,,,,,,34109,873,,85.952917,85.668056,6.6,R,,A2V,-0.016,0.002,,false
1715,,,,,,34167,195669,1877,78.44375,-35.825556,6.98,,1.47,K4III,0.036,-0.051,,false
1716,   Xi  Men,,Xi,,Men,34172,258395,,74.712083,-82.470556,5.85,,0.93,G8-K0III,-0.011,0.004,,false
1717,,,,,,34180,131917,,78.826667,-1.409167,6.15,,0.39,F0IV,-0.043,0.037,,false
1718, 18    Ori,18,,,Ori,34203,94426,,79.017083,11.341389,5.56,,-0.04,A0V,-0.009,-0.005,,false
1719, 15    Cam,15,,,Cam,34233,25125,,79.865833,58.117222,6.13,,-0.03,B5V,0.004,-0.021,,false
1720,,,,,,34255,13460,,80.094167,62.653611,5.61,,1.75,K4I:,-0.003,-0.002,,false
1721,,,,,,34266,195683,,78.62,-35.977222,5.76,,1.01,G8III,0.016,0.004,,false
1722,,,,,,34269,40214,PU Aur,79.56625,42.792222,5.48,,1.65,M4III,0.038,-0.023,0.007,false
1723,,,,,,34310,170238,,78.85125,-26.943333,5.07,,-0.1,B9V,0.01,-0.018,,false
1724,,,,,,34317,112588,,79.17125,1.947222,6.42,,-0.02,A0V,-0.011,-0.009,,false
1725,,,,,,34332,40224,,79.668333,40.465,6.18,,1.37,K0,0.017,-0.015,,false
1726, 16    Aur,16,,,Aur,34334,57853,1909,79.544583,33.371667,4.54,,1.27,K2.5IIIbFe-1,0.045,-0.16,0.014,false
1727,,,,,,34347,233886,,78.472083,-52.031111,6.05,,1.39,K3III,-0.004,-0.024,,false
1728, 17    Aur,17,,,Aur,34364,57858,AR Aur,79.57875,33.767222,6.14,,-0.06,B9.5V,0.012,-0.03,,false
1729, 15Lam Aur,15,Lam,,Aur,34411,40233,,79.785417,40.099167,4.71,,0.63,G1.5IV-VFe-1,0.519,-0.664,0.066,false
1730,,,,,,34435,195694,,78.945833,-34.926667,6.66,,0.15,A2III-IV,-0.018,0.026,,false
1731,,,,,,34447,150295,,79.200417,-17.141667,6.56,,-0.16,B3IV,-0.012,0.022,,false
1732,,,,,,34452,57884,IQ Aur,79.75,33.748333,5.41,,-0.19,A0pSi,0.011,-0.025,,false
1733,,,,,,34498,40242,,80.009583,44.425556,6.62,R,,K0,0.004,-0.01,,false
1734, 18    Aur,18,,,Aur,34499,57893,,79.848333,33.985556,6.49,,0.24,A7V,0.009,-0.01,,false
1735, 20Tau Ori,20,Tau,,Ori,34503,131952,,79.401667,-6.844444,3.6,,-0.11,B5III,-0.015,-0.008,0.006,false
1736,,,,,,34533,40251,,80.16375,46.963889,6.54,,0.6,GIII+A2V,0.002,-0.002,,false
1737,,,,,,34538,150304,1913,79.4175,-13.519722,5.5,,0.93,sgG9,-0.012,-0.046,,false
1738,,,,,,34557,40248,,80.061667,41.086111,5.52,,0.11,A3V,-0.002,-0.058,0.011,false
1739,109    Tau,109,,,Tau,34559,77097,,79.819167,22.096389,4.94,,0.93,G8III,0.012,-0.083,0.01,false
1740, 19    Aur,19,,,Aur,34578,57906,1925,80.00375,33.958056,5.03,,0.27,A5II,0.001,0.002,,false
1741,,,,,,34579,77098,,79.81125,20.134722,6.08,,1.01,G8II-III+G1IV-V,-0.039,-0.027,0.015,false
1742,,,,,,34587,233895,,78.912083,-52.181944,6.49,,1.21,K2III,0.022,0.027,,false
1743,   Omi Col,,Omi,,Col,34642,195721,,79.37125,-34.895278,4.83,,1.0,K0IV,0.09,-0.337,0.018,false
1744,   The Dor,,The,,Dor,34649,249225,,78.439167,-67.185278,4.83,,1.28,K2.5IIIa,0.019,0.036,-0.006,false
1745,,,,,,34653,5535,,82.357083,77.9775,6.56,,0.14,A7III,0.011,-0.017,,false
1746, 21    Ori,21,,,Ori,34658,112624,1922,79.796667,2.595833,5.34,,0.41,F5II,-0.017,-0.047,0.022,false
1747,,,,,,34721,150326,,79.71,-18.13,5.96,,0.58,G0V,0.381,0.058,0.065,false
1748,,,,,,34748,131983,,79.896667,-1.412222,6.34,,-0.11,B1.5Vn,-0.007,-0.006,,false
1749, 20Rho Aur,20,Rho,,Aur,34759,40269,,80.451667,41.804444,5.23,,-0.15,B3V,0.018,-0.037,,false
1750,,,,,,34762,77121,,80.247083,27.957222,6.33,,0.04,B9IV,-0.013,-0.016,,false
1751, 16    Cam,16,,,Cam,34787,25161,,80.865833,57.544444,5.28,,-0.03,A0Vn,0.013,-0.055,0.023,false
1752,,,,,,34790,77124,,80.302917,29.57,5.76,R,0.06,A1V s,0.004,0.004,,false
1753,,,,,,34798,150335,,79.822917,-18.52,6.36,,-0.16,B3V,0.012,0.01,,false
1754,,,,,,34797,150336,TX Lep,79.82625,-18.509722,6.54,,-0.11,B8/9III/IV,0.005,-0.002,,false
1755,,,,,,34810,94478,,80.235833,19.814167,6.18,,1.23,K0III,-0.006,-0.015,,false
1756,  6Lam Lep,6,Lam,,Lep,34816,150340,,79.89375,-13.176667,4.29,,-0.26,B0.5IV,-0.001,-0.003,0.0,false
1757,  7Nu  Lep,7,Nu,,Lep,34863,150345,,79.99625,-12.315556,5.3,,-0.12,B7IVnn,-0.006,0.009,,false
1758,,,,,,34868,170311,,79.84875,-27.368889,5.99,,-0.04,A0V,0.0,-0.01,,false
1759,,,,,,34880,132004,,80.11,-5.366667,6.39,,-0.03,B8III,-0.011,0.029,,false
1760,,,,,,34904,40290,,80.709583,41.029444,5.54,,0.12,A3V,-0.013,0.005,,false
1761,,,,,,34959,112660,,80.330417,4.011944,6.57,,-0.09,B5Vp,-0.003,-0.009,,false
1762,,,,,,34968,170327,1940,80.112083,-21.239444,4.71,,-0.05,A0V,0.005,0.0,0.002,false
1763,,,,,,34989,112667,,80.431667,8.428611,5.8,,-0.13,B1V,0.003,-0.006,,false
1764,,,,,,35007,132024,,80.3825,-0.416389,5.68,,-0.12,B3V,-0.003,0.002,,false
1765, 22    Ori,22,,,Ori,35039,132028,,80.440417,-0.3825,4.73,,-0.17,B2IV-V,0.0,-0.001,,false
1766,,,,,,35046,195763,,80.085833,-34.698889,6.34,,0.33,F2IV-V,-0.007,-0.004,,false
1767,   Zet Pic,,Zet,,Pic,35072,233926,,79.842083,-50.606111,5.45,,0.51,F7III-IV,0.028,0.224,0.023,false
1768, 22    Aur,22,,,Aur,35076,77139,,80.845417,28.936667,6.46,,-0.04,B9V s,0.019,-0.03,,false
1769,,,,,,35104,150375,,80.4625,-13.756111,6.56,,-0.09,B8V,0.008,-0.007,,false
1770, 23    Ori,23,,,Ori,35149,112697,,80.708333,3.544444,5.0,,-0.15,B1V,-0.004,-0.002,,false
1771,,,,,,35162,170351,,80.4425,-24.773056,5.06,,0.67,G7II-III+A7IV-V,-0.024,-0.013,0.004,false
1772,,,,,,35165,195770,Var?,80.320417,-34.345278,6.09,,-0.19,B5IVnpe,0.009,0.001,,false
1773, 21Sig Aur,21,Sig,,Aur,35186,57981,,81.163333,37.385556,4.99,,1.42,K4III,0.001,-0.008,0.003,false
1774,110    Tau,110,,,Tau,35189,94514,,80.907083,16.699444,6.08,,0.14,A2IV,-0.029,-0.017,,false
1775,,,,,,35238,57987,,81.159583,31.223889,6.28,,1.24,K1III,-0.043,-0.009,,false
1776,,,,,,35239,57988,,81.160417,31.143056,5.94,,0.04,B9III,-0.011,-0.007,,false
1777,,,,,,35242,112708,,80.879583,5.3225,6.35,,0.12,A2V,-0.024,-0.003,,false
1778,,,,,,35281,132053,,80.827083,-8.415833,5.9,,-0.03,B8III,0.003,-0.016,0.013,false
1779,,,,,,35295,57999,,81.304167,34.855278,6.55,,1.11,K1pIII-IV+F6V,-0.007,-0.039,,false
1780,111    Tau,111,,,Tau,35296,94526,,81.105833,17.383333,4.99,,0.53,F8V,0.246,-0.009,0.067,false
1781,,,,,,35299,132057,,80.92625,-0.159722,5.7,,-0.21,B1.5V,-0.009,0.003,,false
1782,,,,,,35317,132060,,80.964167,-0.867222,6.11,,0.5,F7V,-0.004,-0.009,0.021,false
1783,  8    Lep,8,,,Lep,35337,150396,,80.875833,-13.927222,5.25,,-0.21,B2IV,0.002,0.004,,false
1784, 29    Ori,29,,,Ori,35369,132067,,80.986667,-7.808056,4.14,,0.96,G8IIIFe-0.5,-0.015,-0.043,0.011,false
1785,,,,,,35386,170375,,80.8,-26.705833,6.49,,0.5,F6V,0.029,0.009,,false
1786,,,,,,35407,112729,,81.150833,2.352778,6.32,,-0.15,B4IVn,0.011,-0.007,,false
1787, 27    Ori,27,,,Ori,35410,132070,,81.120417,-0.891389,5.08,,0.96,G9III-IVFe-1,-0.005,0.132,0.021,false
1788, 28Eta Ori,28,Eta,,Ori,35411,132071,Eta Ori,81.119167,-2.396944,3.36,,-0.17,B1V+B2e,0.002,0.0,0.007,false
1789, 25Psi1Ori,25,Psi,1,Ori,35439,112734,V1086 Ori,81.186667,1.846389,4.95,,-0.2,B1Vpe,0.001,0.001,,false
1790, 24Gam Ori,24,Gam,,Ori,35468,112740,1972,81.282917,6.349722,1.64,,-0.22,B2III,-0.009,-0.014,0.029,false
1791,112Bet Tau,112,Bet,,Tau,35497,77168,,81.572917,28.6075,1.65,,-0.13,B7III,0.022,-0.175,0.028,false
1792,,,,,,35505,150416,,81.118333,-16.976111,5.65,,0.0,A1V,0.015,-0.027,,false
1793,,,,,,35515,195807,SW Col,80.85,-39.678611,5.71,,1.62,M1III,0.028,0.003,,false
1794,,,,,,35519,58029,,81.72625,35.457222,6.15,,1.45,K2,-0.018,-0.011,,false
1795,,,,,,35520,58028,,81.70375,34.391667,5.94,,0.14,A0III,0.007,-0.011,,false
1796,,,,,,35521,58030,,81.71375,33.262778,6.15,,1.15,K0,0.013,0.0,,false
1797,,,,,,35528,195809,,80.9125,-37.336667,6.82,,1.04,K1III,0.034,0.008,,false
1798,113    Tau,113,,,Tau,35532,94543,,81.52375,16.700278,6.25,,-0.08,B2Vn,-0.009,-0.003,,false
1799,,,,,,35536,150420,,81.256667,-10.329167,5.61,,1.56,K5III,-0.017,-0.022,,false
1800,,,,,,35548,132086,,81.38,-0.544167,6.57,,-0.05,B9pHgSi,0.012,-0.007,0.002,false
1801,   Kap Pic,,Kap,,Pic,35580,233952,,80.592083,-56.134444,6.11,,-0.1,B8-9V,-0.005,0.02,,false
1802, 17    Cam,17,,,Cam,35583,13518,2003,82.5425,63.067222,5.42,,1.71,M1IIIa,-0.006,-0.005,,false
1803,,,,,,35588,112752,1975,81.445833,0.520833,6.16,,-0.18,B2.5V,-0.005,0.019,,false
1804,,,,,,35600,58040,,81.784583,30.208611,5.74,,0.16,B9Ib,0.008,-0.01,,false
1805, 24Phi Aur,24,Phi,,Aur,35620,58051,,81.912083,34.475833,5.07,,1.4,K3IIICN+2,-0.003,-0.047,0.009,false
1806,,,,,,35640,132100,,81.51,-5.518333,6.23,,-0.06,B9.5Vn,0.013,0.008,,false
1807,,,,,,35656,112767,,81.661667,6.869167,6.42,,-0.02,A0Vn,0.003,-0.012,,false
1808,115    Tau,115,,,Tau,35671,94554,,81.792083,17.962222,5.42,,-0.1,B5V,0.005,-0.022,,false
1809,,,,,,35693,94556,,81.8075,15.257778,6.16,,0.08,A1IV,-0.014,-0.002,,false
1810,114    Tau,114,,,Tau,35708,77184,,81.90875,21.936944,4.88,,-0.15,B2.5IV,0.002,-0.007,,false
1811, 30Psi2Ori,30,Psi,2,Ori,35715,112775,Psi Ori,81.709167,3.095556,4.59,,-0.21,B2IV,0.002,-0.004,-0.016,false
1812,,,,,,35736,150442,,81.499167,-19.695556,5.89,,0.4,F2V,0.004,-0.022,,false
1813,,,,,,35765,217325,,81.231667,-44.225833,6.08,,1.2,K1III,0.003,0.005,,false
1814,116    Tau,116,,,Tau,35770,94566,,81.94,15.874167,5.5,,0.01,B9.5Vn,0.006,-0.022,,false
1815,,,,,,35798,258405,,78.107083,-81.541667,6.51,,1.11,K1III,0.011,0.05,,false
1816,117    Tau,117,,,Tau,35802,94573,,82.006667,17.238889,5.77,,1.63,M1III,0.02,-0.049,,false
1817,,,,,,35850,150461,,81.77,-11.900833,6.35,,0.51,dF7,0.019,-0.049,,false
1818,   The Pic,,The,,Pic,35860,233965,,81.1925,-52.316389,6.27,,0.07,A0V,-0.012,-0.031,0.004,false
1819,,,,,,35909,94580,,82.145,13.678889,6.35,,0.15,A4V,0.014,-0.018,,false
1820,,,,,,35912,112794,,82.006667,1.298333,6.41,,-0.18,B2V,0.018,0.003,,false
1821,118    Tau,118,,,Tau,35943,77201,2009,82.31875,25.150556,5.47,,-0.04,B8.5V,0.01,-0.032,0.014,false
1822,,,,,,35984,77205,,82.419167,29.186389,6.24,,0.45,F6III,0.022,-0.054,,false
1823,,,,,,35991,170445,,81.902083,-21.375556,6.07,,1.04,gG7,0.013,0.036,,false
1824,,,,,,36040,40387,,82.7025,41.461944,6.0,,1.11,K0IIIp,0.002,-0.035,,false
1825,,,,,,36041,58129,,82.687917,39.825833,6.37,,0.97,G9III,0.021,-0.041,,false
1826,,,,,,36058,132157,,82.23625,-3.3075,6.39,,-0.01,A0Vn,-0.035,-0.015,0.003,false
1827,,,,,,36060,217340,,81.772083,-40.943611,5.87,,0.23,A7m,0.011,0.096,,false
1828, 18    Cam,18,,,Cam,36066,25241,2058,83.140833,57.221111,6.48,,0.57,F8V,0.113,-0.222,0.012,false
1829,  9Bet Lep,9,Bet,,Lep,36079,170457,2008,82.06125,-20.759444,2.84,,0.82,G5II,-0.004,-0.089,0.02,false
1830,,,,,,36134,132170,2022,82.348333,-3.446389,5.79,,1.15,K1-III,-0.044,-0.008,,false
1831,,,,,,36160,77220,,82.680833,22.4625,6.29,,1.18,K0,0.043,-0.016,,false
1832,,,,,,36162,94596,,82.60875,15.360278,5.94,,0.14,A3Vn,-0.027,-0.05,,false
1833,,,,,,36166,112830,,82.478333,1.789167,5.78,,-0.2,B2V,0.008,-0.004,,false
1834, 31    Ori,31,,,Ori,36167,132176,CI Ori,82.433333,-1.092222,4.71,,1.57,K5III,0.004,-0.023,0.006,false
1835,,,,,,36187,195887,,82.06375,-37.230556,5.57,,0.02,A1V,0.009,0.074,,false
1836,   Lam Dor,,Lam,,Dor,36189,233981,,81.580417,-58.9125,5.14,,1.0,G6III,-0.008,0.028,0.012,false
1837,,,,,,36217,112837,CK Ori,82.5825,4.204167,6.21,,1.27,K2IIIe,0.002,-0.048,,false
1838,,,,,,36255,195898,,82.277917,-30.116667,6.75,,1.06,G8/K0III,-0.003,0.014,,false
1839, 32    Ori,32,,,Ori,36267,112849,,82.69625,5.948056,4.2,,-0.14,B5V,0.012,-0.034,0.005,false
1840,,,,,,36285,132192,,82.58625,-7.434722,6.33,,-0.19,B2IV-V,-0.013,0.001,,false
1841, NOVA 1891,NO,VA,1,891,,,T Aur,,,,,,,,,,true
1842, 33    Ori,33,,,Ori,36351,112861,,82.810417,3.292222,5.46,,-0.18,B1IV+B1.5V,0.001,0.003,0.001,false
1843, 25Chi Aur,25,Chi,,Aur,36371,58164,,83.182083,32.191944,4.76,,0.34,B5Iab,-0.002,-0.003,,false
1844,,,,,,36384,5593,2337,84.932083,75.043889,6.17,,1.57,M0III,-0.008,0.025,,false
1845,119    Tau,119,,,Tau,36389,94628,CE Tau,83.053333,18.594444,4.38,,2.07,M2Iab-Ib,0.002,-0.001,0.002,false
1846,,,,,,36404,40426,,83.369583,42.108889,6.55,,-0.02,B9IIIp:Hg:,-0.001,-0.001,,false
1847,,,,,,36408,94630,,83.059167,17.058056,5.46,R,-0.04,B7IIIe,-0.002,-0.009,0.009,false
1848,,,,,,36430,132210,,82.837083,-6.708333,6.22,,-0.17,B2V,0.01,0.0,,false
1849, 10    Lep,10,,,Lep,36473,170506,,82.781667,-20.863611,5.55,,0.0,A0V,0.005,-0.044,0.016,false
1850,,,,,,36484,58179,,83.364583,32.801111,6.48,,0.09,A2m,0.008,-0.063,,false
1851, 34Del Ori,34,Del,,Ori,36485,132221,,83.002083,-0.284444,6.85,,-0.16,B2V,0.009,-0.004,0.014,false
1852, 34Del Ori,34,Del,,Ori,36486,132220,Del Ori,83.001667,-0.299167,2.23,,-0.22,O9.5II,0.001,-0.002,0.014,false
1853,,,,,,36496,13548,,84.3175,66.696111,6.26,,,A8Vn,-0.01,-0.031,,false
1854,,,,,,36499,58182,,83.408333,34.725833,6.27,,0.15,A3IV,-0.038,-0.008,,false
1855, 36Ups Ori,36,Ups,,Ori,36512,132222,,82.9825,-7.301389,4.62,,-0.26,B0V,-0.001,-0.005,,false
1856,,,,,,36553,217368,,82.539583,-47.077778,5.46,,0.62,G3IV,0.025,-0.137,,false
1857, 19    Cam,19,,,Cam,36570,13550,,84.312917,64.154722,6.15,,0.01,A0V,0.003,-0.07,0.007,false
1858,120    Tau,120,,,Tau,36576,94649,V960 Tau,83.381667,18.540278,5.69,,0.01,B2IV-Ve,-0.002,0.0,,false
1859,,,,,,36584,249281,,81.75,-68.622778,6.03,,0.34,F0IV-V,0.001,-0.019,0.012,false
1860,,,,,,36589,77255,2132,83.411667,20.474167,6.18,,-0.07,B6V,-0.004,-0.012,,false
1861,,,,,,36591,132234,2107,83.172083,-1.591944,5.35,,-0.19,B1IV,-0.001,-0.009,,false
1862,   Eps Col,,Eps,,Col,36597,195924,,82.802917,-35.470556,3.87,,1.14,K1IIIa,0.022,-0.035,0.008,false
1863,,,,,,36646,132247,2131,83.28,-1.718333,6.46,,-0.09,B4Vn,-0.025,-0.04,0.002,false
1864, 35    Ori,35,,,Ori,36653,94652,,83.47625,14.305556,5.64,,-0.14,B3V,-0.001,-0.009,,false
1865, 11Alp Lep,11,Alp,,Lep,36673,150547,2128,83.1825,-17.822222,2.58,,0.21,F0Ib,0.001,0.002,0.007,false
1866,,,,,,36678,25276,,84.146667,54.428889,5.73,,1.63,M0III,-0.013,-0.002,,false
1867,,,,,,36689,249288,,82.3225,-62.314444,6.59,,1.53,K4-5III,0.01,-0.023,,false
1868,,,,,,36695,132255,VV Ori,83.380833,-1.156111,5.34,,-0.18,B1V,-0.004,0.0,,false
1869,,,,,,36719,40466,,84.06625,47.715278,6.11,,0.26,dF0,0.012,-0.018,,false
1870,,,,,,36734,217382,,82.900417,-45.925278,5.86,,1.35,K3III,0.028,0.038,,false
1871,,,,,,36741,112901,,83.49,1.407778,6.59,,-0.17,B2V,0.009,0.004,,false
1872, 38    Ori,38,,,Ori,36777,112904,,83.569583,3.766944,5.36,,0.05,A2V,-0.031,-0.018,0.014,false
1873,,,,,,36779,132269,,83.51625,-1.035556,6.22,,-0.17,B2.5V,0.007,0.001,,false
1874,,,,,,36780,132270,,83.516667,-1.470556,5.93,,1.55,K5III,-0.012,-0.033,,false
1875,121    Tau,121,,,Tau,36819,77285,Var?,83.862917,24.039444,5.38,,-0.09,B2.5IV,0.01,-0.024,,false
1876, 37Phi1Ori,37,Phi,1,Ori,36822,112914,,83.705,9.489444,4.41,,-0.16,B0III,0.002,-0.004,0.0,false
1877,,,,,,36848,195948,,83.21375,-38.513056,5.48,,1.22,K2III,0.04,-0.002,-0.008,false
1878,,,,,,36859,77295,,83.98125,27.662222,6.27,,1.54,K0,-0.025,-0.039,,false
1879, 39Lam Ori,39,Lam,,Ori,36861,112921,2240,83.784583,9.934167,3.54,,-0.18,O8III((f)),0.0,-0.006,0.007,false
1880, 39Lam Ori,39,Lam,,Ori,36862,,2240,83.785417,9.935,5.61,,0.04,B0.5V,0.001,-0.006,0.007,false
1881,,,,,,36874,195952,2158,83.280833,-35.139722,5.78,,1.07,K0III,0.097,-0.041,,false
1882,,,,,,36876,249297,,82.56625,-63.927778,6.19,,0.22,F0IV,0.009,0.054,,false
1883,,,,,,36881,94671,2251,83.805833,10.24,5.6,,0.12,B9IIIpHg:Mn:,0.022,-0.008,,false
1884,,,,,,36891,40481,,84.218333,40.182222,6.09,,1.03,G3Ib+F,-0.002,-0.01,,false
1885,,,,,,36905,914,,90.334167,85.182222,6.11,,1.57,M0III,0.011,0.0,,false
1886,,,,,,36959,132298,2261,83.75375,-6.009167,5.67,,-0.23,B1V,-0.011,0.0,0.005,false
1887,,,,,,36960,132301,,83.76125,-6.001944,4.78,,-0.25,B0.5V,0.004,0.002,0.005,false
1888,,,,,,36965,170561,,83.467083,-29.848889,6.53,,-0.02,A0V,0.014,0.021,,false
1889,,,,,,36994,77310,,84.125833,25.939444,6.49,,0.43,F5III,0.014,0.003,,false
1890,,,,,,37017,132317,V1046 Ori,83.840833,-4.493333,6.56,,-0.13,B1.5V,-0.011,0.03,,false
1891,,,,,,37016,132319,,83.84375,-4.425278,6.24,,-0.15,B2.5V,0.022,-0.027,,false
1892, 42    Ori,42,,,Ori,37018,132320,2318,83.846667,-4.838333,4.59,,-0.19,B1V,0.004,0.0,0.006,false
1893, 41The1Ori,41,The,1,Ori,37020,,V1016 Ori,83.81625,-5.387222,6.73,,0.02,B0.5V,0.005,0.002,0.001,false
1894, 41The1Ori,41,The,1,Ori,37021,,BM Ori,83.817083,-5.385278,7.96,,0.24,B0V,0.005,0.002,0.001,false
1895, 41The1Ori,41,The,1,Ori,37022,132314,2294,83.81875,-5.389722,5.13,,0.02,O6p,0.004,0.002,0.001,false
1896, 41The1Ori,41,The,1,Ori,37023,,2295,83.822083,-5.387778,6.7,,0.09,B0.5Vp,0.005,0.002,0.001,false
1897, 43The2Ori,43,The,2,Ori,37041,132321,2320,83.845417,-5.416111,5.08,,-0.09,O9.5Vp,0.001,0.005,-0.001,false
1898,,,,,,37040,132325,,83.879583,-4.364722,6.38,,-0.14,B2.5IV,0.002,-0.021,,false
1899, 44Iot Ori,44,Iot,,Ori,37043,132323,2334,83.858333,-5.91,2.77,,-0.24,O9III,0.0,0.001,0.025,false
1900,,,,,,37055,132332,2350,83.899167,-3.252778,6.4,,-0.12,B3IV,-0.008,0.0,,false
1901, 45    Ori,45,,,Ori,37077,132336,,83.914583,-4.855833,5.26,,0.24,F0III,0.009,0.011,0.026,false
1902,,,,,,37098,77322,2426,84.286667,26.924167,5.83,,-0.07,B9IV-V,0.011,-0.025,0.007,false
1903, 46Eps Ori,46,Eps,,Ori,37128,132346,Eps Ori,84.053333,-1.201944,1.7,,-0.19,B0Ia,0.001,-0.002,-0.002,false
1904,,,,,,37138,58263,,84.440417,33.559167,6.33,,1.31,K0,0.003,0.0,,false
1905,122    Tau,122,,,Tau,37147,94700,,84.265833,17.040278,5.54,,0.22,F0V,0.045,-0.031,0.029,false
1906,,,,,,37150,132351,2416,84.0625,-5.648056,6.54,,-0.18,B3V,0.0,-0.004,,false
1907, 40Phi2Ori,40,Phi,2,Ori,37160,112958,,84.22625,9.290556,4.09,,0.95,K0IIIbFe-2,0.091,-0.305,0.03,false
1908,,,,,,37171,94702,,84.268333,11.035,5.94,,1.58,K4III,0.051,-0.018,,false
1909,,,,,,37192,195986,,83.814167,-33.08,5.78,,1.12,K2IIIa,0.02,0.109,,false
1910,123Zet Tau,123,Zet,,Tau,37202,77336,Zet Tau,84.41125,21.1425,3.0,,-0.19,B4IIIpe,0.0,-0.021,0.008,false
1911,,,,,,37209,132359,2433,84.14875,-6.065,5.72,,-0.22,B1V,-0.005,-0.012,,false
1912,,,,,,37226,234026,,83.435,-54.902222,6.43,,0.55,F8V,0.072,0.011,,false
1913,,,,,,37232,112966,,84.330417,8.951944,6.12,,-0.17,B2IV-V,0.001,-0.001,,false
1914, 26    Aur,26,,,Aur,37269,58280,2485,84.65875,30.4925,5.4,,0.45,F9III+B9.5V,-0.019,-0.009,0.005,false
1915,,,,,,37286,170587,,84.042917,-28.707778,6.26,,0.13,A2/3III/V:,0.023,0.0,,false
1916,,,,,,37289,13570,,85.61,65.697778,5.6,,1.24,gK5,-0.006,-0.018,,false
1917,,,,,,37297,249309,,83.248333,-64.2275,5.34,,1.04,G8-K0III,0.041,-0.01,0.01,false
1918,,,,,,37303,132375,2467,84.364167,-5.938333,6.05,,-0.22,B1V,0.015,0.002,,false
1919,,,,,,37306,150617,,84.286667,-11.775556,6.11,,0.05,A2V,0.02,-0.02,,false
1920,,,,,,37320,112979,,84.504583,7.541389,5.88,,-0.07,B8III,0.007,-0.017,,false
1921,,,,,,37329,77350,,84.739167,26.617778,6.37,R,,G9III,0.024,-0.018,,false
1922,   Bet Dor,,Bet,,Dor,37350,249311,Bet Dor,83.40625,-62.489722,3.76,,0.82,F6Ia,0.002,0.009,0.012,false
1923,,,,,,37356,132387,2483,84.4725,-4.813611,6.19,,-0.04,B2IV-V,0.004,0.021,,false
1924,,,,,,37367,77354,,84.826667,29.215278,5.96,,0.16,B2IV-V,0.012,-0.004,,false
1925,,,,,,37394,25319,,85.334583,53.481111,6.23,,0.84,K1V,0.002,-0.518,0.081,false
1926,   Nu 1Col,,Nu,1,Col,37430,170601,,84.31875,-27.871389,6.16,,0.34,F0IV,0.014,-0.061,,false
1927,,,,,,37434,217422,TX Pic,84.01125,-47.313889,6.11,,1.16,K2III+F,-0.014,-0.017,,false
1928,125    Tau,125,,,Tau,37438,77360,,84.934167,25.896944,5.18,,-0.15,B3IV,0.012,-0.024,,false
1929,,,,,,37439,77358,,84.8625,21.762778,6.34,R,0.06,A1Vn,-0.004,-0.036,,false
1930,,,,,,37462,234037,,83.76,-58.871111,6.75,,1.45,K4III,-0.035,0.017,,false
1931, 48Sig Ori,48,Sig,,Ori,37468,132406,,84.686667,-2.6,3.81,,-0.24,O9.5V,0.002,0.001,0.007,false
1932,,,,,,37479,132408,V1030 Ori,84.69625,-2.594167,6.65,,-0.19,B2Vp,-0.018,0.012,0.007,false
1933,,,,,,37481,132405,,84.6575,-6.573889,5.96,,-0.23,B1.5IV,-0.015,0.003,,false
1934, 47Ome Ori,47,Ome,,Ori,37490,113001,Ome Ori,84.79625,4.121389,4.57,,-0.11,B3IIIe,0.001,-0.003,,false
1935,   Nu 2Col,,Nu,2,Col,37495,170613,,84.435833,-28.689444,5.31,,0.46,F4V,-0.034,0.052,0.047,false
1936,,,,,,37501,249314,,83.74,-61.175833,6.32,,0.85,G5IV,0.006,-0.022,,false
1937, 49    Ori,49,,,Ori,37507,132411,,84.72125,-7.213056,4.8,,0.13,A4V,-0.012,-0.053,0.042,false
1938,,,,,,37519,58319,2537,85.149583,31.358056,6.04,,0.04,B9.5III-IVp:,-0.007,-0.02,,false
1939,,,,,,37536,58322,NO Aur,85.175417,31.920833,6.11,,2.12,M2IIIS,0.01,0.006,,false
1940,,,,,,37594,132424,,84.88,-3.564722,6.0,,0.27,A8V s,-0.002,-0.003,,false
1941, 24    Cam,24,,,Cam,37601,25333,,85.756667,56.581667,6.05,,0.95,K0III,0.014,0.031,,false
1942,,,,,,37635,132425,,84.878333,-9.706667,6.5,,-0.1,B7V,0.008,-0.014,,false
1943, 23    Cam,23,,,Cam,37638,13590,,86.035833,61.476667,6.15,,0.9,gG5,-0.005,0.001,,false
1944,,,,,,37643,150652,,84.817917,-17.849444,6.38,,-0.12,B7V,0.001,0.003,,false
1945,,,,,,37646,77393,,85.3375,29.4875,6.43,,-0.11,B8IV,0.019,-0.029,,false
1946,126    Tau,126,,,Tau,37711,94759,2560,85.32375,16.533889,4.86,,-0.13,B3IV,0.008,-0.018,0.014,false
1947,,,,,,37717,217450,,84.681667,-40.7075,5.82,,-0.09,B8V,-0.005,0.009,,false
1948, 50Zet Ori,50,Zet,,Ori,37742,132444,2553,85.189583,-1.942778,2.05,H,-0.21,O9.7Ib,0.003,-0.002,0.024,false
1949, 50Zet Ori,50,Zet,,Ori,37743,,2553,85.19,-1.942778,4.21,H,,B0III,0.004,-0.002,0.024,false
1950,,,,,,37744,132441,,85.155417,-2.825,6.22,,-0.2,B1.5V,0.008,0.01,,false
1951,,,,,,37752,77413,,85.4775,23.326389,6.59,,-0.06,B8p,-0.016,-0.014,,false
1952,,,,,,37756,132445,2556,85.210833,-1.128889,4.95,,-0.21,B2IV-V,-0.012,-0.006,,false
1953,   Gam Men,,Gam,,Men,37763,256201,,82.970417,-76.341111,5.19,,1.13,K2III,0.111,0.283,0.02,false
1954,,,,,,37784,77420,,85.51625,22.660278,6.36,R,,K2,-0.011,-0.021,,false
1955,,,,,,37788,113033,,85.273333,0.337778,5.93,,0.3,F0IV,0.015,0.028,,false
1956,   Alp Col,,Alp,,Col,37795,196059,2549,84.912083,-34.074167,2.64,,-0.12,B7IVe,0.007,-0.026,0.001,false
1957,,,,,,37808,150680,V1051 Ori,85.191667,-10.409444,6.52,,-0.16,B9.5IIIpSi4200,-0.03,-0.03,,false
1958,,,,,,37811,196061,,84.9575,-32.629167,5.45,,0.92,G6-8III,-0.022,-0.029,,false
1959,,,,,,37904,132465,,85.417917,-2.896111,6.42,,0.3,A9IV-V,0.041,0.03,,false
1960,,,,,,37935,249322,,84.227917,-66.560278,6.31,,-0.07,B9.5V,-0.022,0.01,,false
1961,,,,,,37967,77450,V731 Tau,85.83125,23.204167,6.21,,-0.06,B2.5Ve,-0.001,-0.022,,false
1962,,,,,,37971,150703,,85.422917,-16.725556,6.21,,-0.13,B3IVp,-0.005,0.009,,false
1963, 51    Ori,51,,,Ori,37984,113056,,85.619167,1.474722,4.91,,1.17,K1III,-0.058,-0.015,0.015,false
1964,,,,,,37993,256208,WX Men,83.68625,-73.741389,5.78,,1.71,M3III,-0.003,0.033,,false
1965,,,,,,38054,150716,,85.559583,-17.530278,6.15,,1.38,K0,-0.036,0.007,,false
1966,,,,,,38056,196088,,85.3625,-33.400556,6.34,,-0.04,A0V,0.014,-0.002,,false
1967,,,,,,38089,132477,,85.724167,-6.796111,6.02,,0.4,F3V,-0.003,0.068,0.019,false
1968, 12    Lep,12,,,Lep,38090,170715,,85.557917,-22.373611,5.87,,0.11,A2,-0.004,0.018,,false
1969, 26    Cam,26,,,Cam,38091,25362,2615,86.626667,56.115556,5.94,,0.17,A4Vn,0.019,-0.056,,false
1970,,,,,,38099,132480,V1197 Ori,85.78875,-1.613056,6.31,,1.47,K4III,0.003,-0.026,,false
1971, 27Omi Aur,27,Omi,,Aur,38104,40583,,86.475,49.826389,5.47,,0.03,A2VpCr,-0.01,0.001,0.019,false
1972,,,,,,38138,196096,,85.548333,-30.535556,6.19,,0.01,A0V,0.002,0.007,,false
1973,,,,,,38170,196098,,85.562917,-34.667778,5.29,,-0.05,B9.5V,-0.008,0.051,,false
1974,,,,,,38189,40584,,86.45625,40.507222,6.58,,0.25,A3Del Del,-0.031,-0.005,,false
1975,,,,,,38206,150739,,85.84,-18.5575,5.73,,-0.01,A0V s,0.016,-0.015,,false
1976,,,,,,38284,13618,,87.270417,62.808056,6.13,R,,A4V,-0.007,-0.01,0.01,false
1977,,,,,,38307,77516,Y Tau,86.414167,20.695,6.95,,3.03,C5II,-0.001,0.0,,false
1978,,,,,,38309,113099,,86.257917,4.008056,6.09,,0.31,gF0n,0.02,-0.019,,false
1979,,,,,,38358,40609,,86.81125,42.526667,6.29,,1.35,K0,0.009,-0.088,,false
1980,,,,,,38382,170756,,86.118333,-20.126389,6.34,,0.58,G0,-0.016,0.046,,false
1981,,,,,,38385,196116,,85.875833,-39.406944,6.25,,0.37,F3V,0.051,-0.002,,false
1982,,,,,,38392,170757,,86.110417,-22.421667,6.15,,0.94,K2V,-0.309,-0.353,0.128,false
1983, 13Gam Lep,13,Gam,,Lep,38393,170759,,86.115833,-22.448333,3.6,,0.47,F6V,-0.293,-0.37,0.128,false
1984,,,,,,38458,217497,2613,85.92125,-45.833056,6.39,,0.29,A9V,0.029,0.091,,false
1985,129    Tau,129,,,Tau,38478,94848,,86.689583,15.8225,6.0,,-0.06,B8IIIpHgMn:,0.004,-0.004,,false
1986,,,,,,38495,132515,,86.511667,-4.268333,6.34,,1.05,K1III+G0IV,0.0,-0.068,,false
1987,,,,,,38527,113124,,86.717083,9.522222,5.79,,0.88,G8III,-0.034,-0.065,,false
1988,,,,,,38529,113119,,86.645833,1.168056,5.95,,0.78,G4V,-0.073,-0.148,0.027,false
1989,131    Tau,131,,,Tau,38545,94855,,86.805,14.488333,5.72,,0.04,A3Vn,0.01,-0.039,0.021,false
1990,130    Tau,130,,,Tau,38558,94858,,86.859167,17.729167,5.49,,0.3,F0III,-0.005,-0.006,,false
1991,   Iot Men,,Iot,,Men,38602,256214,Iot Men,83.90125,-78.820833,6.05,,-0.02,B8III,0.008,0.017,,false
1992, 29    Cam,29,,,Cam,38618,25403,,87.641667,56.918889,6.54,,,A4IV-V,-0.009,-0.008,,false
1993,133    Tau,133,,,Tau,38622,94864,,86.92875,13.899722,5.29,,-0.17,B2IV-V,0.002,-0.012,-0.002,false
1994,,,,,,38645,13635,,88.23125,68.471389,6.2,,0.95,G9III,0.005,-0.051,0.004,false
1995, 29Tau Aur,29,Tau,,Aur,38656,58465,,87.29375,39.181111,4.52,,0.94,G8IIIFe-1,-0.025,-0.022,0.007,false
1996,   Mu  Col,,Mu,,Col,38666,196149,2630,86.499583,-32.306389,5.17,,-0.28,O9.5V,0.009,-0.025,,false
1997,,,,,,38670,77578,,87.093333,20.869444,6.07,,-0.08,B9Vn,0.014,-0.016,0.001,false
1998, 14Zet Lep,14,Zet,,Lep,38678,150801,,86.73875,-14.821944,3.55,,0.1,A3Vn,-0.016,-0.001,0.049,false
1999, 52    Ori,52,,,Ori,38710,113150,,87.000833,6.454167,5.27,,0.23,A5V,0.007,-0.019,0.023,false
2000,,,,,,38713,150806,,86.781667,-16.237778,6.17,,0.89,G2Ib-II,-0.034,0.003,,false
2001,,,,,,38735,150814,V1031 Ori,86.86125,-10.533056,6.03,,0.16,A4V,-0.029,-0.024,,false
2002,132    Tau,132,,,Tau,38751,77592,2650,87.254167,24.5675,4.86,,1.01,G8III,-0.004,-0.023,0.005,false
2003,,,,,,38765,25411,,87.735,51.514722,6.29,,1.05,K1III,0.167,-0.03,,false
2004, 53Kap Ori,53,Kap,,Ori,38771,132542,2641,86.939167,-9.669722,2.06,,-0.17,B0.5Ia,0.002,-0.002,0.015,false
2005,,,,,,38804,170836,,86.769583,-28.639167,6.22,,-0.15,B5V,0.006,0.006,,false
2006, 30    Cam,30,,,Cam,38831,25419,,88.0725,58.964167,6.14,,-0.04,A0V s,0.007,-0.023,,false
2007,,,,,,38858,132554,,87.145417,-4.094722,5.97,,0.64,G4V,0.062,-0.225,,false
2008,,,,,,38871,217521,,86.614167,-46.597222,5.31,,1.04,K0-1II,0.012,0.004,0.018,false
2009,,,,,,38885,196171,,86.8275,-35.674722,6.32,,1.18,K1III,-0.008,0.041,,false
2010,134    Tau,134,,,Tau,38899,94888,,87.387083,12.651111,4.91,,-0.07,B9IV,-0.02,-0.024,,false
2011, 31Ups Aur,31,Ups,,Aur,38944,58496,2661,87.76,37.305556,4.74,,1.62,M0+III-IIIbFe-0.5,0.035,-0.047,-0.002,false
2012, 32Nu  Aur,32,Nu,,Aur,39003,58502,,87.8725,39.148611,3.97,,1.13,G9.5III*,-0.005,0.007,0.017,false
2013,,,,,,39004,77625,,87.742083,27.967778,5.56,,0.97,gG7,-0.009,0.012,,false
2014,,,,,,39007,113179,,87.510833,9.871111,5.8,,0.87,G8III,0.005,-0.01,,false
2015,   Del Dor,,Del,,Dor,39014,249346,,86.193333,-65.735556,4.35,,0.21,A7V,-0.031,0.008,0.027,false
2016,135    Tau,135,,,Tau,39019,94904,,87.620417,14.305556,5.52,,1.01,gG9,0.006,-0.035,,false
2017,,,,,,39040,217543,,86.992083,-40.6525,6.61,,1.12,K1III,0.007,0.032,,false
2018,,,,,,39045,58504,Var,87.857083,32.125,6.25,,1.75,M3III,0.001,0.007,,false
2019,,,,,,39051,113186,,87.554583,4.423333,5.97,,1.36,gK2,0.005,-0.039,,false
2020,   Bet Pic,,Bet,,Pic,39060,234134,,86.82125,-51.066389,3.85,,0.17,A5V,0.011,0.085,0.061,false
2021,,,,,,39070,150845,,87.402083,-14.483611,5.49,,0.88,gG6,-0.025,-0.044,0.009,false
2022,   Pi  Men,,Pi,,Men,39091,258421,,84.290833,-80.469167,5.65,,0.6,G1V,0.305,1.054,0.044,false
2023,,,,,,39110,234137,,86.804167,-54.360833,6.18,,1.4,K3III,-0.016,-0.009,,false
2024,,,,,,39118,113198,Var,87.625,2.024444,5.98,,0.91,G8III+A0IV,0.001,-0.015,,false
2025,,,,,,39182,58524,,88.164583,39.574444,6.45,R,0.09,A2V,-0.026,-0.016,,false
2026,,,,,,39190,170892,,87.472917,-22.971667,5.87,,0.06,A2,-0.014,0.025,,false
2027, 31    Cam,31,,,Cam,39220,25447,TU Cam,88.740833,59.888333,5.2,,0.02,A2V,0.001,-0.019,0.009,false
2028,,,,,,39225,58528,2681,88.167083,33.9175,5.98,,1.6,M1.5II-III,0.02,0.008,,false
2029, 30Xi  Aur,30,Xi,,Aur,39283,25450,,88.711667,55.706944,4.99,,0.05,A2V,-0.013,0.02,0.012,false
2030,,,,,,39286,94942,,88.0975,19.868056,6.06,,0.54,G2IIIe+B8III,-0.002,0.003,,false
2031, 55    Ori,55,,,Ori,39291,132591,2677,87.841667,-7.518056,5.35,,-0.2,B2IV-V,-0.001,0.003,,false
2032,,,,,,39312,217559,,87.392083,-44.875278,6.38,,1.27,K1III,-0.004,0.011,,false
2033,137    Tau,137,,,Tau,39317,94945,V809 Tau,88.092917,14.171667,5.59,,-0.05,B9pSiCrEu,-0.02,-0.005,,false
2034,136    Tau,136,,,Tau,39357,77675,2696,88.331667,27.612222,4.58,,-0.02,A0V,0.003,-0.012,0.021,false
2035, 15Del Lep,15,Del,,Lep,39364,170926,,87.830417,-20.879167,3.81,,0.99,K0IIIFe-1.5CH0.5,0.227,-0.649,0.022,false
2036,,,,,,39385,170931,,87.869167,-22.926111,6.17,,1.02,K0,-0.001,-0.018,,false
2037, 56    Ori,56,,,Ori,39400,113220,2690,88.11,1.855,4.78,,1.38,K1.5IIb,-0.007,-0.012,0.005,false
2038,,,,,,39417,77680,,88.329583,20.299167,6.71,,-0.07,B9V,0.005,-0.01,,false
2039,,,,,,39421,132603,,88.031667,-9.041389,5.97,,0.1,A2Vnp,-0.027,0.052,,false
2040,   Bet Col,,Bet,,Col,39425,196240,,87.74,-35.768333,3.12,,1.16,K2III,0.059,0.401,0.023,false
2041,,,,,,39429,13662,,89.395833,66.096111,6.25,,1.36,K0,0.048,-0.016,,false
2042,   Gam Pic,,Gam,,Pic,39523,234154,,87.457083,-56.166667,4.51,,1.1,K1III,0.083,-0.076,0.018,false
2043,,,,,,39543,170945,,87.997917,-29.448611,6.45,,1.48,K3III,-0.004,0.02,,false
2044,,,,,,39547,234162,,87.619167,-52.767778,6.35,,0.76,K0-1III+A4V+A,-0.025,0.015,,false
2045,,,,,,39551,25467,,89.06,51.803889,6.49,R,,A5V,-0.009,-0.008,,false
2046,,,,,,39586,58569,,88.745833,31.701667,5.9,,0.14,A5IV,-0.043,-0.176,0.023,false
2047, 54Chi1Ori,54,Chi,1,Ori,39587,77705,,88.595417,20.276111,4.41,,0.59,G0V,-0.189,-0.084,0.104,false
2048,,,,,,39632,94977,,88.555833,10.586944,6.12,,1.47,G9II,0.006,0.008,,false
2049,,,,,,39640,234169,,87.721667,-52.108889,5.17,,0.99,G8III,0.006,-0.078,0.023,false
2050,,,,,,39662,94979,,88.634167,11.7625,6.59,,0.03,A2V,0.008,-0.068,,false
2051,,,,,,39685,113253,,88.565417,3.225278,6.31,,1.29,K0,0.053,-0.061,,false
2052, 57    Ori,57,,,Ori,39698,94986,2722,88.73625,19.749722,5.92,,-0.17,B2V,-0.003,-0.004,,false
2053,,,,,,39720,196266,,88.138333,-37.631111,5.63,,1.04,K1III,0.033,-0.031,,false
2054,,,,,,39743,40720,,89.270417,49.029444,6.47,,0.99,G8III,0.019,-0.016,,false
2055,,,,,,39752,196274,,88.19875,-38.525833,6.7,,1.08,K1III,0.004,-0.004,0.003,false
2056,   Lam Col,,Lam,,Col,39764,196276,Lam Col,88.27875,-33.801389,4.87,,-0.15,B5V,-0.004,0.033,0.035,false
2057,,,,,,39775,113265,,88.68375,0.968333,6.0,,1.34,K0III,0.003,-0.003,,false
2058,,,,,,39777,132635,,88.644583,-4.063889,6.57,,-0.18,B1.5V,-0.001,0.02,,false
2059,,,,,,39780,258418,TZ Men,82.557917,-84.785,6.2,,-0.02,B9.5IV-V,-0.008,0.046,,false
2060,,,,,,39789,150925,,88.489167,-19.638333,6.69,,0.1,A4V,-0.025,0.004,,false
2061, 58Alp Ori,58,Alp,,Ori,39801,113271,Alp Ori,88.792917,7.406944,0.5,,1.85,M1-2Ia-Iab,0.026,0.009,0.005,false
2062,   Lam Men,,Lam,,Men,39810,256239,,86.950417,-72.702222,6.53,,1.08,K0III,-0.011,0.022,,false
2063,,,,,,39816,77730,U Ori,88.955417,20.175,5.4,,0.99,M6.5IIIe,0.0,-0.014,,false
2064,   Eps Dor,,Eps,,Dor,39844,249368,2693,87.473333,-66.901111,5.11,,-0.14,B6V,-0.016,0.016,0.012,false
2065,,,,,,39853,150932,,88.681667,-11.773889,5.66,,1.53,K5III,0.066,0.039,,false
2066,,,,,,39866,77744,,89.140833,28.942222,6.32,,0.3,A2II,0.003,-0.001,,false
2067,,,,,,39881,95004,,89.014583,13.925278,6.6,,0.65,G5IV,0.384,-0.467,0.047,false
2068,,,,,,39891,170993,,88.55875,-29.147778,6.36,,0.37,F3V,-0.02,-0.051,,false
2069,,,,,,39901,217599,,88.345417,-42.921389,6.55,,1.37,K3III,0.012,0.009,,false
2070,,,,,,39910,132652,,88.87625,-4.616389,5.87,,1.18,gK2,0.04,-0.017,,false
2071,,,,,,39927,132653,,88.8975,-4.788333,6.28,,0.06,A2III,-0.011,-0.019,,false
2072,,,,,,39937,234181,2714,88.084583,-57.156111,5.94,,0.66,F7IV,0.024,-0.078,,false
2073,,,,,,39963,249376,,87.845833,-64.033611,6.36,,0.86,G8III,-0.011,0.016,,false
2074,,,,,,39970,77750,,89.23375,24.249722,6.02,,0.39,A0Ia,0.002,0.0,,false
2075,,,,,,39985,113284,,89.116667,9.509722,5.99,,-0.07,A0IV,0.0,-0.001,,false
2076,,,,,,40020,95027,,89.20625,11.521111,5.87,,1.1,K2III,0.106,-0.058,,false
2077, 33Del Aur,33,Del,,Aur,40035,25502,,89.881667,54.284722,3.72,,1.0,K0-III,0.081,-0.125,0.022,false
2078,,,,,,40055,5730,,91.28875,75.585833,6.4,R,,K5,0.009,-0.01,,false
2079,,,,,,40062,25504,,89.940417,55.320833,6.44,,0.31,A5m,-0.015,-0.088,,false
2080,,,,,,40083,25505,,89.950417,54.547222,6.14,,1.2,K2III,0.011,-0.035,,false
2081,,,,,,40084,40743,,89.840833,49.924444,5.89,,1.23,G5III,-0.002,-0.009,,false
2082,,,,,,40091,196309,,88.71875,-39.958056,5.57,,1.51,M0III,-0.014,0.016,,false
2083,,,,,,40105,234191,,88.544583,-50.361944,6.52,,0.9,G8IV,0.086,0.569,0.034,false
2084,139    Tau,139,,,Tau,40111,77775,,89.49875,25.953889,4.82,,-0.06,B0.5II,0.0,-0.002,,false
2085, 16Eta Lep,16,Eta,,Lep,40136,150957,,89.10125,-14.167778,3.71,,0.33,F1III,-0.042,0.139,0.066,false
2086,,,,,,40151,171034,,89.059583,-22.840278,5.96,,1.11,K0V,0.119,0.021,,false
2087,   Xi  Col,,Xi,,Col,40176,196316,,88.874583,-37.120833,4.97,,1.11,K1III,0.032,-0.026,-0.011,false
2088, 34Bet Aur,34,Bet,,Aur,40183,40750,Bet Aur,89.882083,44.9475,1.9,,0.03,A2IV,-0.057,0.0,0.041,false
2089,,,,,,40200,217612,,88.67125,-49.626944,6.1,,-0.13,B3V,-0.009,0.016,,false
2090,,,,,,40235,171045,,89.14375,-23.215556,6.36,,1.07,K0,0.014,0.026,,false
2091, 35Pi  Aur,35,Pi,,Aur,40239,40756,Pi  Aur,89.98375,45.936944,4.26,,1.72,M3II,0.0,-0.005,0.003,false
2092,   Sig Col,,Sig,,Col,40248,196330,,89.087083,-31.3825,5.5,,,F2III,-0.002,0.006,,false
2093,,,,,,40282,113306,,89.475833,1.224444,6.22,,1.48,M0III,-0.069,0.008,,false
2094,,,,,,40292,234199,,88.709167,-52.635278,5.29,,0.31,F0VDel Del,-0.005,0.248,0.034,false
2095, 37The Aur,37,The,,Aur,40312,58636,The Aur,89.930417,37.2125,2.62,,-0.08,A0pSi,0.048,-0.081,0.022,false
2096,,,,,,40325,40769,,90.079167,44.591944,6.22,,,K2III+K0III,-0.026,-0.041,,false
2097,,,,,,40347,132700,,89.54875,-0.994167,6.22,,1.14,K0,0.007,-0.025,,false
2098,,,,,,40359,196335,,89.204167,-31.976111,6.44,,1.07,G8III,0.002,0.019,,false
2099,,,,,,40369,95075,,89.721667,12.808611,5.7,,0.89,K2III+A5V,-0.014,0.021,0.006,false
2100, 59    Ori,59,,,Ori,40372,113315,V1004 Ori,89.601667,1.836944,5.9,,0.21,A5mDel Del,0.005,-0.008,,false
2101, 36    Aur,36,,,Aur,40394,40778,,90.244167,47.901944,5.73,,-0.01,B9.5pSiFe,0.006,-0.018,,false
2102,,,,,,40409,249390,,88.525417,-63.09,4.65,,1.05,K1III-IV,0.138,0.537,0.048,false
2103, 60    Ori,60,,,Ori,40446,113321,,89.706667,0.553056,5.22,,0.01,A1V s,-0.013,0.002,0.004,false
2104,,,,,,40455,249391,,88.549583,-64.482222,6.63,,0.38,F0III,-0.003,0.064,,false
2105,,,,,,40486,40789,,90.429583,48.959444,5.96,,1.45,K0,0.005,-0.015,,false
2106,   Gam Col,,Gam,,Col,40494,196352,,89.384167,-35.283333,4.36,,-0.18,B2.5IV,0.0,0.009,,false
2107,  1    Mon,1,,,Mon,40535,132714,V474 Mon,89.754167,-9.382222,6.12,,0.29,F2IV,0.014,0.012,,false
2108,  2    Mon,2,,,Mon,40536,132715,,89.767917,-9.558333,5.03,,0.19,A6IIIm vs,0.009,-0.05,0.01,false
2109,,,,,,40574,132723,,89.907083,-1.444444,6.63,,-0.07,B8IIIn,-0.009,-0.02,,false
2110,,,,,,40588,58657,,90.2925,31.034722,5.98,R,0.08,A2V,-0.001,0.009,,false
2111,,,,,,40589,77837,,90.251667,27.572222,6.05,,0.25,B9Iab,-0.001,-0.004,,false
2112,,,,,,40626,40801,,90.702917,49.905556,6.05,,-0.06,B9.5IV,0.024,-0.046,,false
2113,,,,,,40657,132732,2770,90.014167,-3.074167,4.53,,1.22,K1.5IIIFe-1.5,0.012,-0.076,0.022,false
2114,,,,,,40665,234224,2753,89.31,-53.426111,6.45,,1.48,K5-M0III,0.016,-0.014,,false
2115,,,,,,40722,40808,,90.723333,43.378611,6.42,R,,K0,0.02,-0.024,,false
2116,,,,,,40724,77858,,90.423333,22.400833,6.37,,-0.07,B8V,-0.011,-0.02,,false
2117,,,,,,40733,217648,,89.656667,-44.034444,5.81,,1.07,G8II,-0.001,0.014,,false
2118,,,,,,40745,151011,,90.07375,-12.899722,6.22,,0.36,F0,-0.007,-0.039,,false
2119, 38    Aur,38,,,Aur,40801,40818,,90.825,42.911667,6.1,,0.97,K0II,0.112,-0.141,0.014,false
2120,   Eta Col,,Eta,,Col,40808,217650,,89.786667,-42.815278,3.96,,1.14,K0III,0.022,-0.014,0.019,false
2121,,,,,,40827,25551,,91.284583,59.393056,6.34,,1.1,K1III-IV,0.005,-0.051,,false
2122,,,,,,40832,58688,,90.729583,32.635833,6.24,,0.42,F4V,0.076,-0.209,0.028,false
2123,,,,,,40873,25548,2804,91.12125,51.573333,6.45,,0.18,A7III,0.005,-0.042,,false
2124, 61Mu  Ori,61,Mu,,Ori,40932,113389,2792,90.595833,9.6475,4.12,,0.16,A2V,0.015,-0.028,0.028,false
2125,   Kap Men,,Kap,,Men,40953,256248,,87.569583,-79.361389,5.47,,-0.08,B9V,-0.009,0.066,,false
2126,,,,,,40956,13715,,91.663333,63.453611,6.39,R,,K0,-0.03,0.006,,false
2127,,,,,,40964,113392,,90.57125,1.694444,6.59,,-0.05,B8V,0.004,0.007,,false
2128,  3    Mon,3,,,Mon,40967,151037,,90.46,-10.598056,4.95,,-0.12,B5III,-0.007,0.0,0.003,false
2129,,,,,,40972,171138,,90.304583,-25.417778,6.05,,0.02,A1V,-0.008,-0.018,,false
2130, 64    Ori,64,,,Ori,41040,95166,2803,90.86375,19.690556,5.14,,-0.11,B8III,-0.001,-0.017,,false
2131,,,,,,41047,196413,,90.318333,-33.911667,5.55,,1.58,K5III,0.015,-0.02,,false
2132, 39    Aur,39,,,Aur,41074,40840,2812,91.264167,42.981667,5.87,,0.3,F3V,-0.039,-0.143,,false
2133,,,,,,41076,95170,,90.852917,11.680833,6.08,,-0.04,A0V s,-0.016,-0.015,,false
2134,  1    Gem,1,,,Gem,41116,77915,Var?,91.03,23.263333,4.16,,0.82,G7III,-0.008,-0.1,0.031,false
2135, 62Chi2Ori,62,Chi,2,Ori,41117,77911,2809,90.98,20.138333,4.63,,0.28,B2Ia,0.002,-0.006,0.025,false
2136,,,,,,41125,151052,,90.640833,-14.497222,6.2,,0.96,G5,0.011,0.012,,false
2137,,,,,,41162,58716,,91.260833,37.964167,6.34,,,K0III+A2,0.003,-0.007,,false
2138,,,,,,41214,234251,,90.205,-51.216389,5.67,,0.2,Am,-0.021,0.094,,false
2139,,,,,,41269,58727,,91.391667,33.599167,6.23,,-0.08,B9pSi,0.008,-0.013,,false
2140,,,,,,41312,171180,,90.814583,-26.284444,5.04,,1.34,K3III,0.056,0.092,,false
2141,,,,,,41330,58739,,91.535417,35.3875,6.12,,0.6,G0V,-0.131,-0.302,0.046,false
2142,,,,,,41335,132793,2817,91.05625,-6.709167,5.21,,-0.06,B2Ven,-0.005,-0.003,,false
2143, 40    Aur,40,,,Aur,41357,58749,Var?,91.64625,38.482778,5.36,,0.25,A4m,0.007,-0.049,0.004,false
2144, 63    Ori,63,,,Ori,41361,113429,,91.2425,5.42,5.67,,1.04,gG7,0.0,0.003,,false
2145, 66    Ori,66,,,Ori,41380,113430,,91.243333,4.158611,5.63,,1.04,G4III,-0.001,-0.005,,false
2146,,,,,,41429,77958,,91.59375,29.5125,6.08,,1.73,M3II+F7V,0.015,-0.006,,false
2147,,,,,,41467,40868,,91.862083,41.854167,6.12,,1.22,K0III,0.007,-0.021,,false
2148, 17    Lep,17,,,Lep,41511,151093,SS Lep,91.24625,-16.484444,4.93,,0.24,A2eShell,-0.006,-0.001,0.032,false
2149,,,,,,41534,196459,,91.084583,-32.1725,5.65,,-0.19,B2.5V,-0.015,0.119,,false
2150,,,,,,41547,151098,,91.3625,-10.242778,5.87,,0.37,dF4,0.014,0.024,,false
2151,,,,,,41586,249424,SW Pic,90.538333,-60.096944,6.45,,1.58,M4III,0.01,0.004,,false
2152, 37    Cam,37,,,Cam,41597,25597,,92.49625,58.935833,5.36,,1.09,G8III,0.024,0.023,0.011,false
2153,,,,,,41636,40881,,92.095833,41.055556,6.36,,1.05,G9III,-0.016,-0.053,,false
2154,,,,,,41692,132841,,91.66125,-4.193889,5.38,,-0.13,B5IV,-0.007,-0.004,,false
2155, 18The Lep,18,The,,Lep,41695,151110,,91.53875,-14.935278,4.67,,0.05,A1Vn,-0.018,0.014,0.012,false
2156,,,,,,41698,171222,S Lep,91.440417,-24.195556,6.95,,1.63,M6III,0.024,-0.018,,false
2157,,,,,,41700,217702,,91.118333,-45.036667,6.35,,0.52,G0IV-V,-0.08,0.244,0.042,false
2158,,,,,,41742,217706,,91.1675,-45.078889,5.93,,0.49,F4V,-0.07,0.255,0.033,false
2159, 67Nu  Ori,67,Nu,,Ori,41753,95259,,91.892917,14.768333,4.42,,-0.17,B3V,0.006,-0.021,-0.032,false
2160,,,,,,41759,196483,,91.362917,-35.513611,5.8,,0.02,A1V,0.007,0.018,,false
2161,,,,,,41814,151126,,91.71625,-11.173611,6.66,,-0.15,B3V,-0.002,0.001,,false
2162,,,,,,41824,217708,2827,91.195417,-48.458611,6.58,,0.72,G6V,-0.092,-0.038,0.019,false
2163,,,,,,41841,171236,,91.633333,-23.110556,5.47,,0.08,Am,-0.023,-0.023,0.014,false
2164,,,,,,41843,171231,,91.522917,-29.758611,5.81,,0.05,A1V,0.013,-0.041,,false
2165, 36    Cam,36,,,Cam,41927,13756,,93.212917,65.718333,5.32,,1.34,K1.5IIIbCN-0.5,0.006,-0.033,0.004,false
2166,,,,,,41933,171251,2833,91.74,-21.812778,5.78,,1.64,M4III,0.004,-0.016,,false
2167,,,,,,42035,113503,,92.196667,8.67,6.55,,-0.07,B9V,0.032,0.005,,false
2168, 19    Lep,19,,,Lep,42042,151142,,91.923333,-19.165833,5.31,,1.68,M2III,0.013,0.054,,false
2169,,,,,,42049,78045,,92.385,22.19,5.93,,1.63,K4I,-0.018,-0.013,,false
2170,,,,,,42054,196503,2836,91.765417,-34.311944,5.83,,-0.13,B4IVe,0.003,0.003,,false
2171,   Pi 1Col,,Pi,1,Col,42078,217720,,91.670833,-42.298611,6.12,,0.25,Am,-0.033,0.003,,false
2172,,,,,,42083,25613,,92.941667,52.647222,6.3,,0.14,A5IIIm,0.011,-0.07,,false
2173,  3    Gem,3,,,Gem,42087,78050,2846,92.433333,23.113333,5.75,,0.21,B2.5Ib,0.007,-0.001,,false
2174,,,,,,42111,113507,,92.24125,2.499444,5.73,,0.07,A3Vn,0.004,-0.02,,false
2175, 41    Aur,41,,,Aur,42126,40924,,92.902083,48.713056,6.82,H,,A8V,0.012,-0.066,0.01,false
2176, 41    Aur,41,,,Aur,42127,40925,,92.9025,48.711111,6.09,H,0.1,A3V,0.019,-0.05,0.01,false
2177,   The Col,,The,,Col,42167,196514,,91.881667,-37.253056,5.02,,-0.11,B9IV,0.002,-0.005,,false
2178,,,,,,42168,217724,,91.757917,-45.091389,6.51,,1.16,K1III,0.085,0.044,,false
2179,,,,,,42278,132900,,92.400833,-5.711111,6.17,,0.34,F3IV w,0.058,0.014,,false
2180,,,,,,42301,171293,,92.24125,-22.4275,5.5,,-0.01,A0IV,0.002,-0.039,0.012,false
2181,   Pi 2Col,,Pi,2,Col,42303,217730,,91.970417,-42.153889,5.5,,0.0,A0V,0.001,-0.014,0.016,false
2182,,,,,,42327,151173,,92.334583,-18.126111,6.35,,-0.03,B9Vn,0.013,-0.015,,false
2183,,,,,,42341,151178,,92.392917,-14.584167,5.56,,1.16,K2III,-0.047,0.045,,false
2184,,,,,,42351,95337,,92.7575,18.129444,6.33,,1.35,K1II,-0.002,-0.047,,false
2185,  5    Gem,5,,,Gem,42398,78079,,92.884583,24.420278,5.8,,1.11,K0III,-0.004,-0.054,,false
2186,,,,,,42443,171317,,92.449583,-22.774167,5.71,,0.44,F6V,0.08,0.067,0.019,false
2187,,,,,,42448,217735,,92.144167,-44.356111,6.27,,-0.15,B8II,-0.013,0.01,,false
2188,,,,,,42466,25630,,93.43875,51.1725,6.04,,1.06,K1III,-0.007,-0.065,,false
2189,,,,,,42471,58852,,93.08375,32.693333,5.78,,1.66,M2IIIa,-0.008,-0.001,,false
2190,,,,,,42475,78092,TV Gem,92.964167,21.868611,6.56,,2.25,M0-1Iab,0.002,0.015,,false
2191,,,,,,42477,95352,,92.86625,13.638611,6.04,,0.0,A0Vnn,-0.005,-0.017,,false
2192,,,,,,42486,171318,,92.446667,-26.700833,6.27,,1.01,G8-K0III,-0.007,0.021,,false
2193, 68    Ori,68,,,Ori,42509,95359,,93.005417,19.790556,5.75,,-0.07,B9.5V,-0.001,-0.012,,false
2194,   Eta1Dor,,Eta,1,Dor,42525,249448,,91.539167,-66.039722,5.71,,-0.03,A0V,0.017,0.027,,false
2195,,,,,,42536,132924,V653 Mon,92.755417,-6.754167,6.15,,0.01,A0pSrCr,0.004,-0.003,,false
2196,,,,,,42540,249451,2845,91.764167,-62.154722,5.05,,1.25,K2-3III,0.018,-0.072,0.013,false
2197,  6    Gem,6,,,Gem,42543,78098,BU Gem,93.079583,22.908333,6.39,,2.24,M1-2Ia-Iab,0.002,-0.004,0.003,false
2198, 69    Ori,69,,,Ori,42545,95365,,93.01375,16.130556,4.95,,-0.14,B5Vn,0.009,-0.014,,false
2199, 70Xi  Ori,70,Xi,,Ori,42560,95362,,92.985,14.208889,4.48,,-0.18,B3IV,0.003,-0.02,-0.001,false
2200,,,,,,42621,171339,2866,92.644167,-27.154167,5.72,,1.07,K1III,-0.016,-0.046,,false
2201, 40    Cam,40,,,Cam,42633,13772,,93.919167,59.999167,5.35,,1.34,K3III,0.033,-0.021,,false
2202,,,,,,42657,132941,V638 Mon,92.932083,-4.665556,6.18,,-0.08,B9pHgMn,-0.011,-0.009,,false
2203,,,,,,42682,217753,2864,92.542917,-40.353611,5.58,,1.68,M2II-III,-0.026,0.076,,false
2204,,,,,,42683,217747,,92.347083,-49.562778,6.49,,0.52,F7V,-0.024,0.08,,false
2205,,,,,,42690,132944,,92.965833,-6.550278,5.05,,-0.2,B2V,-0.005,-0.005,,false
2206,,,,,,42729,171356,,92.80625,-26.482222,6.09,,-0.04,A0V,-0.017,0.003,,false
2207,,,,,,42784,95397,,93.389167,18.680278,6.58,,-0.08,B8Vnn,0.023,-0.017,,false
2208,,,,,,42807,95394,,93.3025,10.6275,6.45,,0.67,G2V,0.092,-0.285,0.055,false
2209,,,,,,42818,13788,,94.711667,69.319722,4.8,,0.03,A0Vn,0.002,-0.107,0.008,false
2210,,,,,,42824,132965,,93.185,-2.504444,6.62,,0.05,A2V,-0.045,0.012,,false
2211,,,,,,42834,217758,,92.66625,-45.281944,6.31,,-0.03,A0V,0.005,0.005,,false
2212,   Del Pic,,Del,,Pic,42933,234359,Del Pic,92.574583,-54.968611,4.81,,-0.23,B3III+O9V,-0.003,0.005,,false
2213,,,,,,42927,151227,,93.192917,-17.763056,6.52,,-0.17,B3III,-0.008,0.017,,false
2214,,,,,,42954,95419,,93.619167,17.906389,5.88,,0.22,A5Vm,-0.009,-0.012,,false
2215,  1    Lyn,1,,,Lyn,42973,13787,UW Lyn,94.478333,61.515278,4.98,,1.83,M3IIIab,-0.014,-0.006,0.006,false
2216,  7Eta Gem,7,Eta,,Gem,42995,78135,Eta Gem,93.719167,22.506667,3.28,,1.6,M3III,-0.068,-0.012,0.014,false
2217,,,,,,43017,58905,,93.9125,36.148611,6.92,,0.45,F4IV,-0.065,0.003,,false
2218,,,,,,43023,132994,,93.47625,-3.741389,5.83,,0.94,G8III,-0.011,0.025,,false
2219, 44Kap Aur,44,Kap,,Aur,43039,78143,2877,93.844583,29.498056,4.35,,1.02,G8.5IIIb,-0.073,-0.262,0.018,false
2220, 71    Ori,71,,,Ori,43042,95432,,93.712083,19.156389,5.2,,0.44,F6V,-0.098,-0.188,0.041,false
2221,   Nu  Dor,,Nu,,Dor,43107,249461,,92.184167,-68.843333,5.06,,-0.08,B8V,-0.052,0.018,,false
2222,,,,,,43112,95444,2878,93.785417,13.851111,5.91,,-0.23,B1V,0.023,0.006,,false
2223, 72    Ori,72,,,Ori,43153,95447,,93.854583,16.143056,5.3,,-0.14,B7V,0.003,-0.012,,false
2224,,,,,,43157,133003,,93.652917,-4.568333,5.83,,-0.17,B5V,-0.008,0.006,,false
2225,,,,,,43162,171428,,93.437917,-23.861944,6.39,,0.72,G5,-0.069,0.118,,false
2226,,,,,,43179,171425,,93.38875,-29.396111,6.54,,-0.1,B7V,-0.025,-0.013,,false
2227,  5Gam Mon,5,Gam,,Mon,43232,133012,,93.71375,-6.274722,3.98,,1.32,K1.5IIIBa0.3,-0.008,-0.019,0.013,false
2228, 42    Aur,42,,,Aur,43244,40999,,94.394583,46.424167,6.52,,0.27,F0V,-0.043,0.019,,false
2229, 73    Ori,73,,,Ori,43247,95457,,93.9375,12.551111,5.33,,-0.02,B9II-III,-0.001,0.001,,false
2230,  8    Gem,8,,,Gem,43261,78168,,94.079167,23.97,6.08,,0.9,G8III,-0.015,-0.009,,false
2231,,,,,,43285,113650,,93.917083,6.066111,6.07,,-0.13,B6Ve,-0.008,-0.024,,false
2232,,,,,,43317,113653,,93.945833,4.283611,6.64,,-0.17,B3IV,-0.001,-0.004,,false
2233,,,,,,43318,133028,,93.892917,-0.512222,5.65,,0.5,F6V,-0.158,-0.219,0.036,false
2234,,,,,,43319,133027,,93.87375,-4.915278,5.99,,0.09,A5IV s,0.025,-0.045,,false
2235,,,,,,43335,95473,,94.099167,17.181389,6.39,,1.58,K5II,-0.002,-0.014,,false
2236,,,,,,43358,113656,,93.975,1.169167,6.37,,0.46,F5IV:,-0.005,0.034,,false
2237,,,,,,43362,133029,,93.858333,-9.035278,6.1,,-0.08,B9III,-0.035,0.015,-0.003,false
2238,  2    Lyn,2,,,Lyn,43378,25665,UZ Lyn,94.905833,59.010833,4.48,,0.01,A2V s,-0.008,0.026,0.035,false
2239, 43    Aur,43,,,Aur,43380,41010,,94.570417,46.360556,6.38,,1.11,K2III,0.012,-0.126,,false
2240,  9    Gem,9,,,Gem,43384,78176,,94.244583,23.740833,6.25,,0.45,B3Ib,0.0,-0.001,,false
2241, 74    Ori,74,,,Ori,43386,95476,,94.110833,12.272222,5.04,,0.42,F5IV-V,0.082,0.186,0.041,false
2242,,,,,,43396,171458,,93.785,-20.272222,5.91,,1.32,K0,0.005,0.03,,false
2243,,,,,,43429,151274,,93.822917,-18.476667,5.99,,1.06,K0,0.016,-0.048,,false
2244,,,,,,43445,151283,,93.937083,-13.718333,5.01,,-0.08,B9Vn,0.011,-0.009,,false
2245,   Eta2Dor,,Eta,2,Dor,43455,249469,2873,92.8125,-65.589444,5.01,,1.62,M2.5III,-0.026,0.112,0.009,false
2246,,,,,,43461,113668,,94.088333,1.080278,6.63,,-0.05,B6V,0.016,-0.008,,false
2247, 75    Ori,75,,,Ori,43525,113675,,94.2775,9.9425,5.39,,0.1,A2V,0.007,-0.061,0.013,false
2248,,,,,,43526,113673,,94.243333,7.053056,6.57,,-0.12,B7III,-0.011,0.009,,false
2249,,,,,,43544,151294,2891,94.032083,-16.617778,5.92,,-0.17,B2.5Vn,-0.002,0.008,,false
2250,,,,,,43583,95494,,94.38875,14.058333,6.59,,-0.03,A0V,0.0,-0.012,,false
2251,,,,,,43587,113683,2896,94.317083,5.100278,5.71,,0.61,F9V,-0.216,0.159,0.05,false
2252,,,,,,43636,171482,,93.988333,-29.788333,6.67,,1.55,K4III,0.004,0.008,,false
2253,,,,,,43683,95502,,94.523333,14.382778,6.16,,0.01,A3V,-0.007,0.004,,false
2254,,,,,,43745,171502,,94.264583,-22.715,6.07,,0.56,G0V,0.119,-0.251,0.018,false
2255,  6    Mon,6,,,Mon,43760,151318,,94.396667,-10.725278,6.75,,0.35,F0Del Del,-0.002,-0.007,,false
2256,   Kap Col,,Kap,,Col,43785,196643,2897,94.137917,-35.140556,4.37,,1.0,K0.5IIIa,0.0,0.086,0.025,false
2257,  4    Lyn,4,,,Lyn,43812,25678,,95.515,59.372222,5.94,R,,A3V,-0.001,0.004,0.005,false
2258,,,,,,43819,95519,V1155 Ori,94.7575,17.325,6.32,,-0.07,B9IIIpSiCr:,-0.009,-0.009,,false
2259,,,,,,43821,113710,,94.66875,9.047222,6.24,,0.87,K0,0.03,-0.044,,false
2260,,,,,,43827,151322,2903,94.42375,-16.815833,5.14,,1.3,K3III,-0.011,0.008,0.017,false
2261,   Alp Men,,Alp,,Men,43834,256274,,92.56,-74.753056,5.09,,0.72,G6V,0.118,-0.213,0.115,false
2262,,,,,,43847,196646,,94.148333,-39.264444,6.0,,0.16,A2Vm:,-0.013,-0.022,,false
2263,,,,,,43899,196653,,94.255,-37.7375,5.53,,1.14,K1III,0.002,0.081,,false
2264, 45    Aur,45,,,Aur,43905,25681,,95.442083,53.452222,5.36,,0.43,F5III,0.02,-0.084,0.022,false
2265,,,,,,43940,196659,,94.289583,-37.253056,5.87,,0.14,A3V,-0.011,-0.01,,false
2266,,,,,,43955,151334,,94.557083,-19.966944,5.52,,-0.18,B2V,-0.005,0.007,,false
2267,,,,,,43993,133091,,94.710833,-9.390278,5.36,,1.24,K1.5III,0.003,-0.033,,false
2268,,,,,,44021,151346,2912,94.703333,-15.024722,6.06,,1.66,M0III,-0.003,0.022,,false
2269,,,,,,44033,95543,2917,95.0175,14.651111,5.69,,1.61,K3Ib,-0.003,-0.014,,false
2270,,,,,,44037,133098,,94.782917,-8.586389,6.22,,-0.04,B9V,-0.022,-0.01,,false
2271,,,,,,44081,171549,2915,94.745833,-20.926111,5.81,,-0.15,B4IV,-0.009,-0.009,,false
2272,,,,,,44092,78259,,95.300417,29.541111,6.43,,0.06,A1V s,0.035,-0.039,,false
2273,  7    Mon,7,,,Mon,44112,133114,,94.928333,-7.823056,5.27,,-0.19,B2.5V,-0.004,0.0,,false
2274,,,,,,44120,234418,,94.077083,-59.213611,6.43,,0.59,G0V,-0.057,-0.325,0.043,false
2275,,,,,,44131,133118,2918,94.998333,-2.944444,4.9,,1.6,M1III,-0.013,0.004,-0.001,false
2276,,,,,,44173,95563,,95.217917,11.756389,6.54,,-0.1,B5III,0.023,0.003,,false
2277,,,,,,44234,95572,,95.357917,17.763611,6.35,R,,g:G9,0.019,-0.039,,false
2278,,,,,,44267,234430,,94.465417,-52.733056,6.41,,1.46,K2-3III,0.003,-0.006,,false
2279,,,,,,44323,196686,,94.920833,-34.396667,5.78,,-0.08,B9V,0.014,0.001,,false
2280,,,,,,44333,113758,2932,95.3575,2.268611,6.31,,0.24,A4.5V,-0.016,-0.026,0.012,false
2281,,,,,,44362,234442,,94.695,-50.359167,7.04,,0.83,G2Ib,0.006,0.003,,false
2282,  1Zet CMa,1,Zet,,CMa,44402,196698,2927,95.078333,-30.063333,3.02,,-0.19,B2.5V,0.009,0.003,0.004,false
2283,,,,,,44447,256285,,93.774583,-71.702778,6.64,,0.56,F8V,-0.025,0.061,,false
2284,,,,,,44458,151401,FR CMa,95.352917,-11.773333,5.64,,-0.02,B1Vpe,-0.009,-0.005,,false
2285,,,,,,44472,5861,,97.060833,70.535556,5.97,R,,A4V,0.002,0.023,,false
2286, 13Mu  Gem,13,Mu,,Gem,44478,78297,Mu  Gem,95.74,22.513611,2.88,,1.64,M3IIIab,0.054,-0.111,0.02,false
2287,,,,,,44497,95599,,95.652083,12.57,6.0,,,F0III,-0.033,-0.037,,false
2288,,,,,,44506,196707,2931,95.15125,-34.143889,5.53,,-0.19,B1.5Ve,0.005,0.028,,false
2289, 46Psi1Aur,46,Psi,1,Aur,44537,41076,Psi1 Aur,96.224583,49.288056,4.91,,1.97,K5-M0Iab-Ib,-0.002,-0.001,0.007,false
2290,,,,,,44594,217861,,95.025417,-48.741111,6.6,,0.66,G3V,0.231,-0.271,0.041,false
2291,,,,,,44691,25731,RR Lyn,96.6075,56.285,5.64,,0.24,A3Vm,-0.026,0.022,0.023,false
2292,,,,,,44700,113801,,95.827083,3.764444,6.4,,-0.15,B3V,0.006,-0.013,,false
2293,  5    Lyn,5,,,Lyn,44708,25733,,96.70375,58.417222,5.21,,1.53,K4III,-0.005,-0.009,0.005,false
2294,  2Bet CMa,2,Bet,,CMa,44743,151428,Bet CMa,95.675,-17.955833,1.98,,-0.23,B1II-III,-0.006,0.0,0.019,false
2295,,,,,,44756,133199,,95.844583,-4.687222,6.67,,0.06,A2V,-0.013,-0.007,,false
2296,   Del Col,,Del,,Col,44762,196735,,95.528333,-33.436389,3.85,,0.88,G7II,-0.024,-0.055,0.019,false
2297,,,,,,44766,78333,,96.219167,29.707222,6.71,,-0.06,B8IIIn,-0.032,-0.009,,false
2298,  8Eps Mon,8,Eps,,Mon,44769,113810,,95.942083,4.592778,4.44,,0.18,A5IV,-0.018,0.011,0.025,false
2299,,,,,,44770,113811,,95.94375,4.595556,6.72,,0.45,F5V,-0.021,-0.01,0.025,false
2300,,,,,,44783,113817,,96.009583,8.884722,6.26,,-0.08,B8Vn,-0.005,-0.018,,false
2301,,,,,,44816,133203,,95.9,-9.874444,6.19,,1.84,K5,0.008,0.018,,false
2302,,,,,,44867,95641,,96.220417,16.056944,6.33,,1.08,G9III,0.04,-0.046,,false
2303,,,,,,44891,151450,,95.941667,-15.071667,6.24,,1.53,K2,-0.015,-0.007,,false
2304,,,,,,44927,78349,,96.387083,23.326944,6.06,R,-0.03,A2Vn,-0.01,-0.023,,false
2305,,,,,,44951,151458,,96.042917,-11.530278,5.22,,1.24,K3III,-0.054,-0.035,0.016,false
2306,,,,,,44953,151453,2944,95.948333,-19.785278,6.6,,-0.15,B8IIIHe wk,-0.017,0.014,0.003,false
2307,,,,,,44956,196759,,95.81,-31.79,6.34,,0.89,G8III,-0.056,0.013,,false
2308,,,,,,44984,95659,BL Ori,96.367083,14.721944,6.24,,2.34,C5II,-0.014,-0.002,,false
2309,,,,,,44996,151461,,96.085417,-12.9625,6.12,,-0.08,B5Ve,-0.012,-0.012,,false
2310,,,,,,44990,113845,T Mon,96.304583,7.085833,5.98,,1.22,F7Iab-K1Iab,0.017,0.004,0.005,false
2311,,,,,,45018,171688,,95.982917,-25.577778,5.63,,1.56,K5III,0.008,-0.042,,false
2312,,,,,,45050,113855,,96.326667,1.501111,6.66,,-0.04,B9V,-0.017,-0.011,,false
2313,,,,,,45067,133229,,96.318333,-0.946111,5.87,,0.56,F8V,0.224,-0.225,0.027,false
2314,,,,,,45105,41109,,96.962917,47.405278,6.56,,-0.04,A0V,-0.004,0.02,,false
2315,,,,,,45137,113868,,96.444167,2.272222,6.51,,-0.03,A0V,0.005,-0.002,,false
2316,,,,,,45145,196774,,96.004167,-36.707778,5.62,,1.04,G6III,-0.015,0.055,,false
2317,,,,,,45168,133238,,96.44625,-3.889167,6.35,,1.02,G9III,-0.02,-0.005,,false
2318,,,,,,45184,171711,,96.182917,-28.78,6.39,,0.62,G2IV,-0.159,-0.115,,false
2319,,,,,,45192,59096,,96.897917,32.563056,6.43,,1.26,K0,-0.002,-0.058,,false
2320,   Nu  Pic,,Nu,,Pic,45229,234473,,95.7325,-56.37,5.61,,0.24,Am,-0.034,-0.024,,false
2321,,,,,,45239,133246,,96.495,-7.894167,6.4,,0.14,A4V,-0.004,0.019,,false
2322,,,,,,45291,234475,,95.907083,-52.181111,5.98,,1.04,G8III,-0.025,-0.023,,false
2323,,,,,,45306,217910,,96.185417,-40.284167,6.31,,-0.05,B9V,-0.003,-0.009,,false
2324,,,,,,45320,133260,,96.665,-1.507222,5.87,,0.08,A3Vn,-0.007,-0.026,,false
2325,,,,,,45321,133257,,96.64375,-4.597222,6.15,,-0.14,B2.5V,0.007,-0.002,,false
2326,   Alp Car,,Alp,,Car,45348,234480,,95.987917,-52.695833,-0.72,,0.15,F0II,0.022,0.021,0.028,false
2327,,,,,,45357,113896,,96.744583,0.840833,6.71,,0.04,A1Vn,-0.02,-0.004,,false
2328,,,,,,45380,133263,,96.687083,-7.511389,6.27,,-0.04,A0Vn,0.006,-0.001,,false
2329,,,,,,45383,196805,,96.374583,-35.063889,6.25,,1.36,K3III,-0.005,-0.035,,false
2330, 16    Gem,16,,,Gem,45394,78402,,96.985833,20.496111,6.22,,0.01,A2V s,-0.035,0.007,,false
2331,  6    Lyn,6,,,Lyn,45410,25771,,97.696667,58.162778,5.88,,0.94,K0III-IV,-0.026,-0.335,0.025,false
2332, 48    Aur,48,,,Aur,45412,59128,RT Aur,97.142083,30.493056,5.55,,0.68,F8Ib,0.002,-0.013,0.005,false
2333,,,,,,45415,113906,,96.835,2.908056,5.55,,1.04,G9III,-0.046,0.008,,false
2334,,,,,,45416,113905,,96.8075,0.299167,5.2,,1.18,K1II,0.007,-0.008,0.005,false
2335,,,,,,45433,133269,,96.815,-0.276111,5.55,,1.38,K5III,0.0,-0.008,,false
2336,,,,,,45450,234482,,95.945417,-58.543889,6.48,,0.12,A3V,0.01,0.021,,false
2337,,,,,,45461,249531,,95.755417,-63.683056,6.27,,1.6,M1III,-0.024,0.013,,false
2338, 47    Aur,47,,,Aur,45466,41130,,97.5125,46.685556,5.9,,1.44,gK4,-0.006,0.003,0.017,false
2339,,,,,,45504,78417,,97.235833,26.967778,6.47,R,,F5,0.116,-0.067,,false
2340,,,,,,45506,95719,,97.116667,16.238333,6.23,,0.9,G5,-0.095,-0.047,,false
2341,,,,,,45509,234488,,96.200833,-52.806389,6.51,,1.7,K5-M0III,-0.007,0.002,,false
2342,,,,,,45512,95718,,97.078333,10.303889,6.15,,1.15,K2III-IV,0.026,-0.039,,false
2343, 18Nu  Gem,18,Nu,,Gem,45542,78423,,97.240833,20.212222,4.15,,-0.13,B6IIIe,-0.007,-0.014,0.009,false
2344, 10    Mon,10,,,Mon,45546,133290,,96.99,-4.762222,5.06,,-0.17,B2V,-0.005,-0.001,,false
2345,,,,,,45557,249535,,96.057083,-60.281111,5.8,,0.0,A0V,-0.041,0.036,,false
2346,,,,,,45560,5911,,100.07,79.599444,6.54,R,,A1V,0.001,0.017,,false
2347,,,,,,45563,113929,,97.07,1.912222,6.48,,-0.07,B9V,-0.002,-0.027,,false
2348,,,,,,45572,217922,,96.431667,-48.177222,5.76,,-0.06,B9V,-0.005,-0.032,0.003,false
2349,,,,,,45588,171774,,96.796667,-25.856667,6.07,,0.53,F9V,-0.186,-0.218,0.045,false
2350,,,,,,45618,1043,,101.125833,82.115278,6.65,,0.17,A5V,0.01,-0.052,,false
2351,,,,,,45638,95732,,97.25,11.019444,6.59,,,A9IV,-0.027,-0.01,,false
2352,   Pi 1Dor,,Pi,1,Dor,45669,249532,,95.659167,-69.984167,5.56,,1.51,K5III,0.02,0.029,,false
2353,,,,,,45680,196842,,96.78125,-37.895556,6.48,,0.39,F3V,-0.011,0.042,,false
2354,,,,,,45701,249539,,96.109583,-63.428889,6.46,,0.66,G3III-IV,-0.007,-0.103,,false
2355,,,,,,45724,113940,,97.312083,2.646111,6.16,,1.54,gM1,0.009,-0.04,,false
2356, 11Bet Mon,11,Bet,,Mon,45725,133316,2977,97.204167,-7.032778,4.6,,-0.1,B3Ve,-0.017,0.0,0.021,false
2357, 11Bet Mon,11,Bet,,Mon,45726,133317,2977,97.20625,-7.034444,5.4,,-0.07,B3ne,-0.017,0.005,0.021,false
2358, 11Bet Mon,11,Bet,,Mon,45727,,2977,97.20625,-7.034444,5.6,H,,B3e,-0.016,0.005,0.021,false
2359,,,,,,45765,151546,,97.155417,-17.466111,5.77,,1.12,G5,-0.007,0.004,,false
2360,,,,,,45796,249542,,96.231667,-63.827778,6.27,,-0.13,B6V,-0.014,0.026,,false
2361,   Lam CMa,,Lam,,CMa,45813,196857,,97.042083,-32.58,4.48,,-0.17,B4V,-0.018,0.024,0.013,false
2362,,,,,,45827,113957,,97.522917,9.029167,6.57,,0.14,A0III,-0.017,-0.026,,false
2363,,,,,,45866,5919,,100.12,77.995833,5.73,,1.47,gK5,0.009,-0.012,0.018,false
2364,,,,,,45871,196861,Var,97.163333,-32.371111,5.74,,-0.17,B4Vnpe,-0.003,0.017,0.006,false
2365,,,,,,45947,5909,,99.47875,73.695556,6.24,,0.38,F2,-0.155,-0.018,0.039,false
2366,,,,,,45951,95765,,97.792083,16.938611,6.2,,1.16,K2III,0.001,-0.049,,false
2367,,,,,,45976,151573,,97.547083,-10.081389,5.93,,1.38,K0,-0.011,0.002,,false
2368,,,,,,45983,217951,,97.17625,-41.074444,6.32,,0.4,F2-3V,0.03,0.028,,false
2369,,,,,,45984,234519,,96.766667,-58.002222,5.82,,1.28,K3III,-0.015,-0.014,,false
2370,,,,,,45995,95766,,97.789583,11.250833,6.14,,-0.08,B2V:nne,-0.005,-0.016,0.009,false
2371, 19    Gem,19,,,Gem,46031,95778,,97.905833,15.903333,6.4,R,,A8V,-0.016,-0.015,,false
2372,,,,,,46052,59194,WW Aur,98.113333,32.454722,5.87,,0.14,A3m+A3m:,-0.031,-0.022,,false
2373,,,,,,46064,151585,,97.644583,-13.148056,6.16,,-0.15,B1.5V,-0.024,0.002,,false
2374,,,,,,46075,95783,,97.913333,11.792222,6.65,,-0.12,B6III,-0.03,-0.012,,false
2375,,,,,,46089,95788,,97.95125,11.544444,5.23,,0.15,A3V,0.013,0.032,0.01,false
2376,  7    Lyn,7,,,Lyn,46101,25814,,98.636667,55.353056,6.45,R,,K0III:,0.002,0.004,,false
2377,   Pi 2Dor,,Pi,2,Dor,46116,249550,,96.369167,-69.690278,5.38,,0.97,G8III,-0.016,0.195,0.007,false
2378,,,,,,46178,95803,,98.097083,11.673611,6.03,,1.07,K0III,0.01,-0.031,,false
2379,,,,,,46184,151602,,97.845833,-12.391667,5.15,,1.27,K3III,0.04,-0.016,0.022,false
2380,,,,,,46189,171866,,97.692917,-27.769444,5.93,,-0.15,B2.5V,-0.007,0.011,,false
2381,,,,,,46229,133369,,97.95875,-8.158056,5.43,,1.38,gK2,-0.012,-0.008,,false
2382, 12    Mon,12,,,Mon,46241,114023,3017,98.08,4.855833,5.84,,0.99,K0V,-0.037,-0.006,,false
2383,,,,,,46251,59222,,98.427917,33.024167,6.42,R,0.03,A3V,0.011,0.01,,false
2384,,,,,,46273,234539,,97.454583,-50.239167,5.27,,0.41,F2V,-0.054,-0.058,0.027,false
2385, 13    Mon,13,,,Mon,46300,114034,,98.225833,7.333056,4.5,,0.0,A0Ib,-0.001,-0.006,0.007,false
2386,,,,,,46304,133382,,98.09625,-5.868889,5.6,,0.25,F0Vnn,-0.001,-0.042,,false
2387,  4Xi 1CMa,4,Xi,1,CMa,46328,171895,Xi1 CMa,97.96375,-23.418333,4.33,,-0.24,B0.5IV,-0.006,0.012,,false
2388,,,,,,46349,196897,,97.804167,-35.259167,5.84,,0.81,G8III,-0.011,0.0,,false
2389,,,,,,46355,234541,3000,97.36875,-56.852778,5.22,,1.09,K0III,-0.04,0.031,0.01,false
2390,,,,,,46365,217986,,97.749167,-40.916389,6.2,,1.4,K3III,-0.017,0.0,,false
2391,,,,,,46374,95830,,98.400417,14.155278,5.53,,1.11,gK2,-0.019,-0.085,,false
2392,,,,,,46407,151625,3024,98.195417,-11.166389,6.24,,1.11,G9.5III:Ba3,-0.007,0.001,,false
2393,,,,,,46431,196906,SX Col,97.895833,-36.94,6.34,,1.63,M1III,0.005,0.072,,false
2394,  8    Lyn,8,,,Lyn,46480,13897,,99.4225,61.481111,5.94,,0.89,G8IV-V,-0.209,-0.274,0.027,false
2395,,,,,,46487,133404,,98.407917,-1.220278,5.1,,-0.14,B5Vn,-0.003,-0.021,,false
2396,,,,,,46509,5925,,100.134167,71.748889,5.92,,1.19,K0III,-0.002,0.015,,false
2397,,,,,,46547,196919,Var,98.1625,-32.030556,5.69,,-0.17,B2IVe,-0.001,-0.002,,false
2398, 49    Aur,49,,,Aur,46553,78524,3032,98.800417,28.022222,5.27,,-0.03,A0Vnn,-0.002,-0.015,0.0,false
2399,,,,,,46568,196917,,98.08875,-37.696667,5.24,,1.0,G8III,0.065,-0.077,0.016,false
2400,,,,,,46569,234551,,97.82625,-51.826111,5.6,,0.54,F8V,0.105,0.094,,false
2401,,,,,,46588,5946,,101.55875,79.564722,5.45,,0.5,F8V,-0.102,-0.604,0.049,false
2402, 11    Lyn,11,,,Lyn,46590,25842,,99.410417,56.8575,5.85,,,A2V,0.0,0.012,,false
2403,,,,,,46602,171940,,98.360833,-20.923889,6.4,,0.83,G5,-0.03,-0.026,,false
2404, 14    Mon,14,,,Mon,46642,114085,3031,98.693333,7.5725,6.45,,-0.02,A0V s,-0.01,-0.004,,false
2405,,,,,,46687,59280,UU Aur,99.137083,38.445278,5.29,,2.61,C5II,0.005,-0.026,0.005,false
2406,,,,,,46709,95870,,98.823333,9.988333,5.88,,1.51,K4III,-0.001,-0.01,,false
2407,,,,,,46727,196930,,98.292917,-38.625278,6.44,,1.0,G8III,0.006,-0.022,,false
2408,,,,,,46730,249568,,97.5125,-65.568333,6.29,,0.33,F0III,0.002,0.058,,false
2409,,,,,,46769,114097,,98.815833,0.89,5.8,,0.0,B8Ib,-0.001,-0.006,,false
2410,,,,,,46792,249572,,97.794167,-61.879722,6.15,,-0.15,B3V,-0.013,0.008,,false
2411,,,,,,46815,196945,,98.45625,-36.232222,5.42,,1.44,K3III,-0.014,0.094,0.03,false
2412,   Mu  Pic,,Mu,,Pic,46860,234564,,97.993333,-58.754167,5.7,,-0.06,B9Ve,0.004,-0.011,,false
2413,,,,,,46885,114115,,99.0,4.4975,6.55,,-0.06,B9III,-0.021,-0.005,,false
2414,  5Xi 2CMa,5,Xi,2,CMa,46933,171982,,98.764167,-22.964722,4.54,,-0.05,A0V,0.011,0.016,0.025,false
2415,,,,,,46936,196955,,98.647083,-32.716389,5.62,,-0.08,B8V,0.005,-0.001,,false
2416,,,,,,47001,234574,,98.35875,-52.328889,6.19,,1.09,G8III,-0.044,0.04,,false
2417,,,,,,47020,78557,,99.363333,24.590833,6.44,R,0.1,A3V,-0.016,0.008,,false
2418,,,,,,47054,133469,,99.147083,-5.211111,5.52,,-0.08,B8V,0.0,-0.017,,false
2419, 51    Aur,51,,,Aur,47070,59316,,99.664583,39.390833,5.69,,1.35,K5III,-0.023,-0.109,,false
2420, 52Psi3Aur,52,Psi,3,Aur,47100,59319,,99.705,39.9025,5.2,,-0.07,B8III,-0.009,-0.012,,false
2421, 24Gam Gem,24,Gam,,Gem,47105,95912,,99.427917,16.399167,1.93,,0.0,A0IV,0.042,-0.042,0.033,false
2422,,,,,,47129,114146,V640 Mon,99.350417,6.135278,6.06,,0.05,O8p,0.006,-0.001,,false
2423,  6Nu 1CMa,6,Nu,1,CMa,47138,151694,,99.095,-18.66,5.7,,0.85,G8III+F3IV-V,-0.011,0.017,,false
2424,,,,,,47144,196978,,98.850417,-36.78,5.59,,-0.14,A0V,-0.011,0.018,0.011,false
2425, 53    Aur,53,,,Aur,47152,78571,,99.595833,28.984167,5.79,,0.0,B9npEu,-0.021,-0.021,,false
2426,,,,,,47156,95914,,99.40375,10.853056,6.38,,,K0,-0.039,-0.039,,false
2427, 50Psi2Aur,50,Psi,2,Aur,47174,41239,,99.832917,42.488889,4.79,,1.23,K3III,0.006,-0.058,0.004,false
2428,,,,,,47182,151700,,99.194583,-13.320833,5.97,,1.56,K5,0.011,-0.023,,false
2429,  7Nu 2CMa,7,Nu,2,CMa,47205,151702,3047,99.170833,-19.255833,3.95,,1.06,K1III,0.059,-0.062,0.058,false
2430,,,,,,47220,114154,,99.417917,2.704167,6.17,,1.08,K1III,-0.038,-0.049,,false
2431,,,,,,47230,196987,,98.975,-36.088889,6.35,,0.48,G0V,-0.058,-0.095,0.028,false
2432,,,,,,47240,114162,,99.469583,4.957222,6.15,,0.14,B1Ib,-0.004,0.02,,false
2433,,,,,,47247,172021,,99.170417,-22.615,6.35,,-0.11,B5V,-0.031,-0.006,0.012,false
2434,,,,,,47270,41245,,99.991667,44.013889,6.41,R,,K1III,0.033,-0.003,,false
2435,,,,,,47306,234589,,98.744167,-52.975556,4.39,,-0.02,A0II,-0.003,0.007,,false
2436,,,,,,47358,78586,,99.772083,22.030833,6.04,,1.03,G9III,0.011,-0.025,,false
2437,,,,,,47366,151725,,99.420417,-12.985,6.12,,1.0,K0,0.03,-0.124,,false
2438, 54    Aur,54,,,Aur,47395,78593,3065,99.887917,28.263056,6.03,,-0.08,B7III,-0.006,-0.014,0.002,false
2439,,,,,,47415,78596,,99.880833,24.6,6.38,,0.53,F8IV,0.006,0.084,,false
2440,,,,,,47420,133511,,99.585417,-2.543611,6.14,,1.48,K2,-0.018,0.015,,false
2441,,,,,,47431,114194,,99.70625,4.700556,6.57,,-0.07,B8IIIn,0.012,-0.008,,false
2442,,,,,,47432,114191,3060,99.65875,1.613611,6.21,,0.15,O9.5II,-0.007,-0.005,,false
2443,  8Nu 3CMa,8,Nu,3,CMa,47442,151730,,99.4725,-18.2375,4.43,,1.15,K1-II-III,-0.01,-0.007,0.013,false
2444,,,,,,47463,197011,,99.257917,-38.146667,6.04,,1.03,K0III,0.006,0.04,,false
2445,,,,,,47475,218060,,99.21375,-41.556944,6.34,,1.15,K0II,0.008,0.008,,false
2446,,,,,,47500,197014,,99.3075,-36.990556,5.71,,-0.12,B7IV,-0.014,0.017,,false
2447,,,,,,47536,197019,,99.448333,-32.339722,5.27,,1.18,K2III,0.105,0.068,0.017,false
2448,,,,,,47561,151737,,99.6475,-16.873611,6.03,,0.03,A1V s,-0.008,-0.023,,false
2449,,,,,,47575,95963,,99.948333,12.983056,5.97,,0.06,A2V,-0.034,-0.001,,false
2450,,,,,,47667,151751,,99.819583,-14.145833,4.82,,1.5,K2II,0.004,-0.004,-0.003,false
2451,   Nu  Pup,,Nu,,Pup,47670,218071,3062,99.440417,-43.196111,3.17,,-0.11,B8III,0.002,-0.006,,false
2452,,,,,,47703,59365,,100.407083,35.931944,6.46,,0.49,F8III,-0.017,-0.022,,false
2453, 25    Gem,25,,,Gem,47731,78636,,100.3375,28.196389,6.42,,1.09,G5Ib,0.008,-0.009,,false
2454,,,,,,47756,114244,,100.1325,6.371667,6.51,,-0.14,B8IIISi,-0.029,0.012,,false
2455,,,,,,47827,172102,,99.90125,-23.695556,6.05,,-0.03,A0,0.013,-0.002,,false
2456, 15    Mon,15,,,Mon,47839,114258,S Mon,100.244583,9.895556,4.66,,-0.25,O7V((f)),0.003,-0.006,-0.004,false
2457,,,,,,47863,95996,,100.340833,16.3975,6.28,,-0.01,A1V,-0.022,-0.008,,false
2458,,,,,,47886,95997,,100.321667,11.003333,6.11,,1.68,M1III,-0.002,0.009,,false
2459, 55Psi4Aur,55,Psi,4,Aur,47914,41288,,100.770833,44.524444,5.02,,1.48,K5III,-0.042,-0.028,0.019,false
2460,,,,,,47946,197057,,99.927917,-30.470278,5.71,,1.14,K0III,-0.006,-0.182,0.019,false
2461,,,,,,47964,114269,,100.2725,0.495278,5.79,,-0.1,B8III,-0.016,-0.003,,false
2462,,,,,,47973,218093,3072,99.656667,-48.220278,4.93,,0.87,G8III,0.008,0.012,0.012,false
2463,,,,,,47979,25916,,101.048333,53.296389,6.27,,1.08,K0,0.05,-0.177,,false
2464,,,,,,48073,59406,,100.8075,37.146944,6.19,,1.03,K0,0.036,-0.041,,false
2465,,,,,,48087,197064,,99.987083,-38.158889,6.58,,1.18,K1IIICNIb,0.056,-0.027,,false
2466, 26    Gem,26,,,Gem,48097,96015,,100.60125,17.645278,5.21,,0.06,A2V,0.005,-0.087,,false
2467,,,,,,48099,114293,,100.497083,6.345,6.37,,-0.05,O6.5V,0.01,-0.006,,false
2468,,,,,,48189,249604,,99.5025,-61.533056,6.18,,0.62,G1-2V,-0.011,0.084,,false
2469,,,,,,48217,133585,,100.485,-9.167222,5.19,,1.53,M0III,0.043,-0.04,0.031,false
2470, 12    Lyn,12,,,Lyn,48250,25939,,101.55875,59.441667,4.87,,0.08,A3V,-0.023,-0.002,0.011,false
2471,,,,,,48272,59425,,101.0525,36.109722,6.31,R,0.06,A2V,0.014,0.014,,false
2472, NOVA 1903,NO,VA,1,903,,,DM Gem,,,,,,,,,,true
2473, 27Eps Gem,27,Eps,,Gem,48329,78682,3183,100.982917,25.131111,2.98,,1.4,G8Ib,-0.006,-0.013,0.017,false
2474,,,,,,48348,114312,,100.777083,3.033333,6.19,,1.37,K0,-0.001,-0.021,,false
2475,,,,,,48383,218126,,100.30875,-40.349722,6.12,,-0.14,B4V,-0.014,0.015,,false
2476,,,,,,48403,218124,,100.205417,-47.674722,6.65,,1.58,M2III,-0.008,-0.009,,false
2477, 13    Lyn,13,,,Lyn,48432,25947,,101.70625,57.169167,5.35,,0.96,K0III,0.012,-0.038,,false
2478, 30    Gem,30,,,Gem,48433,96051,,100.997083,13.227778,4.49,,1.16,K0IIICN1Ca1,-0.003,-0.058,0.007,false
2479,,,,,,48434,114324,,100.91125,3.932222,5.9,,-0.02,B0III,0.006,-0.006,,false
2480, 28    Gem,28,,,Gem,48450,78692,3188,101.189583,28.970833,5.44,,1.45,K4III,-0.004,-0.026,,false
2481,,,,,,48501,172204,3181,100.690833,-22.449167,6.13,,0.34,F0,-0.085,0.078,,false
2482,,,,,,48543,197108,,100.568333,-38.398611,6.29,,0.34,A3V+F/G,-0.015,0.005,0.003,false
2483, 56Psi5Aur,56,Psi,5,Aur,48682,41330,,101.684583,43.5775,5.25,,0.56,G0V,-0.002,0.165,0.068,false
2484, 31Xi  Gem,31,Xi,,Gem,48737,96074,3193,101.3225,12.895556,3.36,,0.43,F5III,-0.116,-0.191,0.055,false
2485,,,,,,48767,25963,3202,102.05375,55.704444,6.33,H,,dF6,0.057,-0.101,0.032,false
2486,,,,,,48766,25962,3202,102.05125,55.704444,6.28,H,0.47,dF5,0.058,-0.101,0.032,false
2487, 57Psi6Aur,57,Psi,6,Aur,48781,41346,,101.915,48.789444,5.22,,1.12,K0III,-0.001,0.006,,false
2488,,,,,,48797,197134,,100.847083,-39.193333,6.3,,0.26,A8:mDel Del,-0.001,-0.019,,false
2489, 32    Gem,32,,,Gem,48843,96084,3197,101.475833,12.693611,6.46,,,A9III,0.001,0.002,,false
2490, 42    Cam,42,,,Cam,48879,13973,,102.737917,67.571944,5.14,,-0.17,B4IV,0.002,0.002,0.01,false
2491,  9Alp CMa,9,Alp,,CMa,48915,151881,,101.287083,-16.716111,-1.46,,0.0,A1Vm,-0.553,-1.205,0.375,false
2492, 10    CMa,10,,,CMa,48917,197149,FT CMa,101.118333,-31.070556,5.2,,-0.12,B2IIIe,-0.015,0.008,,false
2493,,,,,,48938,172264,,101.21625,-27.341389,6.45,,0.54,G2V,-0.011,0.308,0.062,false
2494, 16    Mon,16,,,Mon,48977,114388,,101.635,8.587222,5.93,,-0.17,B2.5V,-0.006,-0.007,,false
2495,,,,,,49001,172273,,101.347083,-23.461944,6.05,,1.2,K0,-0.038,0.042,,false
2496,  NGC 2281,N,GC,2,281,,,,,,,,,,,,,true
2497,,,,,,49028,197163,,101.26,-30.586111,6.54,,-0.11,B8IV,-0.026,0.017,,false
2498,,,,,,49048,151895,,101.497083,-14.796111,5.32,,0.07,A2V,-0.025,-0.017,0.024,false
2499,,,,,,49059,96111,,101.847917,18.193333,6.2,R,0.07,A2V,0.003,-0.043,0.016,false
2500,,,,,,49095,197171,,101.345,-31.793611,5.92,,0.48,F6V,-0.22,-0.32,0.051,false
2501,,,,,,49131,197177,HP CMa,101.380417,-30.948889,5.8,,-0.19,B2III,0.01,0.002,0.005,false
2502,,,,,,49147,151911,,101.6625,-10.107222,5.66,,-0.05,B9.5V,-0.017,0.003,,false
2503, 17    Mon,17,,,Mon,49161,114410,,101.8325,8.037222,4.77,,1.4,K4III,-0.026,-0.013,0.013,false
2504, 11    CMa,11,,,CMa,49229,151919,,101.712917,-14.425833,5.29,,-0.04,B9III,-0.002,0.012,,false
2505,,,,,,49268,256326,,100.240833,-71.775556,6.51,,1.11,K1IIICNII,0.031,-0.051,,false
2506, 18    Mon,18,,,Mon,49293,114428,,101.965,2.412222,4.47,,1.11,K0+IIIaBa0.2,-0.018,-0.012,0.017,false
2507,,,,,,49319,197192,,101.51375,-39.54,6.62,,-0.13,B6Vnne,0.003,0.014,,false
2508,,,,,,49331,133679,3213,101.904583,-8.998333,5.07,,1.8,M1+Ib-IIa,-0.016,0.005,0.002,false
2509, 12    CMa,12,,,CMa,49333,172318,HK CMa,101.75625,-21.015556,6.08,,-0.19,B7IIIn,-0.014,0.005,,false
2510,,,,,,49336,197195,V339 Pup,101.550417,-37.775556,6.21,,-0.13,B4Vne,-0.008,0.002,,false
2511, 43    Cam,43,,,Cam,49340,13986,,103.425833,68.888333,5.12,,-0.13,B7III,0.003,0.008,0.002,false
2512,,,,,,49380,59521,IS Gem,102.422083,32.606667,5.71,,1.29,K3II,-0.036,-0.047,,false
2513,,,,,,49396,234693,,101.35875,-52.201111,6.57,,1.08,G6Iab,0.007,-0.007,,false
2514,,,,,,49434,133687,,102.079167,-1.319167,5.75,,0.28,F1V,-0.041,-0.042,,false
2515,,,,,,49517,234699,,101.47375,-52.41,5.8,,1.53,K3III,-0.004,-0.003,,false
2516, 58Psi7Aur,58,Psi,7,Aur,49520,41380,,102.69125,41.781389,5.02,,1.27,K3III,-0.024,-0.136,-0.003,false
2517,,,,,,49567,114465,,102.265417,1.001944,6.15,,-0.13,B3II-III,0.007,-0.004,,false
2518,,,,,,49591,197215,,101.839167,-37.929722,5.26,,-0.08,B9IV,-0.007,-0.015,,false
2519, 33    Gem,33,,,Gem,49606,96161,OV Gem,102.4575,16.202778,5.85,,-0.13,B7III,-0.017,-0.012,,false
2520, 14    Lyn,14,,,Lyn,49618,26012,,103.27125,59.448611,5.33,,0.65,G4III+A2V,-0.006,-0.039,0.005,false
2521,,,,,,49643,133718,,102.318333,-2.271944,5.74,,-0.1,B8IIIn,-0.009,-0.004,,false
2522,,,,,,49662,151962,,102.240833,-15.144722,5.39,,-0.1,B6V,0.002,-0.004,0.004,false
2523,,,,,,49689,234705,,101.72,-51.265833,5.4,,1.34,K1II-III+G:p,-0.003,-0.097,0.018,false
2524,,,,,,49705,234704,,101.672917,-54.694722,6.46,,0.86,G6III,-0.05,0.024,0.004,false
2525, 35    Gem,35,,,Gem,49738,96179,,102.60625,13.413333,5.65,,1.34,gK3,-0.002,-0.002,,false
2526,,,,,,49877,234710,3220,101.827917,-55.54,5.61,,1.52,K5III,0.003,0.023,,false
2527,,,,,,49878,6022,,105.016667,76.9775,4.55,,1.36,K4III,0.071,-0.013,0.023,false
2528,,,,,,49891,172389,,102.433333,-24.075833,6.33,,0.04,A1,0.002,-0.003,0.002,false
2529, 36    Gem,36,,,Gem,49908,78805,,102.8875,21.761111,5.27,,-0.02,A2V,-0.008,-0.038,0.01,false
2530,,,,,,49933,133760,,102.707917,-0.540833,5.77,,0.39,F2V,0.03,-0.185,0.036,false
2531,,,,,,49947,256330,,100.903333,-73.118056,6.37,,0.96,G8III,0.012,-0.093,,false
2532,,,,,,49949,41406,,103.281667,44.839444,6.26,,0.21,A8Vn,0.008,-0.081,,false
2533,,,,,,49968,78816,,103.0,23.601667,5.65,,1.45,K5III,-0.04,-0.009,,false
2534,,,,,,49976,133761,V592 Mon,102.67625,-8.041111,6.29,,0.0,A2pSrCrEu,-0.006,0.0,,false
2535,,,,,,49980,151992,,102.59125,-17.083889,5.79,,1.44,K0,0.013,0.015,,false
2536,,,,,,50002,256331,,101.23375,-70.433889,6.11,,1.33,K3III,0.007,0.007,,false
2537,,,,,,50012,172403,3234,102.525,-27.333889,7.04,,-0.18,B2IV,-0.004,0.002,,false
2538, 13Kap CMa,13,Kap,,CMa,50013,197258,Kap CMa,102.460417,-32.508611,3.96,,-0.23,B1.5IVne,-0.007,0.004,,false
2539, 59    Aur,59,,,Aur,50018,59571,OX Aur,103.25625,38.869167,6.12,,0.37,F2VDel Del,0.005,0.008,,false
2540, 34The Gem,34,The,,Gem,50019,59570,,103.197083,33.961111,3.6,,0.1,A3III,-0.002,-0.048,0.021,false
2541, 60    Aur,60,,,Aur,50037,59576,,103.305833,38.438056,6.3,,0.49,dF5,0.034,-0.176,0.005,false
2542,,,,,,50056,59574,3250,103.264167,35.788611,6.01,,1.45,K3III:,-0.02,0.015,,false
2543,,,,,,50062,114525,,102.91375,3.041667,6.38,,0.04,A2V s,-0.01,-0.042,,false
2544,,,,,,50093,172420,,102.65375,-25.778056,6.33,,-0.18,B2V,-0.006,0.014,,false
2545,,,,,,50123,197263,,102.597083,-31.706111,5.7,,0.14,B6Vnpe,-0.002,0.012,,false
2546,,,,,,50196,218236,3236,102.490833,-45.45,6.55,,1.51,K5-M0III,0.019,-0.044,,false
2547, 61Psi8Aur,61,Psi,8,Aur,50204,59589,,103.4875,38.505,6.48,,-0.05,B9.5pSi,-0.01,-0.026,,false
2548,,,,,,50223,218235,,102.4775,-46.614722,5.14,,0.45,F5V,0.004,0.37,0.049,false
2549,,,,,,50235,197277,,102.718333,-34.367222,4.99,,1.38,K5III,0.007,0.006,-0.013,false
2550,   Alp Pic,,Alp,,Pic,50241,249647,,102.0475,-61.941389,3.27,,0.21,A7IV,-0.069,0.269,0.052,false
2551,,,,,,50277,114556,,103.205833,8.380278,5.77,,0.26,F0Vn,-0.05,-0.032,,false
2552,,,,,,50282,133807,,103.095417,-5.316111,6.3,,0.99,K0,-0.02,-0.008,,false
2553,   Tau Pup,,Tau,,Pup,50310,234735,,102.484167,-50.614722,2.93,,1.2,K1III,0.036,-0.07,,false
2554,,,,,,50337,234737,V415 Car,102.46375,-53.622222,4.4,,0.92,G6II,0.0,0.03,0.025,false
2555,,,,,,50371,96241,,103.34375,10.996389,6.24,,0.97,K0III,0.011,-0.136,,false
2556,,,,,,50384,41426,,103.813333,45.826389,6.34,,0.94,K0III-IV,-0.037,-0.067,,false
2557,,,,,,50420,41429,V352 Aur,103.81125,43.91,6.13,,0.32,A9III,0.01,-0.009,,false
2558,,,,,,50445,197291,,102.92625,-36.230278,5.96,,0.18,A3V,-0.048,-0.064,,false
2559,   Zet Men,,Zet,,Men,50506,258451,,100.01125,-80.813611,5.64,,0.2,A5III,-0.016,0.055,,false
2560, 15    Lyn,15,,,Lyn,50522,26051,,104.31875,58.4225,4.35,,0.85,G5III-IV,-0.005,-0.135,0.014,false
2561,,,,,,50551,26050,3280,104.305,57.563333,6.05,,1.49,K3III,0.018,0.022,,false
2562,,,,,,50571,249654,,102.504583,-60.249167,6.11,,0.46,F7III-IV,0.009,0.109,,false
2563,,,,,,50621,218261,,102.886667,-48.2925,6.42,,1.21,K2-3III,0.039,-0.009,,false
2564, 38    Gem,38,,,Gem,50635,96265,3266,103.66125,13.177778,4.65,,0.3,F0Vp,0.078,-0.083,0.043,false
2565,,,,,,50644,152055,,103.328333,-19.032778,5.64,,0.28,F1V,-0.049,0.003,,false
2566,,,,,,50643,152056,,103.340417,-18.933333,6.14,,0.15,A5m,-0.028,0.023,,false
2567,,,,,,50648,172504,3259,103.250417,-26.9575,6.4,,1.53,M4III,-0.031,-0.061,,false
2568,   Psi9Aur,,Psi,9,Aur,50658,41446,Var?,104.134583,46.274167,5.87,,-0.06,B8IIIe,0.018,0.013,,false
2569, 37    Gem,37,,,Gem,50692,78866,,103.8275,25.375556,5.73,,0.57,G0V,-0.042,0.022,0.055,false
2570,,,,,,50700,133855,,103.535417,-5.8525,6.41,,0.17,A6Vn,-0.02,-0.001,0.003,false
2571, 15    CMa,15,,,CMa,50707,172520,EY CMa,103.387083,-20.224167,4.83,,-0.21,B1IV,-0.009,0.004,,false
2572,,,,,,50747,133870,,103.6025,-1.126944,5.45,,0.18,A4IV,0.003,-0.012,0.009,false
2573,,,,,,50763,41450,,104.233333,46.705,5.86,,1.08,gK0,-0.102,-0.09,,false
2574, 14The CMa,14,The,,CMa,50778,152071,,103.5475,-12.038611,4.07,,1.43,K4III,-0.137,-0.013,0.022,false
2575,,,,,,50785,218272,,103.165417,-42.504444,6.52,,0.42,F5II-III,-0.002,-0.008,,false
2576,,,,,,50806,172524,,103.39125,-28.539722,6.04,,0.71,G5IV,0.274,-0.438,0.042,false
2577,,,,,,50820,133881,3271,103.675417,-1.756389,6.21,,0.56,B3IVe+K2II,0.006,0.006,,false
2578,,,,,,50853,172531,,103.480417,-24.539167,6.21,,0.01,A1,-0.027,-0.012,,false
2579,,,,,,50860,218278,,103.19625,-43.975833,6.46,,-0.1,B8V,-0.005,0.001,,false
2580, 16Omi1CMa,16,Omi,1,CMa,50877,172542,Omi1 CMa,103.532917,-24.183889,3.87,,1.73,K2+Iab,-0.008,0.013,0.002,false
2581,,,,,,50885,6041,,105.339583,70.808056,5.68,,1.33,gK4,0.017,-0.019,,false
2582,,,,,,50890,133890,,103.745,-2.803611,6.04,,1.1,gG6,-0.016,0.002,,false
2583,,,,,,50896,172546,EZ CMa,103.554167,-23.928333,6.91,,-0.28,WN5-B,-0.009,0.003,,false
2584,,,,,,50931,114626,,103.894167,8.324722,6.29,,0.04,A0V,-0.019,0.017,,false
2585, 16    Lyn,16,,,Lyn,50973,41463,3293,104.404583,45.094167,4.9,,0.03,A2Vn,-0.021,-0.004,0.006,false
2586,,,,,,51000,59631,3289,104.252083,33.681111,5.89,,0.88,G5III,-0.019,0.0,,false
2587,,,,,,51043,234762,,103.195417,-54.09,6.57,,1.08,G5Ib-II,-0.019,0.016,,false
2588, 17    CMa,17,,,CMa,51055,172569,,103.76125,-20.404722,5.74,,0.08,A3IV,-0.003,-0.004,,false
2589,,,,,,51104,96294,,104.1075,9.956389,5.92,,-0.08,B8Vn,-0.015,-0.014,,false
2590, 19Pi  CMa,19,Pi,,CMa,51199,172579,3285,103.905833,-20.136389,4.68,,0.37,gF2,0.047,0.043,0.034,false
2591,,,,,,51208,218296,NP Pup,103.61125,-42.365556,6.32,,2.24,C3II,0.002,0.014,,false
2592,,,,,,51210,234764,,103.189167,-59.341111,6.41,,0.18,A3m,-0.012,0.039,,false
2593, 18Mu  CMa,18,Mu,,CMa,51250,152123,,104.0275,-14.043611,5.0,,1.18,G5III+A2,-0.001,0.005,-0.002,false
2594,,,,,,51266,234774,,103.509583,-50.611667,6.26,,0.99,K0-1III,-0.049,0.218,-0.003,false
2595,,,,,,51283,172588,,103.945,-22.941389,5.3,,-0.18,B3II-III,-0.017,0.003,,false
2596, 20Iot CMa,20,Iot,,CMa,51309,152126,Iot CMa,104.034167,-17.054167,4.37,,-0.07,B3II,-0.003,0.002,0.005,false
2597,,,,,,51330,96314,,104.357083,11.9075,6.27,,0.34,F2Ib-II,0.019,0.0,,false
2598,,,,,,51411,197371,,103.978333,-31.79,6.36,,,B3V,-0.006,0.013,,false
2599,,,,,,51424,133937,,104.250417,-8.178889,6.34,,0.64,K0II-III+A2V,-0.007,0.002,,false
2600, 62    Aur,62,,,Aur,51440,59658,,104.761667,38.052222,6.0,,1.23,K2III,-0.043,-0.122,,false
2601, 39    Gem,39,,,Gem,51530,78929,,104.6975,26.081111,6.1,,0.46,F7V,-0.168,0.093,0.025,false
2602,   Iot Vol,,Iot,,Vol,51557,256344,,102.8625,-70.963333,5.4,,-0.11,B7IV,0.001,0.023,,false
2603,,,,,,51630,172631,HH CMa,104.311667,-22.203333,6.61,,-0.19,B1-2III:,-0.006,-0.015,,false
2604,,,,,,51682,197388,,104.190417,-35.341667,6.29,,1.29,K2III,-0.001,-0.003,,false
2605, 40    Gem,40,,,Gem,51688,78947,,104.86625,25.914167,6.4,,-0.11,B8III,-0.011,-0.008,,false
2606,,,,,,51693,114713,,104.6625,7.621944,6.27,,0.11,A3V,-0.016,-0.03,,false
2607,,,,,,51733,172644,,104.39125,-24.630556,5.46,,0.36,dF0,-0.058,0.106,0.016,false
2608,,,,,,51799,218324,,104.066667,-48.721111,4.95,,1.69,M1III,0.006,0.01,-0.003,false
2609,,,,,,51802,1168,OV Cep,115.127083,87.02,5.07,,1.63,M2IIIab,-0.045,-0.028,0.003,false
2610,,,,,,51814,114722,,104.7375,3.602222,5.97,,1.06,G8III,-0.002,-0.004,,false
2611,,,,,,51823,172650,,104.426667,-27.5375,6.23,,-0.14,B2.5V,-0.034,0.005,,false
2612,,,,,,51825,197402,,104.323333,-35.5075,6.23,,0.46,F8IV-V,-0.037,0.008,0.069,false
2613,,,,,,51892,114731,,104.83375,7.316944,6.35,,-0.11,B7III,-0.019,-0.011,,false
2614,,,,,,51925,172656,3316,104.531667,-27.164722,6.37,,-0.19,B2.5III,0.006,-0.008,,false
2615, 41    Gem,41,,,Gem,52005,96363,,105.065833,16.078889,5.68,,1.66,K3Ib,-0.007,-0.005,,false
2616,,,,,,52018,172669,,104.649583,-25.413889,5.59,,-0.16,B3V,-0.01,0.015,,false
2617,,,,,,52030,6074,,106.465833,70.731944,6.5,R,,K0III,0.037,-0.008,,false
2618, 21Eps CMa,21,Eps,,CMa,52089,172676,,104.65625,-28.972222,1.5,,-0.21,B2II,0.004,0.003,0.001,false
2619,,,,,,52092,197427,,104.604583,-34.111667,5.06,,-0.16,B3V,-0.006,0.005,,false
2620,,,,,,52100,59697,,105.321667,32.414444,6.59,,0.27,A9IV,0.011,-0.02,,false
2621,,,,,,52140,197432,,104.6825,-30.997778,6.42,,-0.14,B3V,0.004,0.021,,false
2622,,,,,,52265,134031,,105.075,-5.366944,6.3,,0.57,G0III-IV,-0.118,0.088,,false
2623,,,,,,52273,172700,,104.91375,-21.603333,6.26,,-0.15,B2-3IV-V:,-0.002,-0.01,,false
2624,,,,,,52312,134036,,105.09875,-8.406944,5.96,,-0.08,B9III,-0.009,0.001,,false
2625,,,,,,52348,172718,,105.03375,-20.158889,6.31,,-0.15,B4III,-0.028,-0.008,,false
2626,,,,,,52362,218360,,104.674167,-45.768056,6.22,,0.0,A0V,-0.005,-0.021,,false
2627,,,,,,52382,134041,,105.16375,-9.203056,6.49,,0.21,B1Ib,-0.007,-0.006,,false
2628,,,,,,52437,172725,FU CMa,105.080417,-22.119444,6.53,,-0.17,B2IV-Vne,-0.006,-0.018,,false
2629,,,,,,52479,114798,,105.4225,4.818056,6.63,,0.06,A3V s,-0.006,-0.001,,false
2630, 42Ome Gem,42,Ome,,Gem,52497,78999,Ome Gem,105.603333,24.215278,5.18,,0.94,G5IIa-Ib,-0.009,-0.001,0.012,false
2631,,,,,,52554,96407,NP Gem,105.60625,17.755556,5.94,,1.63,M1,0.016,0.031,,false
2632,,,,,,52556,96403,,105.5725,15.336111,5.74,R,,gK1,0.0,-0.016,,false
2633,,,,,,52559,114801,,105.479167,5.5575,6.59,,-0.02,B2IV-V,-0.041,0.01,,false
2634,,,,,,52603,234826,,104.665,-55.729444,6.27,,1.16,K2III,-0.073,-0.09,,false
2635,,,,,,52609,96409,,105.639583,16.674167,5.82,,1.68,M2III,0.017,-0.015,,false
2636,,,,,,52611,134073,,105.470417,-1.345556,6.17,,1.28,G5II,0.01,-0.027,,false
2637,,,,,,52619,172749,,105.1775,-28.489444,6.27,,0.45,F5V,-0.006,-0.034,,false
2638,,,,,,52622,234825,,104.650833,-56.394722,6.45,,0.39,F2II,-0.03,-0.028,,false
2639,,,,,,52666,134076,3341,105.485,-5.722222,5.2,,1.68,M2III,-0.016,0.001,-0.003,false
2640,,,,,,52670,172763,,105.274583,-25.215278,5.63,,-0.17,B2V,-0.008,0.021,,false
2641,,,,,,52703,197475,,105.2075,-33.465278,6.4,,1.05,G8II-III,0.019,0.091,,false
2642,,,,,,52708,26141,,106.505417,59.801944,6.44,R,,G8III:,0.026,0.001,,false
2643,,,,,,52711,79009,,105.876667,29.337222,5.93,,0.6,G4V,0.153,-0.826,0.059,false
2644,,,,,,52859,26144,,106.415833,52.758056,6.12,,0.11,A3V s,-0.024,-0.072,0.011,false
2645,,,,,,52860,41538,,106.2875,47.775,6.38,,-0.04,B9IIIn,-0.001,-0.004,,false
2646, 22Sig CMa,22,Sig,,CMa,52877,172797,Sig CMa,105.429583,-27.934722,3.47,,1.73,K7Ib,-0.005,0.005,0.024,false
2647,,,,,,52913,114835,,105.824583,9.138333,5.97,,0.12,A3V s,-0.023,0.006,,false
2648, 19    Mon,19,,,Mon,52918,134106,V637 Mon,105.728333,-4.239167,4.99,,-0.2,B1V,-0.003,0.003,,false
2649,,,,,,52960,96429,,105.908333,10.951667,5.13,,1.39,K3III,-0.008,-0.019,0.011,false
2650, 43Zet Gem,43,Zet,,Gem,52973,79031,Zet Gem,106.027083,20.570278,3.79,,0.79,F7-G3Ib,-0.009,0.0,-0.006,false
2651,,,,,,52976,96432,,105.965,12.594444,5.98,,1.58,K5,0.002,0.001,,false
2652,,,,,,53047,234854,Var?,105.214583,-51.4025,5.14,,1.61,M1III,-0.015,0.016,-0.014,false
2653, 24Omi2CMa,24,Omi,2,CMa,53138,172839,,105.75625,-23.833333,3.02,,-0.08,B3Iab,-0.004,0.003,,false
2654,,,,,,53205,114867,,106.084167,1.488333,6.57,,0.01,A0V,0.002,-0.012,,false
2655,,,,,,53208,134133,,106.021667,-5.323611,5.62,,1.29,K3III,-0.007,0.009,,false
2656,,,,,,53240,152308,,105.98875,-10.124167,6.45,,-0.08,B9IIIn,-0.025,-0.011,,false
2657, 23Gam CMa,23,Gam,,CMa,53244,152303,,105.939583,-15.633333,4.12,,-0.12,B8II,-0.002,-0.008,,false
2658,,,,,,53253,218396,,105.565,-43.404167,6.43,,-0.04,A0V,0.015,-0.012,,false
2659, 44    Gem,44,,,Gem,53257,79042,,106.326667,22.637222,6.02,,-0.03,B8Vn,-0.006,-0.013,,false
2660,,,,,,53329,59773,3373,106.548333,34.473889,5.55,,0.91,G8IV,-0.055,-0.048,0.036,false
2661,,,,,,53349,234863,3349,105.27125,-58.94,6.02,,0.3,A8III,-0.058,0.144,,false
2662,,,,,,53501,249704,,104.960417,-67.916111,5.17,,1.4,K3III,-0.033,0.241,0.037,false
2663,,,,,,53510,114899,,106.412917,9.185833,5.78,,1.52,M0III,0.048,-0.02,,false
2664,,,,,,53629,172906,,106.19625,-22.032222,6.09,,1.22,K0,0.02,-0.058,,false
2665,,,,,,53686,59794,,106.842917,34.009444,5.91,,1.51,gK4,-0.028,-0.025,,false
2666,,,,,,53704,218424,Var?,106.011667,-42.337222,5.2,,0.2,Am,-0.008,0.072,0.025,false
2667,,,,,,53705,218421,,105.98875,-43.608056,5.54,,0.64,G3V,-0.105,0.386,0.052,false
2668,,,,,,53706,218423,,105.995,-43.611667,6.79,,0.8,K0V,-0.109,0.371,0.052,false
2669,,,,,,53744,79066,,106.854167,28.177222,6.48,,-0.09,B9V,0.006,0.02,,false
2670,,,,,,53755,152363,V569 Mon,106.457083,-10.661111,6.49,,-0.05,B0.5V+F5III,0.0,-0.029,,false
2671,,,,,,53791,79070,R Gem,106.839167,22.703611,7.68,,2.21,S3.9e,0.003,-0.002,,false
2672,,,,,,53811,218427,,105.97375,-49.583889,4.93,,0.13,A4IV,-0.045,0.146,0.02,false
2673,,,,,,53899,59806,,107.055417,33.832222,6.28,,1.34,K1,-0.01,-0.03,,false
2674,,,,,,53921,234890,,105.815,-59.178056,5.5,,-0.11,B9IV,0.022,0.009,0.014,false
2675,,,,,,53925,59812,,107.15125,37.445,6.16,,1.21,K1III,-0.008,-0.013,,false
2676,,,,,,53929,114935,,106.776667,4.910278,6.11,,-0.13,B9.5III,-0.033,-0.02,,false
2677,,,,,,53952,197557,,106.383333,-34.777778,6.14,,0.37,F2V,-0.043,0.041,0.034,false
2678,,,,,,53974,152394,FN CMa,106.669583,-11.294167,5.39,,0.05,B0.5IV,-0.011,-0.005,,false
2679,,,,,,53975,152393,,106.649583,-12.393889,6.48,,-0.1,O7.5V,-0.018,0.007,,false
2680,,,,,,54031,197566,,106.5025,-30.655556,6.34,,-0.16,B3V,0.0,0.009,,false
2681,,,,,,54070,6115,,108.492083,71.816667,6.35,,1.12,K0,0.025,0.02,,false
2682,,,,,,54079,114947,,106.95625,7.471111,5.75,,1.18,gK0,0.007,-0.036,,false
2683,,,,,,54118,234902,V386 Car,106.07625,-56.749722,5.17,,-0.04,A0pSi,0.005,-0.001,-0.015,false
2684, 45    Gem,45,,,Gem,54131,96535,,107.091667,15.930833,5.44,,1.03,G8III,-0.008,-0.099,0.007,false
2685,,,,,,54153,197572,,106.509583,-38.382778,6.11,,0.7,G0IIaCH1,0.014,0.017,,false
2686,,,,,,54173,172986,,106.717917,-24.960556,6.08,,1.34,K2,-0.031,0.007,,false
2687,,,,,,54179,234907,,106.31875,-50.360278,6.46,,,K3III,-0.011,0.032,,false
2688,,,,,,54224,172989,,106.750417,-26.657778,6.62,,-0.17,B2IV-V,0.016,-0.032,,false
2689,   The Men,,The,,Men,54239,256355,,104.143333,-79.420278,5.45,,0.05,B9.5V,-0.007,0.0,,false
2690,,,,,,54309,173002,FV CMa,106.844167,-23.840278,5.71,,-0.1,B2IVe,-0.005,0.023,,false
2691,,,,,,54475,218465,Var,106.779583,-40.893333,5.79,,-0.17,B3V,-0.007,0.004,,false
2692,,,,,,54563,79131,,107.527917,21.246944,6.43,,0.89,G9V,-0.167,-0.478,0.029,false
2693, 25Del CMa,25,Del,,CMa,54605,173047,3424,107.097917,-26.393333,1.84,,0.68,F8Ia,-0.003,0.004,-0.011,false
2694,,,,,,54662,152470,,107.334583,-10.347222,6.21,,0.03,O6.5V,0.005,-0.02,,false
2695,,,,,,54669,173064,Var?,107.205417,-24.044167,6.65,,-0.19,B2V,-0.013,-0.009,,false
2696, 63    Aur,63,,,Aur,54716,59866,,107.91375,39.320556,4.9,,1.45,K4III-IIIa,0.044,0.003,0.023,false
2697, 46Tau Gem,46,Tau,,Gem,54719,59858,3437,107.785,30.245278,4.41,,1.26,K2-III,-0.03,-0.045,0.007,false
2698,,,,,,54732,234940,,106.805417,-51.967778,5.96,,1.0,K0III,-0.008,0.057,,false
2699,,,,,,54764,152477,,107.388333,-16.234722,6.03,,0.06,B1II,-0.022,-0.009,,false
2700, 47    Gem,47,,,Gem,54801,79141,,107.84625,26.856667,5.78,,0.1,A4IV,-0.023,-0.036,,false
2701, 20    Mon,20,,,Mon,54810,134282,,107.557083,-4.237222,4.92,,1.03,K0III,0.0,0.215,0.03,false
2702,,,,,,54893,197632,3431,107.212917,-39.655833,4.83,,-0.18,B2IV-V,-0.009,0.002,,false
2703,,,,,,54895,26223,UY Lyn,108.3475,51.428889,5.47,,1.67,M3-III,0.006,0.014,0.003,false
2704,,,,,,54912,173101,Var?,107.42875,-25.231111,5.69,,-0.16,B2.5IV,-0.012,0.006,,false
2705,,,,,,54958,152497,,107.53875,-18.685278,6.23,,0.4,F0,-0.01,0.016,,false
2706, 48    Gem,48,,,Gem,55052,79162,,108.11,24.128333,5.85,,0.36,F5III-IV,-0.022,-0.048,,false
2707, 21    Mon,21,,,Mon,55057,134316,V571 Mon,107.848333,-0.301944,5.45,,0.29,A8Vn-F3Vn,-0.031,-0.011,0.021,false
2708,,,,,,55070,173122,,107.580833,-27.491389,5.46,,1.0,G8III,-0.003,0.009,,false
2709,,,,,,55075,1164,,111.34125,81.2575,6.31,,-0.04,A0III,-0.005,-0.026,,false
2710,,,,,,55111,115062,,107.96375,5.654722,6.09,,-0.02,A1V,-0.017,-0.008,,false
2711,,,,,,55130,79170,3453,108.204167,27.224722,6.43,,0.49,F8V,0.01,-0.104,0.027,false
2712,,,,,,55151,249740,,106.55875,-68.837222,6.47,,1.04,K0III,-0.004,0.008,,false
2713,,,,,,55184,115065,,108.030833,5.474722,6.16,,1.14,K0III,-0.036,0.005,,false
2714, 22Del Mon,22,Del,,Mon,55185,134330,,107.96625,-0.492778,4.15,,-0.01,A2V,-0.001,0.005,0.016,false
2715, 18    Lyn,18,,,Lyn,55280,26248,,108.97875,59.6375,5.2,,1.07,K2III,-0.101,-0.259,0.042,false
2716,,,,,,55344,173168,,107.923333,-20.883056,5.84,,-0.04,A0V,-0.003,0.022,,false
2717, 51    Gem,51,,,Gem,55383,96638,BQ Gem,108.342917,16.158889,5.0,,1.66,M4IIIab,0.013,-0.042,0.011,false
2718, 26    CMa,26,,,CMa,55522,173193,3458,108.050833,-25.9425,5.92,,-0.17,B2V,-0.009,0.011,,false
2719,,,,,,55526,218514,,107.697917,-48.932222,5.14,,1.24,K2III,-0.012,0.192,0.031,false
2720,,,,,,55568,197686,,108.017083,-30.821667,6.1,,0.27,A8V,-0.039,0.015,,false
2721,,,,,,55575,41644,,108.95875,47.24,5.58,,0.58,G0V,0.03,-0.183,0.037,false
2722,,,,,,55579,79191,,108.610833,24.710833,6.89,,-0.03,A1pSrCr,0.003,-0.016,,false
2723,,,,,,55589,152570,,108.28,-11.251389,5.78,,1.51,K0,-0.003,0.008,,false
2724,,,,,,55595,173200,HN CMa,108.100417,-27.474167,6.59,,0.19,A5IV-V,-0.025,0.008,,false
2725, 52    Gem,52,,,Gem,55621,79199,3469,108.674583,24.885,5.82,,1.56,M1III,0.047,-0.092,,false
2726,,,,,,55718,197694,3464,108.107083,-36.544444,5.96,,-0.14,B3V,-0.022,0.004,0.004,false
2727,,,,,,55719,218525,Var?,108.065833,-40.498889,5.31,,0.06,A3pSrEuCr,-0.018,-0.015,0.009,false
2728,,,,,,55730,96672,,108.635833,12.115833,5.62,,1.01,G6III,-0.05,-0.02,,false
2729,,,,,,55751,115119,,108.583333,3.111389,5.35,,1.19,K2II,-0.006,-0.002,,false
2730,,,,,,55762,173230,3467,108.349583,-22.673333,6.01,,1.48,K2III,0.006,-0.008,,false
2731,,,,,,55775,134391,,108.545833,-3.901389,5.75,,1.58,K5III,-0.015,0.007,,false
2732,,,,,,55832,134395,,108.564583,-9.9475,5.9,,1.52,K3III,-0.004,0.004,,false
2733,,,,,,55856,173247,,108.45125,-22.906389,6.36,,-0.21,B2IV+G5IV,-0.012,-0.017,,false
2734,,,,,,55857,173244,GY CMa,108.40125,-27.356389,6.12,,-0.23,B0.5V,-0.025,0.006,,false
2735,   Gam1Vol,,Gam,1,Vol,55864,256373,,107.175833,-70.497222,5.69,,0.4,F2V,0.007,0.101,0.016,false
2736,   Gam2Vol,,Gam,2,Vol,55865,256374,3448,107.187083,-70.498889,3.78,,1.04,K0III,0.023,0.106,0.016,false
2737,,,,,,55866,26260,,109.390417,52.130833,5.92,,1.26,gK1,-0.001,-0.025,,false
2738, 53    Gem,53,,,Gem,55870,79221,3485,108.987917,27.8975,5.71,,1.63,M1IIIa,-0.016,0.001,0.008,false
2739,,,,,,55879,152598,,108.6175,-10.316667,6.03,,-0.18,B0III,-0.004,-0.011,,false
2740,,,,,,55892,218537,QW Pup,108.14,-46.759444,4.49,,0.32,F0IV,-0.132,0.103,0.048,false
2741,,,,,,55958,197719,GG CMa,108.44625,-31.083889,6.6,,-0.17,B2IV,-0.014,-0.002,,false
2742,,,,,,55966,1179,VZ Cam,112.768333,82.411389,4.96,,1.66,M4IIIa,-0.006,-0.042,0.001,false
2743,,,,,,55985,197722,,108.488333,-30.34,6.33,,-0.2,B2IV-V,-0.015,-0.006,,false
2744, 24    Mon,24,,,Mon,56003,134414,,108.830417,-0.161389,6.41,,0.9,G5III,-0.02,-0.002,0.011,false
2745, 27    CMa,27,,,CMa,56014,173264,EW CMa,108.563333,-26.3525,4.66,,-0.19,B3IIIe,-0.009,0.007,,false
2746,,,,,,56022,218546,OU Pup,108.305833,-45.183056,4.89,,-0.02,A0pSi,-0.019,-0.099,0.01,false
2747,,,,,,56031,115159,3486,108.914167,7.977778,5.82,,1.6,M4-IIIab,0.029,0.007,,false
2748,,,,,,56096,218549,L2 Pup,108.385,-44.639722,5.1,,1.56,M5IIIe,0.114,0.33,0.022,false
2749, 28Ome CMa,28,Ome,,CMa,56139,173282,Ome CMa,108.702917,-26.772778,3.85,,-0.17,B2IV-Ve,-0.008,0.006,,false
2750,,,,,,56160,173283,,108.712917,-27.038056,5.58,,1.22,K4III,-0.049,-0.03,,false
2751,,,,,,56169,41681,,109.632917,49.465,5.05,,0.08,A4IIIn,-0.004,0.014,0.008,false
2752,,,,,,56207,152621,,108.929583,-10.583889,5.95,,1.18,K0,0.011,-0.007,,false
2753, 64    Aur,64,,,Aur,56221,41679,,109.509167,40.883333,5.78,,0.17,A5Vn,-0.015,0.013,,false
2754,,,,,,56239,249774,,108.008333,-63.19,6.02,,-0.02,A0IV-V,-0.003,0.0,0.005,false
2755,,,,,,56341,173319,,108.947917,-23.740556,6.32,R,,A0,0.017,0.007,,false
2756,,,,,,56342,197756,,108.8375,-30.686389,5.36,,-0.17,B3V,-0.018,0.013,,false
2757,,,,,,56386,59964,,109.517083,30.955833,6.24,,-0.03,A0Vn,-0.004,-0.028,,false
2758,,,,,,56405,152641,,109.060417,-15.585833,5.46,,0.08,A2Vnp,-0.05,-0.015,0.041,false
2759,,,,,,56410,218568,,108.737917,-41.425833,5.94,,-0.16,B4III-IV,0.009,0.022,,false
2760,,,,,,56446,115204,,109.324167,6.680556,6.65,,-0.11,B8III,0.001,-0.015,,false
2761,,,,,,56455,218570,PR Pup,108.69125,-46.849722,5.72,,-0.11,A0pSi,-0.018,-0.008,,false
2762,,,,,,56456,218567,,108.659167,-48.271667,4.76,,-0.1,B8-9V,0.004,0.004,,false
2763, 54Lam Gem,54,Lam,,Gem,56537,96746,3512,109.523333,16.540278,3.58,,0.11,A3V,-0.048,-0.037,0.047,false
2764,,,,,,56577,173349,3503,109.153333,-23.315556,4.79,,1.71,K3Ib-II,-0.01,0.002,0.019,false
2765,,,,,,56614,134474,,109.382083,-6.68,6.29,,1.62,K2,-0.014,0.011,,false
2766,,,,,,56618,173360,,109.145833,-27.881111,4.64,,1.6,M3III,-0.01,0.043,0.012,false
2767,,,,,,56705,235040,,108.8375,-52.499722,5.97,,1.1,K1III,-0.058,0.103,,false
2768,,,,,,56731,197789,,109.238333,-30.896667,6.32,,0.2,A9II,0.005,-0.021,,false
2769,,,,,,56733,197785,,109.1325,-38.318889,5.8,,-0.13,B4V,-0.015,0.005,,false
2770,,,,,,56779,197790,Var?,109.20625,-36.592778,5.03,,-0.17,B2IV-V,0.001,-0.002,,false
2771,,,,,,56813,218589,,109.064583,-46.774444,5.66,,1.44,K4III,0.009,0.035,,false
2772, 47    Cam,47,,,Cam,56820,26298,,110.571667,59.901944,6.35,,,A8m,0.003,0.014,0.015,false
2773,   Pi  Pup,,Pi,,Pup,56855,197795,3515,109.285833,-37.0975,2.7,,1.62,K3Ib,-0.009,0.004,0.032,false
2774,,,,,,56876,173411,,109.449583,-26.7975,6.46,,-0.15,B2IV-V,-0.01,0.001,,false
2775,,,,,,56941,41705,,110.262917,42.655556,6.35,,1.46,K0,-0.019,-0.046,,false
2776,,,,,,56963,41708,,110.322917,45.228056,5.77,,0.32,A7 s,-0.048,0.004,,false
2777, 55Del Gem,55,Del,,Gem,56986,79294,,110.030833,21.982222,3.53,,0.34,F2IV,-0.026,-0.012,0.061,false
2778,,,,,,56989,115263,,109.843333,2.740556,5.89,,1.07,G9III,0.0,-0.013,,false
2779,,,,,,57006,115269,,109.948333,7.142778,5.91,,0.53,F8V,0.06,-0.063,,false
2780,,,,,,57049,96783,,110.02875,15.142778,6.45,,-0.02,A2Vn,0.011,-0.017,,false
2781, 29    CMa,29,,,CMa,57060,173444,UW CMa,109.667917,-24.558889,4.98,,-0.15,O7Ia:fp,-0.006,0.0,,false
2782, 30Tau CMa,30,Tau,,CMa,57061,173446,3528,109.676667,-24.954167,4.4,,-0.15,O9Ib,-0.009,0.01,,false
2783, 19    Lyn,19,,,Lyn,57102,26311,,110.712083,55.284444,6.53,H,,B9V,0.004,-0.024,0.011,false
2784, 19    Lyn,19,,,Lyn,57103,26312,,110.717083,55.281389,5.45,,,B8V,-0.003,-0.029,0.011,false
2785,,,,,,57118,152710,,109.758333,-19.280278,6.09,,0.62,F0Iab-Ib,0.008,0.002,,false
2786,,,,,,57146,173453,,109.713333,-26.585833,5.28,,0.96,G2Ib,-0.017,0.008,0.017,false
2787,,,,,,57150,197824,NV Pup,109.576667,-36.734167,4.66,,-0.1,B2V+B3IVne,-0.003,0.001,,false
2788,,,,,,57167,152724,R CMa,109.867083,-16.395,5.7,,0.35,F1V,0.157,-0.132,0.04,false
2789,,,,,,57197,218618,,109.5175,-43.986667,5.85,,-0.12,B8II-III,-0.015,0.001,,false
2790,,,,,,57219,197837,NW Pup,109.659167,-36.742778,5.11,,-0.16,B2IVne,-0.002,0.003,,false
2791,,,,,,57240,197836,,109.64,-39.210278,5.25,,0.01,A1V,0.01,0.007,0.014,false
2792,,,,,,57263,60012,,110.555833,38.996111,6.4,,1.22,K0,-0.003,-0.038,,false
2793, 65    Aur,65,,,Aur,57264,60010,,110.510833,36.760556,5.13,,1.08,K0III,-0.098,-0.023,0.022,false
2794,,,,,,57299,197842,,109.807083,-33.727222,6.3,,1.31,K2-3III,-0.013,-0.013,,false
2795, 56    Gem,56,,,Gem,57423,79328,3550,110.486667,20.443611,5.1,,1.52,M0IIIab,-0.066,-0.027,0.002,false
2796,,,,,,57478,152749,,110.2425,-14.36,5.45,,0.98,gG5,-0.018,0.016,,false
2797,,,,,,57508,1194,,113.665417,80.896667,6.41,R,,gG7,-0.01,0.003,,false
2798,,,,,,57517,134563,,110.320417,-8.878333,6.55,,0.54,F5,0.036,-0.156,,false
2799,,,,,,57573,173517,Var,110.221667,-22.851667,6.61,,-0.15,B2.5V,0.006,-0.042,,false
2800,,,,,,57593,173522,HQ CMa,110.229167,-26.963611,6.01,,-0.17,B2.5V,0.01,0.019,,false
2801,,,,,,57608,115335,,110.514583,0.177222,5.99,,-0.07,B8III,0.001,0.004,,false
2802,,,,,,57615,173529,,110.267917,-25.891389,5.87,,1.64,M4III,-0.012,0.025,,false
2803,   Del Vol,,Del,,Vol,57623,249809,,109.2075,-67.957222,3.98,,0.79,F6II,-0.007,0.005,0.004,false
2804,,,,,,57646,26333,,111.238333,51.887222,5.8,,1.61,K5III,0.014,-0.035,,false
2805, 66    Aur,66,,,Aur,57669,41738,,111.035417,40.672222,5.19,,1.23,K1+IIIaCN1,-0.006,-0.023,0.007,false
2806,,,,,,57682,134580,,110.508333,-8.979167,6.43,,-0.19,O9V,0.006,0.021,,false
2807,,,,,,57708,134585,,110.577083,-2.978889,6.23,,0.68,F5,-0.016,0.003,,false
2808, 57    Gem,57,,,Gem,57727,79352,,110.86875,25.050556,5.03,,0.9,G8III,-0.069,-0.023,0.022,false
2809,,,,,,57742,14195,,111.8575,66.331667,6.47,,-0.09,B9III,-0.012,-0.032,,false
2810, 58    Gem,58,,,Gem,57744,79354,,110.8675,22.945278,6.02,R,-0.01,A1V,-0.022,-0.036,,false
2811,,,,,,57749,134588,3560,110.605833,-5.982778,5.82,,0.35,F3IV,-0.011,-0.004,,false
2812,,,,,,57821,152776,,110.55625,-19.016667,4.96,,-0.04,B7IV,-0.006,-0.008,,false
2813,,,,,,57852,235110,,110.089167,-52.311667,6.05,,0.42,F0-2IV-V,-0.036,0.134,0.038,false
2814,,,,,,57853,235111,,110.090417,-52.309722,6.6,,0.59,G0V:e,-0.04,0.124,0.038,false
2815,,,,,,57917,235116,,110.16125,-52.086111,5.39,,-0.07,B9II-III,-0.019,-0.007,,false
2816, 59    Gem,59,,,Gem,57927,79366,,111.139167,27.638056,5.76,,0.34,g:F0,0.012,0.017,,false
2817,,,,,,58050,96866,OT Gem,111.115417,15.517222,6.41,,-0.18,B2Ve,0.011,0.004,,false
2818, 21    Lyn,21,,,Lyn,58142,41764,3585,111.678333,49.211389,4.64,,-0.02,A1V,-0.013,-0.05,0.012,false
2819,,,,,,58155,197925,,110.7525,-31.923889,5.43,,-0.15,B5IIIn,-0.014,0.004,,false
2820,  1    CMi,1,,,CMi,58187,96871,,111.2425,11.669722,5.3,,0.1,A5IV,-0.017,-0.014,0.015,false
2821, 60Iot Gem,60,Iot,,Gem,58207,79374,,111.431667,27.798056,3.79,,1.03,G9IIIbHdel -1,-0.123,-0.086,0.032,false
2822,,,,,,58215,173622,,110.87125,-27.834167,5.38,,1.53,K2III,0.045,0.005,0.013,false
2823,,,,,,58286,197938,,110.882917,-32.202222,5.39,,-0.18,B3III-IV,-0.009,0.004,,false
2824,,,,,,58325,197944,,110.97625,-30.216944,6.6,,-0.2,B2IV-V,-0.019,0.009,,false
2825,,,,,,58343,152834,FW CMa,111.167083,-16.201111,5.33,,-0.05,B2.5IVe,-0.014,-0.01,,false
2826,,,,,,58346,173656,,111.071667,-22.912778,6.19,,-0.09,B8,-0.016,0.0,,false
2827, 31Eta CMa,31,Eta,,CMa,58350,173651,,111.02375,-29.303056,2.45,,-0.08,B5Ia,-0.004,0.005,,false
2828,  2Eps CMi,2,Eps,,CMi,58367,115425,,111.412083,9.276111,4.99,,1.01,G6.5IIb,-0.006,-0.011,0.008,false
2829,,,,,,58420,197951,,110.992917,-35.837778,6.31,,-0.15,B7III,-0.018,0.018,,false
2830,,,,,,58425,14211,,112.719583,68.465556,5.64,,1.11,gK2,-0.01,-0.038,0.011,false
2831,,,,,,58439,152837,,111.21125,-19.012222,6.24,,0.29,A2Ib,-0.021,0.005,,false
2832,,,,,,58461,152840,,111.284583,-13.751944,5.78,,0.42,F0V,-0.204,-0.004,0.037,false
2833,,,,,,58526,134654,,111.4625,-5.775,5.97,,0.92,G3Ib,-0.029,-0.004,,false
2834,,,,,,58535,197964,3584,111.1825,-31.808889,5.35,,1.07,G8II,-0.02,0.01,-0.021,false
2835,,,,,,58551,79386,,111.709167,21.535833,6.54,,0.46,F6V,-0.315,-0.02,0.038,false
2836,,,,,,58552,96899,,111.61625,10.608333,6.37,,0.09,A2IV,-0.021,0.005,,false
2837, 61    Gem,61,,,Gem,58579,79391,3592,111.734583,20.257222,5.93,,0.3,F2Vn,-0.005,-0.019,,false
2838,,,,,,58580,134658,,111.514583,-4.5375,6.76,,-0.01,A0IV,0.009,-0.018,,false
2839,,,,,,58585,173691,,111.332917,-21.982778,6.05,,0.23,A8I-II:,-0.01,0.003,,false
2840,,,,,,58599,96901,,111.672083,11.009167,6.41,,-0.13,B6IV,0.009,-0.002,,false
2841,,,,,,58612,173697,,111.355417,-25.217778,5.78,,-0.1,B7III,-0.005,-0.002,,false
2842,,,,,,58634,197974,,111.196667,-37.29,6.97,,0.22,F0V:,0.016,0.009,0.003,false
2843,,,,,,58635,197975,,111.197083,-37.290833,6.84,,0.27,F0V:,-0.02,0.044,0.003,false
2844,,,,,,58661,41797,,112.215,48.183889,5.72,,-0.1,B9pHgMn,0.007,-0.049,,false
2845,  3Bet CMi,3,Bet,,CMi,58715,115456,Bet CMi,111.7875,8.289444,2.9,,-0.09,B8Ve,-0.052,-0.038,0.019,false
2846, 63    Gem,63,,,Gem,58728,79403,,111.935,21.445,5.22,,0.39,F5V+F5V,-0.058,-0.121,0.041,false
2847,,,,,,58766,197986,Var?,111.429167,-31.738611,6.31,,-0.17,B2V,0.0,0.007,,false
2848,,,,,,58805,258460,,101.744583,-87.025,6.47,,0.42,F3V,0.006,0.004,,false
2849, 22    Lyn,22,,,Lyn,58855,41808,,112.483333,49.6725,5.36,,0.45,F6V,0.114,-0.08,0.042,false
2850,,,,,,58907,173743,,111.669583,-23.712222,6.56,,0.01,A1,-0.006,0.023,,false
2851,  5Eta CMi,5,Eta,,CMi,58923,115477,,112.00875,6.941944,5.25,,0.22,F0III,-0.004,-0.044,0.01,false
2852, 62Rho Gem,62,Rho,,Gem,58946,60118,,112.277917,31.784444,4.18,,0.32,F0V,0.155,0.175,0.062,false
2853,,,,,,58954,152894,,111.783333,-17.864444,5.63,,0.32,A5n,0.002,0.015,,false
2854,  4Gam CMi,4,Gam,,CMi,58972,115478,,112.040833,8.925556,4.32,,1.43,K3-IIIFe-0.5,-0.062,0.017,0.019,false
2855,,,,,,58978,173752,FY CMa,111.7475,-23.086111,5.61,,-0.13,B0IV:pe,-0.012,0.004,,false
2856,,,,,,59026,198000,,111.67625,-34.140833,5.9,,-0.17,B2IV-V,-0.027,0.0,,false
2857, 64    Gem,64,,,Gem,59037,79427,,112.335,28.118056,5.05,,0.11,A4V,-0.041,-0.056,0.008,false
2858,,,,,,59059,96930,,112.197083,15.109444,6.22,,-0.05,B9IV,0.004,-0.025,,false
2859,,,,,,59067,152909,3600,111.965417,-11.556944,5.79,,0.58,G8Ib-II+B2+B8V,-0.004,-0.001,,false
2860,,,,,,59136,173778,,111.92875,-22.859722,5.95,,-0.09,B5V:,-0.005,-0.017,,false
2861, 65    Gem,65,,,Gem,59148,79434,,112.452917,27.916111,5.01,,1.11,K2III,-0.034,-0.024,0.018,false
2862,,,,,,59219,235192,,111.59125,-51.018333,5.1,,1.06,K0III,0.001,0.008,0.007,false
2863,,,,,,59256,173799,Var?,111.996667,-29.155833,5.54,,-0.08,B9VpSi:,-0.006,0.008,,false
2864,  6    CMi,6,,,CMi,59294,96952,3609,112.449167,12.006667,4.54,,1.28,K1+IIIBa0.4,0.0,-0.019,0.029,false
2865,,,,,,59311,134740,,112.327917,-1.905278,5.59,,1.5,K5III,-0.015,-0.005,,false
2866,,,,,,59380,134742,,112.357083,-7.551111,5.86,,0.48,F8V,0.064,0.131,,false
2867,,,,,,59381,152941,,112.342083,-10.326667,5.75,,1.62,K5III,-0.001,0.001,,false
2868,,,,,,59438,152943,,112.34125,-14.999167,6.05,,0.47,F7V,-0.185,-0.254,0.027,false
2869,,,,,,59466,198031,,112.095,-37.810278,6.58,,0.06,A1IV,-0.02,-0.05,,false
2870,,,,,,59499,198038,,112.21375,-31.848333,6.38,,-0.17,B3V,0.008,0.003,,false
2871,,,,,,59500,198039,,112.214583,-31.846944,7.13,,-0.15,B4V,-0.036,0.003,,false
2872,,,,,,59507,60148,,112.982083,38.896389,6.54,,0.07,A2V,-0.035,-0.014,,false
2873,,,,,,59550,198042,,112.270417,-31.456389,5.77,,-0.19,B2V,-0.014,0.002,,false
2874,,,,,,59612,173864,,112.464167,-23.024444,4.85,,0.23,A5Ib,-0.004,-0.006,-0.003,false
2875,,,,,,59635,198045,,112.27375,-38.812222,5.43,,-0.16,B5Vp,-0.016,0.011,,false
2876,,,,,,59669,134774,,112.712917,-5.226389,6.24,,1.18,K0,-0.006,-0.002,,false
2877,,,,,,59686,96985,,112.951667,17.086111,5.42,,1.13,gK2,0.043,-0.078,0.001,false
2878,   Sig Pup,,Sig,,Pup,59717,218755,,112.3075,-43.301389,3.25,,1.51,K5III,-0.055,0.187,0.02,false
2879,,,,,,59878,79489,,113.210833,22.887778,6.54,,1.01,K0II-III+F8V,-0.025,-0.012,,false
2880,  7Del1CMi,7,Del,1,CMi,59881,115581,,113.024583,1.914444,5.25,,0.22,F0III,-0.003,-0.003,0.016,false
2881,,,,,,59890,198064,,112.677083,-30.962222,4.65,,0.93,G3Ib,-0.021,0.0,0.023,false
2882,,,,,,59967,198069,,112.676667,-37.339722,6.65,,0.63,G4V,-0.098,0.042,,false
2883,,,,,,59984,134806,,113.024167,-8.880833,5.9,,0.54,F5V,-0.09,-0.157,,false
2884,,,,,,60060,235239,,112.498333,-52.651111,5.87,,1.01,K0III,-0.031,0.058,,false
2885,,,,,,60098,198086,3629,112.8575,-36.152778,6.68,,-0.12,B4V,-0.004,0.022,,false
2886, 68    Gem,68,,,Gem,60107,97016,3642,113.402083,15.826667,5.25,,0.05,A1Vn,-0.019,-0.012,0.011,false
2887,  8Del2CMi,8,Del,2,CMi,60111,115610,,113.298333,3.290278,5.59,,0.31,F2V,-0.018,0.038,,false
2888,,,,,,60150,249864,,112.21375,-64.51,6.39,,1.56,K5III,-0.011,-0.016,,false
2889,,,,,,60168,198093,PS Pup,112.928333,-35.887778,6.61,,-0.08,A0V,0.011,0.007,,false
2890, 66Alp Gem,66,Alp,,Gem,60178,60198,,113.65,31.888611,2.88,,0.04,A2Vm,-0.172,-0.099,0.067,false
2891, 66Alp Gem,66,Alp,,Gem,60179,,YY Gem,113.65,31.888333,1.98,,0.03,A1V,-0.171,-0.098,0.067,false
2892,,,,,,60228,235252,,112.62875,-54.399444,5.96,,1.56,M1III,0.018,0.021,,false
2893,,,,,,60275,97021,,113.52125,10.568333,6.28,,-0.01,A1V,-0.005,-0.009,,false
2894,,,,,,60294,26423,,114.195833,55.755278,5.92,,1.12,K2III,-0.015,-0.035,,false
2895,,,,,,60312,198104,,113.092917,-35.961389,6.3,,-0.1,B9V,-0.012,0.005,,false
2896,,,,,,60318,60204,,113.78625,30.961111,5.33,,1.01,K0III,-0.033,0.013,0.003,false
2897,,,,,,60325,153061,,113.342083,-14.338333,6.21,,-0.04,B1V,-0.01,-0.004,,false
2898,,,,,,60335,41877,,113.983333,43.031111,6.3,R,,F0,-0.024,-0.05,0.005,false
2899,,,,,,60341,153062,,113.33125,-19.4125,5.66,,1.12,K3III,0.022,-0.067,,false
2900,,,,,,60345,173987,,113.290417,-24.710833,5.85,,0.17,A7V:,-0.01,0.013,,false
2901,  9Del3CMi,9,Del,3,CMi,60357,115644,,113.565833,3.371389,5.81,,-0.02,A0Vnn,-0.012,-0.014,,false
2902,,,,,,60414,153072,KQ Pup,113.449583,-14.523889,4.97,,1.41,M2Iabpe+B2V,-0.012,0.004,-0.003,false
2903,,,,,,60437,41879,,114.131667,46.180278,5.65,,1.56,M0III,-0.028,-0.032,,false
2904,,,,,,60489,115653,3648,113.691667,2.725,6.55,,0.22,A7III,-0.043,-0.027,,false
2905, 69Ups Gem,69,Ups,,Gem,60522,79533,3652,113.980417,26.895833,4.06,,1.54,M0III-IIIb,-0.034,-0.106,0.014,false
2906,,,,,,60532,174009,,113.513333,-22.296111,4.45,,0.51,F6IV,-0.04,0.046,0.054,false
2907,,,,,,60559,198120,,113.30625,-40.058889,6.26,,-0.12,B8IVpSi,0.02,-0.01,,false
2908,,,,,,60574,218792,,113.305417,-43.086389,6.52,,0.92,G8III,0.005,-0.035,,false
2909,,,,,,60584,174019,,113.5775,-23.473611,5.83,,0.44,dF4,-0.095,0.002,0.023,false
2910,,,,,,60585,174020,,113.579583,-23.474722,5.87,,,dF6,-0.111,-0.01,0.023,false
2911,,,,,,60606,198130,OW Pup,113.4625,-36.338333,5.54,,-0.06,B3Vne,-0.012,0.001,,false
2912,,,,,,60629,174028,,113.62,-26.116667,6.65,,-0.01,A0V,-0.019,-0.025,,false
2913,,,,,,60646,198138,,113.553333,-33.463333,6.11,,0.29,A9IV,-0.056,0.07,,false
2914,,,,,,60652,41893,,114.474583,48.773611,5.92,,0.22,A5m,-0.026,-0.032,,false
2915,,,,,,60654,41887,,114.324167,40.025278,6.38,R,,M1,-0.011,-0.05,,false
2916,,,,,,60666,174033,,113.645417,-27.011944,5.77,,1.06,K1III,-0.039,0.079,,false
2917,,,,,,60686,198137,,113.49375,-39.905833,6.76,,1.13,K2III,-0.017,0.045,,false
2918,,,,,,60803,115693,,114.144583,5.861667,5.91,,0.6,G0V,-0.111,0.011,,false
2919,   Eps Men,,Eps,,Men,60816,256415,,111.408333,-79.094167,5.53,,1.28,K2-3III,-0.033,0.003,-0.002,false
2920,,,,,,60853,134883,,114.069167,-8.311389,6.27,,1.54,K2,0.035,0.002,,false
2921,,,,,,60855,153118,Var,114.01625,-14.492778,5.7,,-0.12,B2Ve,-0.01,0.003,,false
2922,,,,,,60863,174058,,113.845,-28.369444,4.64,,-0.11,B8V,-0.074,-0.019,,false
2923,,,,,,60951,174092,,114.0325,-22.160556,6.34,,0.99,G5,0.044,-0.018,,false
2924, 70    Gem,70,,,Gem,60986,60243,,114.636667,35.048611,5.56,,0.93,K0III,0.037,0.03,,false
2925,,,,,,61031,235310,,113.664583,-51.474722,6.28,,0.08,A1III-IV,-0.006,-0.001,,false
2926,,,,,,61035,79562,,114.560417,24.360278,6.27,R,,F0,0.025,0.013,,false
2927, 25    Mon,25,,,Mon,61064,134899,3665,114.319583,-4.111111,5.13,,0.44,F6III,-0.068,0.017,0.028,false
2928,,,,,,61068,153149,PT Pup,114.170833,-19.702222,5.74,,-0.19,B2III,-0.007,0.005,,false
2929, 23    Lyn,23,,,Lyn,61106,26459,,115.20625,57.082778,6.06,,1.46,K5III,-0.018,-0.005,,false
2930, 71Omi Gem,71,Omi,,Gem,61110,60247,,114.79125,34.584167,4.9,,0.4,F3III,-0.037,-0.117,0.021,false
2931,,,,,,61219,79580,,114.799583,24.2225,6.17,,0.01,A2V,-0.012,0.002,,false
2932,,,,,,61224,153172,,114.412083,-14.441111,6.53,,-0.01,B9IIIe,0.014,-0.004,,false
2933,,,,,,61227,174141,,114.32,-23.775,6.37,,0.54,F0II,-0.015,0.022,,false
2934,,,,,,61248,235336,3661,113.915417,-52.533889,4.94,,1.4,K3III,0.024,-0.016,0.012,false
2935,,,,,,61294,60257,,115.060833,38.344444,5.73,,1.63,M0III,-0.05,-0.009,,false
2936,,,,,,61295,60254,,114.975417,32.009722,6.17,,0.35,F6II,-0.019,-0.045,,false
2937,,,,,,61330,198195,,114.342083,-34.968611,4.53,,-0.09,B8IV,-0.022,0.014,,false
2938, 74    Gem,74,,,Gem,61338,97120,3671,114.869167,17.674722,5.05,,1.56,K5IIIFe-0.5,0.005,0.004,0.009,false
2939,,,,,,61363,41934,,115.301667,48.131667,5.56,,1.01,K0III,-0.054,-0.128,0.009,false
2940,,,,,,61391,218841,,114.182917,-48.830278,5.72,,-0.06,B9.5V,-0.001,-0.003,,false
2941,,,,,,61394,235343,,114.007083,-55.8875,6.39,,1.18,K1-2IIICNII,-0.002,0.01,,false
2942,,,,,,61409,198205,,114.436667,-35.277222,6.6,,1.14,K1III,-0.027,0.012,,false
2943, 10Alp CMi,10,Alp,,CMi,61421,115756,3672,114.825417,5.225,0.38,,0.42,F5IV-V,-0.71,-1.023,0.288,false
2944,,,,,,61429,174175,PU Pup,114.575,-25.364722,4.7,,-0.11,B8IV,-0.007,-0.007,,false
2945,,,,,,61453,198210,,114.438333,-38.010556,6.38,,1.48,K4III,0.007,0.058,,false
2946, 24    Lyn,24,,,Lyn,61497,26474,,115.751667,58.710278,4.99,,0.08,A3IVn,-0.037,-0.051,0.018,false
2947,,,,,,61554,153195,,114.779583,-18.679167,6.72,,-0.1,B6Vn,-0.021,-0.026,,false
2948,,,,,,61555,174198,3673,114.705417,-26.801667,4.5,H,-0.17,B6V,-0.017,0.019,0.01,false
2949,,,,,,61556,174199,3673,114.7075,-26.803611,4.62,H,,B5IVn,-0.029,0.028,0.01,false
2950,,,,,,61563,115773,,115.029167,5.230833,6.02,,-0.04,A0III,-0.008,-0.023,0.014,false
2951,,,,,,61603,79607,,115.24375,23.018611,5.89,,1.58,K5,-0.01,-0.011,,false
2952,,,,,,61623,198226,,114.600833,-39.991389,6.59,,-0.05,A0,0.013,0.018,,false
2953,,,,,,61630,97136,,115.197083,13.770833,6.24,,,K0,0.01,-0.016,,false
2954,,,,,,61641,198237,,114.682917,-36.496944,5.8,,-0.16,B2IV-V,-0.007,0.001,,false
2955,,,,,,61642,198229,,114.635833,-38.781111,6.19,,1.02,G8III,0.03,-0.028,,false
2956,,,,,,61672,174219,,114.862083,-26.863056,6.5,,-0.1,B7V,-0.013,0.001,,false
2957,,,,,,61715,218852,MY Pup,114.575833,-48.601111,5.68,,0.65,F4Iab,0.002,0.008,,false
2958,,,,,,61749,134969,,115.147917,-8.185833,6.01,,0.15,A3IV,0.016,-0.037,,false
2959,,,,,,61772,153227,,115.096667,-15.263611,4.94,,1.56,K3II,-0.01,-0.022,0.005,false
2960,,,,,,61774,153225,,115.056667,-19.660833,5.93,,1.16,K0,0.007,0.011,,false
2961,,,,,,61831,198253,,114.864167,-38.308333,4.84,,-0.19,B2.5V,-0.014,0.004,,false
2962,,,,,,61859,60291,,115.68125,34.000278,6.02,R,,F7V,-0.08,-0.003,,false
2963,,,,,,61878,198265,,114.9325,-38.139444,5.73,,-0.12,B5Vn,-0.019,0.011,0.006,false
2964,,,,,,61899,198268,,114.949167,-38.260833,5.76,,-0.07,B2.5V,-0.011,0.004,,false
2965,,,,,,61885,97154,,115.465833,13.480556,5.77,,1.67,M2IIIab,-0.039,-0.02,,false
2966,,,,,,61887,115813,3689,115.396667,3.624722,5.94,,-0.04,A0V,0.015,-0.025,,false
2967,,,,,,61913,97157,NZ Gem,115.513333,14.208333,5.56,,1.64,M3II-III,-0.004,-0.012,0.006,false
2968,,,,,,61925,198273,,114.991667,-37.579444,6.0,,-0.04,B6IVe,0.001,-0.01,,false
2969,,,,,,61931,26488,,116.0175,50.433889,5.27,,0.0,A0IIIn,-0.005,-0.026,0.015,false
2970, 26Alp Mon,26,Alp,,Mon,61935,134986,,115.311667,-9.551111,3.93,,1.02,K0III,-0.073,-0.019,0.024,false
2971,,,,,,61966,235391,V390 Car,114.751667,-53.273333,6.06,,-0.11,B9IV-Vp:Si:,-0.009,0.008,,false
2972,,,,,,61987,174273,,115.180833,-27.945833,6.76,,-0.16,B3-5IV-V:,0.007,-0.017,,false
2973, 75Sig Gem,75,Sig,,Gem,62044,79638,Sig Gem,115.827917,28.883611,4.28,,1.12,K1III,0.065,-0.232,0.018,false
2974,,,,,,62058,198286,R Pup,115.219583,-31.660833,6.56,,1.18,G20-Ia,0.014,0.012,,false
2975, 51    Cam,51,,,Cam,62066,14321,,116.667083,65.455833,5.92,,1.18,gK2,0.027,0.018,,false
2976,,,,,,62082,174298,,115.348333,-22.337222,6.18,,1.62,M1III,0.022,-0.004,,false
2977, 49    Cam,49,,,Cam,62140,14322,BC Cam,116.614167,62.830556,6.49,,0.26,F0pSrEu,-0.036,-0.057,,false
2978,,,,,,62141,79641,,115.8425,22.399444,6.21,,0.93,K0III,-0.026,0.013,,false
2979,,,,,,62153,256428,,113.840417,-74.275556,7.16,H,-0.02,B9IV,-0.007,0.009,0.01,false
2980,,,,,,62154,,,113.840833,-74.275556,7.26,H,,B9IV,-0.007,0.009,0.01,false
2981,,,,,,62226,198298,,115.315833,-38.533611,5.42,,-0.15,B5V,-0.017,0.013,,false
2982,,,,,,62264,115839,,115.7725,0.189444,6.19,,1.02,K0III,0.008,-0.012,,false
2983, 76    Gem,76,,,Gem,62285,79650,3703,116.02875,25.784167,5.31,,1.54,K4-5III,-0.02,-0.016,0.007,false
2984,,,,,,62318,218905,,115.340833,-44.632222,6.41,,0.0,B7IV-V,0.01,0.0,,false
2985, 77Kap Gem,77,Kap,,Gem,62345,79653,,116.111667,24.398056,3.57,,0.93,G8IIIa,-0.033,-0.052,0.026,false
2986,,,,,,62376,198315,,115.491667,-38.528889,6.54,,-0.09,B7V,-0.017,0.002,,false
2987,,,,,,62407,97199,,116.058333,12.859444,6.43,,,K0,-0.024,-0.042,,false
2988,,,,,,62412,174356,,115.700417,-26.351111,5.64,,0.99,K1III,-0.005,-0.027,,false
2989,,,,,,62437,115864,AZ CMi,116.030833,2.405,6.47,,0.2,F0III:,-0.048,-0.022,,false
2990, 78Bet Gem,78,Bet,,Gem,62509,79666,3712,116.32875,28.026111,1.14,,1.0,K0IIIb,-0.628,-0.046,0.094,false
2991, 79    Gem,79,,,Gem,62510,79665,,116.28875,20.316389,6.33,R,0.0,A1V,-0.014,0.008,,false
2992,,,,,,62555,174395,,115.912917,-25.503889,6.55,,0.06,A3,0.001,-0.005,,false
2993,  1    Pup,1,,,Pup,62576,174391,3708,115.885,-28.411111,4.59,,1.63,K3Ib,-0.014,0.025,0.018,false
2994,,,,,,62578,198343,,115.8,-36.050278,5.6,,-0.13,B5V,-0.019,0.008,,false
2995,,,,,,62595,198342,,115.779167,-38.864167,6.89,,1.02,G6/8III,0.009,-0.018,,false
2996,  3    Pup,3,,,Pup,62623,174400,,115.952083,-28.954722,3.96,,0.18,A2Iabe,0.002,0.005,,false
2997,,,,,,62613,1254,,119.072083,80.265556,6.56,,0.73,G8V,-0.476,0.09,,false
2998,,,,,,62644,218923,,115.738333,-45.173333,5.06,,0.78,G6IV,-0.066,-0.558,,false
2999,,,,,,62647,60328,3721,116.66375,37.5175,5.18,,1.58,M2IIIb,0.027,0.014,,false
3000,,,,,,62689,256431,,114.0175,-77.634167,6.18,,1.73,M0III,0.006,0.009,,false
3001,,,,,,62712,198352,,115.92875,-38.201944,6.4,,-0.16,B9VpSi,-0.025,0.006,,false
3002,,,,,,62713,218932,,115.924583,-40.933889,5.17,,1.1,K1III,0.133,-0.175,0.026,false
3003, 81    Gem,81,,,Gem,62721,97221,,116.530833,18.51,4.88,,1.45,K4III-IIIb,-0.076,-0.058,0.014,false
3004,,,,,,62747,174433,Var?,116.141667,-24.673889,5.62,,-0.19,B1.5III,-0.03,0.016,,false
3005,,,,,,62756,218928,,115.77875,-49.992778,6.57,,0.07,A2V,-0.005,-0.006,,false
3006,,,,,,62758,235430,,115.5425,-58.630833,6.43,,-0.1,B2.5V,-0.001,0.003,,false
3007,,,,,,62781,198366,,116.04,-36.062778,5.8,,0.31,F2V,-0.083,0.076,,false
3008, 11    CMi,11,,,CMi,62832,97224,3724,116.5675,10.768333,5.3,,0.01,A1Vnn,-0.029,-0.024,0.022,false
3009,  2    Pup,2,,,Pup,62863,153362,PV Pup,116.369583,-14.686111,6.89,,,A8V,-0.016,-0.018,,false
3010,  2    Pup,2,,,Pup,62864,153363,,116.37125,-14.690833,6.07,,0.11,A2V,-0.014,-0.026,,false
3011,,,,,,62893,198379,,116.1425,-37.943056,5.88,,-0.11,B7V,-0.018,0.004,,false
3012,,,,,,62897,235440,,115.722083,-58.23,6.21,,1.05,K0III,-0.03,0.033,,false
3013, 80Pi  Gem,80,Pi,,Gem,62898,60340,3729,116.87625,33.415556,5.14,,1.6,M1IIIa,-0.018,-0.029,0.012,false
3014,,,,,,62902,135079,,116.509167,-6.7725,5.49,,1.38,K5III,0.056,-0.094,,false
3015,  4    Pup,4,,,Pup,62952,153372,,116.487083,-14.563889,5.04,,0.33,F0V,-0.012,0.006,0.031,false
3016,,,,,,62991,198390,,116.269167,-37.887778,6.54,,-0.1,B3IV,-0.023,0.007,,false
3017,,,,,,63032,198398,3723,116.31375,-37.968611,3.61,,1.73,K2.5Ib-II,-0.01,0.002,0.006,false
3018,,,,,,63077,198404,,116.395833,-34.173056,5.37,,0.6,G0V,-0.279,1.665,0.064,false
3019,,,,,,63112,153389,,116.687083,-12.675278,6.39,,-0.02,A0V,0.018,0.0,,false
3020,,,,,,63118,218955,,116.325417,-43.752222,6.03,,-0.07,B6IV,-0.004,0.002,,false
3021, 82    Gem,82,,,Gem,63208,79704,,117.14,23.141111,6.18,R,,G2III+A4V,-0.011,0.008,,false
3022,,,,,,63215,198416,,116.543333,-37.933889,5.88,,-0.11,B7V,-0.035,0.004,,false
3023,,,,,,63271,174533,Var?,116.802083,-22.519722,5.9,,-0.19,B2IV-V,-0.013,0.007,,false
3024,   Zet Vol,,Zet,,Vol,63295,256438,,115.455,-72.606111,3.95,,1.04,K0III,0.03,0.018,0.017,false
3025,,,,,,63308,198424,,116.639167,-40.059722,6.57,,-0.13,B2V,-0.006,-0.001,,false
3026,,,,,,63302,153404,QY Pup,116.910417,-15.990833,6.34,,1.78,K1Ia-Iab,-0.004,0.001,,false
3027,,,,,,63323,153409,3741,116.938333,-16.014444,6.43,,1.7,M2II-III,0.0,-0.001,,false
3028,,,,,,63332,26535,,117.77375,54.129167,6.02,,0.46,F6V,-0.041,0.051,,false
3029,  5    Pup,5,,,Pup,63336,153414,,116.98625,-12.193056,5.48,,0.48,dF5,-0.111,0.059,0.013,false
3030,,,,,,63352,97273,,117.258333,13.370833,6.04,,1.38,K0,0.051,-0.043,,false
3031,,,,,,63382,235490,,116.398333,-56.7225,6.12,,0.39,F0II,0.005,0.016,,false
3032,,,,,,63401,198435,OX Pup,116.774167,-39.331389,6.31,,-0.17,B8III,-0.01,-0.005,,false
3033,,,,,,63435,115966,,117.245417,4.332778,6.53,,0.78,G2III,-0.036,-0.031,,false
3034,   Omi Pup,,Omi,,Pup,63462,174558,3745,117.021667,-25.937222,4.5,,-0.05,B0V:pe:,-0.009,0.006,,false
3035,,,,,,63465,198442,,116.854167,-38.511111,5.08,,-0.1,B2.5III,-0.006,0.0,-0.004,false
3036,,,,,,63513,249944,,116.182917,-66.071944,6.38,,0.95,G6-8III,-0.015,0.043,,false
3037,,,,,,63578,219000,,116.88125,-46.608611,5.23,,-0.14,B1.5IV,-0.002,0.004,,false
3038,,,,,,63584,249943,,116.054167,-69.821389,6.18,,-0.06,A0IV-V,-0.05,0.011,,false
3039,,,,,,63586,26543,,118.1525,55.209444,6.38,,,A0Vn,-0.004,-0.039,,false
3040,,,,,,63589,60379,3758,117.759583,33.233611,6.03,,0.15,A2Vm,-0.017,0.001,,false
3041,,,,,,63640,219006,T Pup,117.035417,-40.652222,6.14,,1.58,M2III,-0.003,-0.029,,false
3042,,,,,,63655,153449,,117.369167,-13.353333,6.23,,-0.09,B8III,-0.035,-0.018,,false
3043,,,,,,63660,174592,,117.257083,-24.912222,5.33,,0.76,G0III,-0.03,0.019,0.036,false
3044,  6    Pup,6,,,Pup,63697,153454,,117.421667,-17.228333,5.18,,1.28,K3III,0.052,-0.117,,false
3045,  7Xi  Pup,7,Xi,,Pup,63700,174601,,117.32375,-24.859722,3.34,,1.24,G6Iab-Ib,-0.003,-0.002,0.003,false
3046,,,,,,63744,219018,,117.084583,-47.077778,4.71,,1.06,K0III,-0.088,-0.078,0.006,false
3047,,,,,,63752,135158,,117.544167,-9.183333,5.61,,1.44,K3III,-0.001,0.004,,false
3048,,,,,,63754,174617,,117.438333,-20.206944,6.56,,0.58,G3V,-0.053,-0.106,,false
3049,,,,,,63786,198480,3756,117.31125,-35.243333,5.93,,-0.05,B9V,0.001,0.009,,false
3050,,,,,,63799,116014,,117.6975,3.277222,6.18,,1.12,K1III,0.054,-0.031,0.003,false
3051,,,,,,63822,153468,,117.52375,-19.523611,6.12,,1.26,K0,-0.007,-0.002,,false
3052,,,,,,63852,198487,,117.3975,-33.288889,5.6,,1.61,K5III,-0.034,0.0,,false
3053,,,,,,63889,97318,,117.98625,19.325278,5.99,,1.13,gK1,-0.055,-0.032,,false
3054,,,,,,63894,153479,,117.73,-11.128611,6.16,,1.13,K0,-0.001,-0.031,,false
3055,,,,,,63922,219035,,117.309583,-46.373333,4.11,,-0.18,B0III,0.0,0.006,,false
3056,,,,,,63926,235532,,117.08,-56.471111,6.33,,1.01,K0III+A1V,-0.026,0.003,,false
3057,,,,,,63948,219040,,117.3675,-44.751944,6.32,,0.96,K0III,-0.048,0.003,,false
3058,,,,,,63949,219034,QS Pup,117.30375,-46.857778,5.84,,-0.14,B1.5IV,0.0,0.011,,false
3059, 13Zet CMi,13,Zet,,CMi,63975,116043,,117.925,1.766944,5.14,,-0.12,B8II,-0.016,-0.003,0.012,false
3060,,,,,,64042,174658,,117.75,-24.528333,6.45,,-0.01,A0,-0.012,-0.023,,false
3061,,,,,,64052,116054,BC CMi,118.03,3.277222,6.31,,1.59,M4III,0.047,-0.084,,false
3062,,,,,,64067,235539,,117.277917,-56.410556,5.59,,1.13,G5II,-0.003,0.007,,false
3063,  8    Pup,8,,,Pup,64077,153499,,117.920417,-12.819444,6.36,,0.39,F2,-0.001,-0.011,,false
3064,  9    Pup,9,,,Pup,64096,153500,,117.942917,-13.898056,5.17,,0.6,G0V:,-0.062,-0.34,0.062,false
3065, 25    Lyn,25,,,Lyn,64106,42055,,118.622083,47.386111,6.25,,1.15,gK2,-0.017,0.006,,false
3066, 26    Lyn,26,,,Lyn,64144,42058,,118.677917,47.564722,5.45,,1.46,gK4,-0.047,0.002,,false
3067, 83Phi Gem,83,Phi,,Gem,64145,79774,,118.374167,26.765833,4.97,,0.09,A3V,-0.035,-0.031,,false
3068,,,,,,64152,174679,,117.92875,-21.173889,5.63,,0.96,G8III,-0.062,0.025,,false
3069,,,,,,64181,219059,,117.676667,-44.579722,6.45,,0.9,G6III,-0.022,0.021,,false
3070,,,,,,64185,249975,,117.30375,-60.283611,5.78,,0.42,F1V,-0.055,0.151,,false
3071,,,,,,64225,235552,,117.599583,-50.509722,5.91,,1.09,K2III,-0.06,-0.049,,false
3072,,,,,,64235,135205,3777,118.199583,-5.428056,5.76,,0.41,F5IV,-0.017,-0.023,,false
3073, 10    Pup,10,,,Pup,64238,153520,,118.07875,-14.846389,5.69,,0.37,F1Ia,-0.011,-0.002,,false
3074,,,,,,64287,219069,,117.835417,-43.095556,6.32,,-0.17,B2IV-V,0.011,-0.01,,false
3075,,,,,,64307,6378,,120.04875,73.918056,5.41,,1.42,K3III,-0.009,-0.037,0.022,false
3076,,,,,,64320,235553,,117.478333,-60.051111,6.72,,1.24,K0II,0.0,0.02,,false
3077,,,,,,64347,26579,,119.111667,56.504444,6.72,,,A2IV,0.0,-0.024,,false
3078,,,,,,64365,219076,QU Pup,117.917917,-42.888333,6.04,,-0.18,B2IV,-0.016,0.004,,false
3079,,,,,,64379,198540,,118.065417,-34.705278,5.01,,0.44,F5V,-0.194,0.243,0.074,false
3080,,,,,,64440,219082,,118.054167,-40.575833,3.73,,1.04,K1-2II+A0,-0.01,0.003,0.031,false
3081,,,,,,64484,249978,,117.420833,-66.195833,5.79,,-0.04,B9V,0.003,-0.001,,false
3082,,,,,,64486,6392,,121.19625,79.479722,5.42,,-0.06,A0pSi,-0.027,-0.049,0.021,false
3083,,,,,,64491,60453,,118.92,35.412778,6.23,,0.28,A3IVp:,-0.062,-0.023,,false
3084,,,,,,64503,198545,QZ Pup,118.16125,-38.863056,4.49,,-0.19,B2.5V,-0.002,-0.006,0.012,false
3085,,,,,,64572,198553,,118.264583,-36.363889,5.43,,1.16,K0III,-0.005,-0.005,0.035,false
3086, 85    Gem,85,,,Gem,64648,79799,,118.91625,19.883889,5.35,,-0.04,A0V s,-0.018,-0.043,0.009,false
3087,,,,,,64685,116120,,118.880833,8.862778,5.86,,0.35,F2IV,-0.013,-0.087,,false
3088,,,,,,64722,235579,V372 Car,118.12375,-54.367222,5.7,,-0.15,B1.5IV,-0.003,0.004,,false
3089,,,,,,64740,219106,,118.265417,-49.613056,4.63,,-0.23,B1.5Vp,0.002,0.016,,false
3090,,,,,,64760,219111,,118.325833,-48.103056,4.24,,-0.14,B0.5Ib,0.004,0.001,,false
3091,,,,,,64802,198575,,118.545833,-35.8775,5.49,,-0.19,B2V,-0.001,-0.01,,false
3092,,,,,,64876,198579,,118.66625,-34.846944,6.15,,1.53,K4III,-0.012,-0.02,,false
3093,,,,,,64938,116145,,119.099583,4.485833,6.17,,0.98,G8III,-0.005,0.0,,false
3094,,,,,,64958,42097,,119.569167,43.9775,6.34,,1.06,K0,0.038,0.006,,false
3095,  1    Cnc,1,,,Cnc,64960,97399,,119.2475,15.790278,5.78,,1.28,K3+III,-0.028,-0.042,,false
3096,,,,,,64974,198591,,118.807083,-30.9175,6.44,,,K4III,-0.047,0.043,,false
3097,,,,,,65066,116162,,119.31625,8.641389,6.05,,1.0,K0III,0.006,-0.017,,false
3098,,,,,,65123,116165,,119.3175,1.126944,6.35,,0.5,F7V,-0.172,-0.002,0.005,false
3099,,,,,,65183,198609,PX Pup,119.095,-30.285278,6.33,,1.66,M6III,0.004,-0.032,,false
3100,,,,,,65189,235612,,118.752083,-52.583056,6.38,,-0.01,B8III,-0.008,0.017,,false
3101,,,,,,65211,219157,,118.94375,-43.845,6.02,,-0.11,B6V,-0.012,0.002,,false
3102, 11    Pup,11,,,Pup,65228,174852,,119.214583,-22.88,4.2,,0.72,F7II,-0.026,0.009,0.023,false
3103,,,,,,65241,116179,3829,119.524167,7.213611,6.41,,-0.04,A0V,-0.02,-0.007,,false
3104,,,,,,65257,97429,,119.63125,16.518611,5.99,,1.47,K0,-0.006,-0.001,,false
3105,,,,,,65273,235615,,118.721667,-57.303056,5.63,,1.3,K3-4III,-0.077,0.023,0.009,false
3106,,,,,,65301,26618,,120.33625,59.0475,5.77,,0.39,d:F2,0.017,0.032,,false
3107,,,,,,65315,219169,,119.10125,-40.736389,6.78,,-0.18,B2V,0.02,-0.002,,false
3108,,,,,,65299,1300,,124.224167,84.057778,6.49,,0.03,A3IV,-0.013,-0.018,,false
3109, 53    Cam,53,,,Cam,65339,14402,AX Cam,120.426667,60.324444,6.01,,0.14,A2pSrCrEu,-0.037,-0.02,,false
3110, 14    CMi,14,,,CMi,65345,116182,,119.585833,2.224722,5.29,,0.92,K0III,-0.158,0.099,0.027,false
3111,,,,,,65442,219186,,119.24125,-42.406111,6.09,,1.36,K3III,0.029,0.023,,false
3112,,,,,,65448,14407,,120.628333,63.090278,6.4,,0.59,G1III,-0.012,-0.017,,false
3113,,,,,,65456,198636,3830,119.417083,-30.334722,4.79,,0.15,A2V,-0.006,0.007,0.025,false
3114,,,,,,65460,219189,,119.24125,-43.500278,5.35,,-0.18,B2.5V,0.001,0.013,,false
3115,,,,,,65522,97445,,119.89625,13.242222,6.02,,1.32,K2,-0.019,-0.011,,false
3116,,,,,,65551,219197,Var,119.326667,-44.109722,5.09,,-0.17,B2.5IV,-0.008,0.009,,false
3117,   Chi Car,,Chi,,Car,65575,235635,Chi Car,119.194583,-52.982222,3.47,,-0.18,B3IVp,-0.029,0.021,0.004,false
3118,,,,,,65598,219200,,119.333333,-47.890278,6.22,,-0.1,B5V,-0.02,0.014,0.007,false
3119,,,,,,65626,26634,AE Lyn,120.649167,57.273611,6.49,,0.62,F8V,-0.027,-0.063,0.038,false
3120,,,,,,65662,250019,,119.0775,-60.526389,5.74,,1.55,K3III,-0.011,0.014,,false
3121,,,,,,65685,219218,,119.465833,-45.577778,5.17,,1.27,K2III,-0.006,0.02,0.009,false
3122, 27    Mon,27,,,Mon,65695,135345,,119.93375,-3.679722,4.93,,1.21,K2III,-0.054,-0.003,0.008,false
3123, 12    Pup,12,,,Pup,65699,174932,,119.77375,-23.310556,5.11,,1.12,cK2,-0.012,0.001,-0.003,false
3124,  2Ome1Cnc,2,Ome,1,Cnc,65714,79861,,120.232917,25.392778,5.83,,1.02,gG8,0.014,0.006,,false
3125,,,,,,65735,97471,,120.2,19.816111,6.25,,1.11,K1III,-0.001,-0.013,,false
3126,,,,,,65750,235638,V341 Car,119.21125,-59.126389,6.25,,2.08,M0III,-0.024,-0.019,,false
3127,,,,,,65757,79864,,120.252917,23.583056,6.34,R,,K1III-IV,-0.026,-0.024,0.01,false
3128,  3    Cnc,3,,,Cnc,65759,97472,,120.197083,17.308611,5.55,,1.32,gK3,-0.012,-0.002,,false
3129,,,,,,65818,219226,V Pup,119.56,-49.245,4.41,,-0.17,B1Vp+B3IV:,-0.011,0.008,,false
3130,,,,,,65801,60523,,120.479583,35.413056,6.34,,1.56,K0,-0.043,-0.007,,false
3131,,,,,,65810,153687,,119.966667,-18.399167,4.61,,0.08,A2Vn,-0.002,-0.039,0.021,false
3132,  4Ome2Cnc,4,Ome,2,Cnc,65856,79869,,120.4325,25.089722,6.31,,0.01,A1V,-0.021,0.02,,false
3133,,,,,,65867,235646,3841,119.589167,-51.448611,6.44,,0.25,A8-9IV,-0.046,0.034,,false
3134,  5    Cnc,5,,,Cnc,65873,97485,,120.37625,16.455278,5.99,,-0.02,B9.5Vn,0.004,-0.005,,false
3135,,,,,,65875,135368,3857,120.18375,-2.881667,6.51,,-0.07,B2.5Ve,-0.014,0.013,,false
3136,,,,,,65900,116244,,120.3075,4.879722,5.65,,0.0,A1V,-0.038,0.009,,false
3137,,,,,,65904,219240,,119.7575,-45.216111,5.99,,-0.14,B4V,-0.011,-0.004,,false
3138,,,,,,65907,250035,,119.445417,-60.303333,5.6,,0.57,G0V,0.517,0.114,0.062,false
3139,,,,,,65908,250030,,119.302083,-63.296944,6.14,,-0.1,B8V,-0.018,0.015,,false
3140,,,,,,65925,198668,,119.868333,-39.297222,5.24,,0.39,F5III,-0.082,-0.043,0.038,false
3141, 28    Mon,28,,,Mon,65953,135380,V645 Mon,120.305417,-1.3925,4.68,,1.49,K4III,0.068,-0.073,0.009,false
3142,,,,,,66005,219249,,119.80125,-49.976667,6.32,,,B2IV-V,0.0,0.015,,false
3143,,,,,,66006,219250,,119.805833,-49.973611,6.34,,,B2IV-V,-0.008,0.013,,false
3144,,,,,,66011,116251,Var,120.46125,8.913889,6.22,,0.57,G0IV,-0.002,0.022,,false
3145,,,,,,66141,116260,,120.56625,2.334444,4.39,,1.25,K2III,-0.031,0.105,0.024,false
3146,,,,,,66190,219280,,120.081667,-45.456944,6.61,,1.27,K1Ib-II,0.008,0.001,,false
3147,,,,,,66194,250055,V374 Car,119.710417,-60.824444,5.81,,-0.09,B2IVpne,-0.008,0.015,,false
3148,,,,,,66210,219283,,120.062083,-48.981389,6.02,,0.04,A2V,-0.015,0.047,,false
3149,   Chi Gem,,Chi,,Gem,66216,79896,,120.879583,27.794167,4.94,,1.12,K1.5III,-0.026,-0.042,0.016,false
3150,,,,,,66242,135406,,120.608333,-6.337222,6.33,,0.62,G0III,0.006,-0.014,0.007,false
3151,,,,,,66255,219292,PY Pup,120.120417,-48.871389,6.12,,-0.11,A0pSi,-0.014,0.012,,false
3152,,,,,,66341,250064,,119.9175,-60.2075,6.33,,-0.06,B5III,0.004,0.003,,false
3153,,,,,,66342,250063,,119.906667,-60.586944,5.17,,1.74,M1.5IIa,0.003,0.011,-0.001,false
3154,,,,,,66358,198714,,120.405833,-37.283611,5.95,,0.14,A3IV,-0.017,0.008,,false
3155,,,,,,66435,198725,3872,120.525833,-37.050556,6.34,,1.62,M1III,0.016,-0.003,,false
3156,,,,,,66441,235680,,120.207917,-54.151389,5.87,,-0.14,B5Vn,-0.023,0.008,,false
3157,,,,,,66546,235686,3871,120.345417,-54.515,6.1,,-0.04,B2IV-V,-0.018,0.021,,false
3158,,,,,,66552,97537,,121.188333,18.842222,6.15,R,-0.05,B9V,-0.035,-0.016,,false
3159,,,,,,66591,250069,,120.083333,-63.5675,4.82,,-0.17,B3V,0.001,0.017,,false
3160,,,,,,66598,198743,,120.767083,-32.463889,5.82,,1.22,K2-3III,-0.017,0.0,,false
3161,,,,,,66607,235690,,120.38125,-55.455,6.28,,-0.15,B4V,-0.017,-0.008,,false
3162,,,,,,66624,219339,V336 Pup,120.686667,-41.31,5.52,,-0.15,B9pSi,-0.002,0.01,,false
3163,  8    Cnc,8,,,Cnc,66664,97542,,121.26875,13.118056,5.12,,0.01,A1V,-0.036,-0.067,0.023,false
3164,,,,,,66684,79928,3892,121.404167,27.529722,6.21,,0.01,A0V,0.0,-0.009,0.007,false
3165,   Zet Pup,,Zet,,Pup,66811,198752,,120.89625,-40.003333,2.25,,-0.26,O5f,-0.027,0.012,,false
3166,,,,,,66812,219355,,120.872917,-42.948611,6.29,,1.01,G8II,-0.026,-0.013,,false
3167, 28    Lyn,28,,,Lyn,66824,42174,,121.79125,43.260278,6.26,R,-0.02,A1V,-0.01,-0.034,,false
3168, 14    Pup,14,,,Pup,66834,153796,,121.172917,-19.728056,6.13,,-0.16,B3III,0.002,0.003,,false
3169,  9Mu 1Cnc,9,Mu,1,Cnc,66875,79940,BL Cnc,121.576667,22.635556,5.99,,1.66,M3III,-0.008,-0.005,,false
3170,,,,,,66888,198764,MZ Pup,121.0675,-32.675,5.31,,1.91,M1Ib,-0.003,0.004,0.024,false
3171,,,,,,66920,256463,,119.817083,-73.244722,6.34,,0.14,A3III,0.002,-0.036,,false
3172,,,,,,66950,135488,,121.456667,-0.573611,6.41,,1.05,K0,-0.022,-0.013,,false
3173, 27    Lyn,27,,,Lyn,67006,26687,,122.114167,51.506667,4.84,,0.05,A2V,-0.059,-0.004,-0.009,false
3174,,,,,,67159,135505,,121.614583,-9.245,6.23,,-0.07,B9V,0.001,-0.012,,false
3175,,,,,,67224,26701,,122.515833,58.248056,5.93,,1.39,gK4,-0.023,-0.075,,false
3176, 10Mu 2Cnc,10,Mu,2,Cnc,67228,79959,,121.940833,21.581667,5.3,,0.63,G1IVb,0.022,-0.069,0.034,false
3177,,,,,,67243,198791,,121.437083,-33.569167,6.14,,1.11,G1Ib,-0.006,0.01,,false
3178,,,,,,67249,235730,,121.176667,-50.590556,5.95,,1.21,G5II,-0.001,0.001,,false
3179,,,,,,67341,219400,,121.335,-46.978889,6.19,,-0.15,B3Vnp,0.005,-0.009,,false
3180,,,,,,67364,235735,,121.266667,-53.108056,5.53,,1.34,K3-4III,0.034,-0.006,0.02,false
3181,,,,,,67370,42199,,122.34625,42.430556,6.27,,1.27,gK3,-0.008,-0.072,,false
3182,,,,,,67447,14456,,123.203333,68.474167,5.32,,1.04,G7+II,0.0,0.008,0.021,false
3183,,,,,,67456,175206,,121.825,-20.554722,5.38,,0.1,A5II,-0.016,-0.006,0.001,false
3184, 12    Cnc,12,,,Cnc,67483,97594,,122.176667,13.640833,6.27,,0.43,F3V,-0.001,-0.017,,false
3185, 15Rho Pup,15,Rho,,Pup,67523,175217,Rho Pup,121.885833,-24.304167,2.81,,0.43,F6IIpDel Del,-0.083,0.049,0.035,false
3186,,,,,,67536,250101,V375 Car,121.17875,-62.836111,6.3,,-0.1,B2.5Vn,-0.009,0.017,,false
3187,,,,,,67582,219422,3905,121.668333,-45.266389,5.05,,1.5,K3III,0.0,0.0,-0.011,false
3188, 29Zet Mon,29,Zet,,Mon,67594,135551,,122.148333,-2.983889,4.34,,0.97,G2Ib,-0.017,-0.005,0.003,false
3189,,,,,,67725,153887,,122.237083,-11.339722,6.32,,0.01,A0Vn,-0.004,-0.012,,false
3190,,,,,,67751,175250,,122.18125,-20.363056,6.36,,0.16,A7IV,-0.012,0.0,,false
3191, 14Psi Cnc,14,Psi,,Cnc,67767,79995,,122.613333,25.507222,5.73,,0.81,G7V,-0.075,-0.348,0.029,false
3192, 16    Pup,16,,,Pup,67797,153890,,122.256667,-19.245,4.4,,-0.15,B5IV,-0.014,-0.002,,false
3193,,,,,,67827,60625,,122.84,38.731389,6.58,,0.59,G0,-0.111,-0.075,,false
3194,,,,,,67880,153898,,122.36875,-16.248889,5.68,,-0.17,B2.5V,-0.017,-0.007,,false
3195,,,,,,67888,198848,PQ Pup,122.156667,-37.681389,6.37,,-0.04,B4V,-0.002,0.003,,false
3196,,,,,,67921,198854,,122.277917,-30.3225,6.65,,1.4,K5III,0.024,-0.001,,false
3197,,,,,,67934,1319,,126.137083,82.430833,6.32,,0.01,A2Vn,-0.022,-0.025,,false
3198,,,,,,67959,97628,,122.745,14.629444,6.23,,0.02,A1V,-0.028,-0.014,,false
3199,,,,,,67977,198859,,122.2925,-35.455,6.2,,0.89,G8III,0.003,0.014,,false
3200,,,,,,68077,26732,,123.459167,56.452222,5.85,,1.01,G9III,-0.022,-0.033,,false
3201,,,,,,68099,116444,,122.819167,9.821111,6.07,,-0.1,B6III,-0.009,-0.021,,false
3202, 18    Pup,18,,,Pup,68146,153924,,122.665833,-13.799167,5.54,,0.49,F6V,-0.251,0.061,0.047,false
3203,,,,,,68161,219493,,122.29,-48.684444,5.7,,-0.12,B8Ib-II,0.0,-0.004,,false
3204,,,,,,68217,219502,Var?,122.399583,-44.122778,5.21,,-0.19,B2IV-V,-0.007,0.0,,false
3205,,,,,,68242,219507,,122.44875,-42.640556,6.26,,-0.04,B7V,-0.004,0.01,0.017,false
3206,   Gam1Vel,,Gam,1,Vel,68243,219501,3930,122.372083,-47.345833,4.27,,-0.23,B1IV,-0.004,-0.005,,false
3207,   Gam2Vel,,Gam,2,Vel,68273,219504,Gam2 Vel,122.383333,-47.336667,1.78,,-0.22,WC8+O9I,-0.004,0.006,0.017,false
3208, 16Zet1Cnc,16,Zet,1,Cnc,68257,97645,,123.052917,17.647778,5.63,,0.54,F8V,0.066,-0.135,0.039,false
3209, 16Zet1Cnc,16,Zet,1,Cnc,68256,97645,,123.052917,17.647778,6.02,,0.54,F9V,0.066,-0.135,0.039,false
3210, 16Zet2Cnc,16,Zet,2,Cnc,68255,97646,,123.055417,17.647778,6.2,,0.6,G5V,0.097,-0.109,0.039,false
3211, 19    Pup,19,,,Pup,68290,153942,,122.817917,-12.926944,4.72,,0.95,G9III-IIIb,-0.025,0.012,0.031,false
3212,,,,,,68312,135611,,122.8875,-7.7725,5.36,,0.89,G6III,-0.041,-0.021,0.012,false
3213,,,,,,68324,219515,IS Vel,122.43,-47.9375,5.23,,-0.21,B1IVe,0.003,0.001,,false
3214,,,,,,68332,97647,,123.092083,14.003889,6.54,,,A7III,-0.026,-0.008,,false
3215, 15    Cnc,15,,,Cnc,68351,80016,BM Cnc,123.287083,29.656667,5.64,,-0.07,B9pSiCr,-0.009,-0.018,,false
3216,,,,,,68375,6487,,124.884167,75.756944,5.54,,0.9,G8III,0.03,0.016,,false
3217,,,,,,68423,250127,,122.102083,-63.801111,6.28,,-0.06,B6Ve,-0.017,0.002,,false
3218,,,,,,68434,235784,,122.39,-56.085556,5.66,,0.21,A3m,-0.007,0.034,,false
3219,,,,,,68450,198898,,122.756667,-37.292222,6.44,,-0.01,O9.5II,-0.012,0.003,,false
3220,,,,,,68456,250131,,122.252917,-61.3025,4.76,,0.43,F5V,-0.158,-0.297,0.055,false
3221,,,,,,68457,14479,,123.960417,60.380556,6.45,,0.2,A7Vm,-0.013,0.007,,false
3222,,,,,,68461,97653,,123.249167,16.514167,6.01,,0.89,G8III,-0.009,-0.019,,false
3223,   Eps Vol,,Eps,,Vol,68520,250128,,121.9825,-68.617222,4.35,,-0.11,B6IV,-0.026,0.025,,false
3224,,,,,,68543,80024,,123.42375,23.137778,6.56,,0.11,A4IVn,-0.036,-0.01,,false
3225,,,,,,68553,198908,NS Pup,122.839583,-39.618611,4.45,,1.62,K3Ib,0.0,-0.004,-0.006,false
3226,,,,,,68601,219569,,122.857917,-42.987222,4.75,,0.18,A5Ib,0.004,0.004,0.004,false
3227,,,,,,68657,219565,,122.79625,-48.461944,5.82,,-0.15,B3V,0.015,-0.004,,false
3228,,,,,,68703,97669,,123.54625,17.675833,6.47,,0.3,A0VnDel Del,-0.005,0.011,,false
3229, 20    Pup,20,,,Pup,68752,153993,,123.333333,-15.788333,4.99,,1.07,G5II,-0.013,-0.004,0.03,false
3230,,,,,,68758,175390,,123.191667,-29.910833,6.52,,0.06,A1V,-0.024,0.031,,false
3231,,,,,,68776,97671,,123.5875,13.048333,6.38,,,G8III,-0.021,-0.018,,false
3232,,,,,,68808,219587,AH Vel,123.0,-46.644167,5.76,,0.59,F7Ib-II,-0.001,0.008,,false
3233,,,,,,68862,198942,,123.214583,-37.924444,6.43,,0.1,A3V,-0.011,-0.002,,false
3234,,,,,,68895,219602,,123.12875,-46.264167,6.03,,-0.11,B5V,0.008,0.012,,false
3235, 29    Lyn,29,,,Lyn,68930,26756,,124.46,59.571111,5.64,,0.16,A7IV,-0.006,0.003,,false
3236,,,,,,68951,6504,,125.167917,72.407222,5.98,,1.54,M0III,0.004,-0.025,,false
3237,,,,,,68980,198957,MX Pup,123.373333,-35.899722,4.78,,-0.11,B1.5IIIe,0.002,-0.002,,false
3238,,,,,,69002,198960,,123.42125,-33.569167,6.37,,1.14,K2III,0.033,0.019,,false
3239,,,,,,69080,198972,,123.545833,-32.140833,6.06,,-0.16,B1.5V,-0.002,0.006,,false
3240,,,,,,69081,198969,OS Pup,123.493333,-36.3225,5.08,,-0.19,B1.5IV,0.01,-0.002,,false
3241,,,,,,69082,198970,,123.495,-36.341111,6.11,,-0.18,B2IV-V,0.01,-0.008,,false
3242,,,,,,69123,198979,,123.555,-35.490556,5.78,,1.02,K1III,-0.055,0.008,,false
3243,,,,,,69142,219635,,123.512083,-40.348056,4.44,,1.17,K1II-III,0.047,-0.068,0.01,false
3244,,,,,,69144,219629,Var,123.400833,-46.991944,5.13,,-0.14,B2.5IV,0.003,-0.004,,false
3245,,,,,,69148,14500,Var,124.822083,62.507222,5.71,,0.89,G8III,-0.013,0.007,,false
3246,,,,,,69149,26760,,124.565833,54.143611,6.27,,1.54,K5,-0.024,-0.038,,false
3247,,,,,,69194,235819,3957,123.392083,-50.196111,5.51,,1.61,M1III,0.009,-0.004,0.007,false
3248,,,,,,69243,97694,R Cnc,124.14125,11.726389,7.13,,1.56,M7IIIe,0.012,-0.01,0.021,false
3249, 17Bet Cnc,17,Bet,,Cnc,69267,116569,3973,124.12875,9.185556,3.52,,1.48,K4IIIBa0.5,-0.044,-0.049,0.012,false
3250,,,,,,69302,219657,,123.599583,-45.834444,5.83,,-0.2,B2IV-V,-0.004,0.008,,false
3251,,,,,,69445,199010,,123.96875,-30.925833,6.21,,0.78,G5-8III+G:,-0.047,-0.005,0.009,false
3252,,,,,,69478,116585,,124.382083,8.866111,6.29,,0.98,G8III,-0.012,-0.013,,false
3253,,,,,,69511,199015,,123.995417,-35.902778,6.16,,1.55,K2III,0.005,0.015,,false
3254, 30    Lyn,30,,,Lyn,69548,26784,,125.10875,57.743333,5.89,,0.39,F4V,0.061,0.014,,false
3255,,,,,,69589,175497,,124.225833,-21.320278,6.6,,0.02,A0,-0.016,0.026,,false
3256,,,,,,69596,235838,,123.847083,-50.449444,6.44,,1.49,K3-4III,-0.012,-0.02,,false
3257, 21    Pup,21,,,Pup,69665,154076,3986,124.34625,-16.285,6.16,,0.01,A2V,-0.02,-0.008,,false
3258,,,,,,69682,26788,,125.12125,53.574444,6.49,,0.28,F0IV,-0.065,-0.092,,false
3259,,,,,,69830,154093,,124.599583,-12.631944,5.98,,0.76,G7.5V,0.267,-0.979,0.082,false
3260,,,,,,69863,250164,,123.81625,-62.915833,5.16,,0.09,A2V,-0.023,-0.022,0.031,false
3261,,,,,,69879,175543,,124.492917,-30.003333,6.45,,1.04,K0III,0.041,0.014,,false
3262, 18Chi Cnc,18,Chi,,Cnc,69897,80104,,125.01625,27.217778,5.14,,0.47,F6V,-0.018,-0.378,0.061,false
3263,,,,,,69976,14522,,125.68375,60.631111,6.41,R,0.97,K0III,0.008,-0.002,0.015,false
3264,,,,,,69994,80112,,125.0875,20.747778,5.83,,1.13,K1III,0.06,-0.047,,false
3265,,,,,,69997,154105,HQ Hya,124.812917,-10.165833,6.32,,0.33,F3IIIpDel Del,-0.041,0.038,,false
3266,,,,,,70002,199061,,124.5725,-35.451667,5.58,,1.24,K2III,0.018,0.002,,false
3267,,,,,,70003,199059,,124.5525,-37.374167,6.7,,0.23,A0IV+G:,-0.022,0.019,0.009,false
3268, 19Lam Cnc,19,Lam,,Cnc,70011,80113,,125.13375,24.022222,5.98,R,-0.03,B9.5V,-0.023,-0.021,,false
3269,,,,,,70013,116630,,124.957917,3.947778,6.05,,0.97,G8III,0.034,-0.03,,false
3270,,,,,,70060,199070,,124.63875,-36.659444,4.45,,0.22,A7III,-0.106,0.097,0.057,false
3271,,,,,,70110,135783,,125.054583,-0.909444,6.18,,0.6,F9V,0.056,-0.094,,false
3272,,,,,,70148,135787,,125.07125,-5.329167,6.13,,1.33,K2III,0.024,-0.027,,false
3273,,,,,,70235,199084,,124.8725,-34.590278,6.43,,-0.08,B9pHgMn,-0.018,0.0,,false
3274,,,,,,70267,235872,,124.4825,-59.166944,6.42,,0.39,F5V,-0.044,-0.032,,false
3275, 31    Lyn,31,,,Lyn,70272,42319,4030,125.70875,43.188056,4.25,,1.55,K4.5III-IIIb,-0.021,-0.096,0.023,false
3276,,,,,,70302,175634,,125.114167,-22.924722,6.13,,1.04,K0,-0.011,0.001,,false
3277,,,,,,70313,26819,,125.952083,53.219722,5.51,,0.11,A3V,-0.026,-0.095,0.03,false
3278,,,,,,70340,135804,,125.334167,-1.602222,6.5,,0.02,A2Vpn:EuSrCr:Si,-0.017,-0.041,0.009,false
3279,,,,,,70442,154150,,125.338333,-20.079167,5.58,,0.77,G2III+A3,-0.001,-0.013,,false
3280,,,,,,70514,250186,,124.57875,-65.613333,5.07,,1.15,K1III,0.027,0.02,0.013,false
3281,,,,,,70523,154159,,125.4775,-17.586389,5.75,,1.05,K1III,-0.096,-0.014,,false
3282,,,,,,70555,199118,,125.345833,-33.054444,4.83,,1.45,K2.5II-III,-0.008,0.004,0.03,false
3283,,,,,,70556,199119,,125.3375,-36.484444,5.2,,-0.19,B2IV-V,-0.005,-0.003,,false
3284, 20    Cnc,20,,,Cnc,70569,97781,,125.840833,18.332222,5.95,,0.17,A9V,-0.054,-0.028,0.011,false
3285,,,,,,70574,135832,,125.625833,-6.179167,6.15,,0.22,A8IV,-0.062,0.003,,false
3286,,,,,,70612,199123,,125.350833,-39.620833,6.16,,0.17,A3V,0.011,0.002,,false
3287,,,,,,70647,42342,,126.178333,42.005,6.02,,1.59,K5III,0.015,0.007,,false
3288,,,,,,70652,135840,,125.725,-7.543333,5.96,,1.67,M1III,-0.023,0.002,,false
3289, 22    Pup,22,,,Pup,70673,154177,4046,125.695,-13.054722,6.11,,1.0,gG7,-0.051,-0.043,,false
3290, 21    Cnc,21,,,Cnc,70734,97788,,125.98,10.631944,6.08,,1.49,M2III,0.004,-0.023,,false
3291,,,,,,70761,175709,,125.707917,-26.348056,5.9,,0.37,F3Ib,-0.007,0.008,-0.009,false
3292,,,,,,70771,60794,,126.270417,35.011389,6.06,,1.27,K0,-0.012,-0.012,,false
3293,,,,,,70839,235917,Var?,125.3,-57.973056,5.97,,-0.09,B1.5III,-0.007,0.009,,false
3294,,,,,,70930,219848,Var?,125.631667,-48.490278,4.82,,-0.15,B1V,-0.013,0.008,,false
3295,,,,,,70937,135882,,126.151667,-4.716944,6.01,,0.46,F2V,0.022,-0.051,,false
3296,,,,,,70946,199166,4056,125.821667,-38.285833,6.32,,1.63,M1III,0.028,-0.003,,false
3297,  1    Hya,1,,,Hya,70958,135877,,126.145833,-3.751111,5.61,,0.46,F3V,-0.21,-0.024,0.057,false
3298,,,,,,70982,250202,,125.282083,-64.106111,6.12,,0.93,G6-8III,-0.004,-0.025,,false
3299, 25    Cnc,25,,,Cnc,71030,97806,,126.457917,17.046111,6.14,,0.41,F6V,-0.192,-0.151,0.035,false
3300,,,,,,71043,235933,,125.73,-52.123889,5.85,,0.01,A0V,-0.01,0.008,,false
3301,   Kap1Vol,,Kap,1,Vol,71046,256497,,124.954167,-71.515,5.37,,-0.06,B9III-IV,-0.013,0.03,,false
3302,   Kap2Vol,,Kap,2,Vol,71066,256499,Var?,125.002917,-71.505278,5.65,,-0.1,A0IVMn,-0.008,0.044,,false
3303,,,,,,71088,14568,,127.4425,67.2975,5.88,,0.97,G8III,-0.066,0.01,,false
3304, 22Phi1Cnc,22,Phi,1,Cnc,71093,80181,,126.615417,27.893611,5.57,,1.4,K5III,-0.033,-0.114,,false
3305,,,,,,71095,116747,,126.397917,2.102222,5.73,,1.53,K5III,-0.02,-0.006,,false
3306,,,,,,71115,116752,,126.478333,7.564444,5.13,,0.94,G7II-IIIFe-1,-0.034,-0.012,0.016,false
3307,   Eps Car,,Eps,,Car,71129,235932,4058,125.628333,-59.509722,1.86,,1.28,K3III+B2:V,-0.026,0.014,,false
3308,,,,,,71141,175777,,126.229583,-23.153611,5.68,,0.06,A2,-0.041,0.042,,false
3309,,,,,,71148,42369,,126.903333,45.653056,6.32,,0.62,G5V,-0.017,-0.35,0.046,false
3310, 23Phi2Cnc,23,Phi,2,Cnc,71150,80187,4078,126.695,26.934444,6.32,H,0.18,A6V,-0.014,0.002,0.01,false
3311, 23Phi2Cnc,23,Phi,2,Cnc,71151,80188,4078,126.695833,26.935278,6.3,H,0.18,A3V,-0.016,-0.003,0.01,false
3312, 24    Cnc,24,,,Cnc,71152,80184,4076,126.665833,24.534167,7.02,,0.32,F0III,-0.041,-0.08,0.021,false
3313, 24    Cnc,24,,,Cnc,71153,80185,4076,126.667083,24.535278,7.81,,0.52,F7V,-0.045,-0.085,0.021,false
3314,,,,,,71155,135896,,126.415,-3.906389,3.9,,-0.02,A0V,-0.066,-0.023,0.026,false
3315,,,,,,71176,175783,,126.265417,-24.046111,5.28,,1.48,K5III+K1III,-0.028,0.026,0.031,false
3316,,,,,,71196,175792,,126.329583,-21.045833,6.01,,0.4,F3V,-0.019,0.061,,false
3317,,,,,,71231,154240,,126.414167,-17.439444,6.44,,,K0,-0.007,-0.005,,false
3318,   Alp Cha,,Alp,,Cha,71243,256496,,124.631667,-76.919722,4.07,,0.39,F5III,0.11,0.108,0.053,false
3319, 27    Cnc,27,,,Cnc,71250,97819,BP Cnc,126.682917,12.654444,5.5,,1.6,M3III,-0.02,-0.104,0.03,false
3320,,,,,,71267,154244,,126.481667,-14.929722,5.98,,0.17,A5m,-0.01,0.04,,false
3321,  2    Hya,2,,,Hya,71297,135916,LM Hya,126.613333,-3.9875,5.59,,0.22,A5III-IV,-0.053,-0.061,0.028,false
3322,,,,,,71302,219890,,126.238333,-42.769444,5.98,,-0.17,B3V,-0.011,0.019,,false
3323,  1Omi UMa,1,Omi,,UMa,71369,14573,4093,127.56625,60.718056,3.36,,0.84,G5III,-0.133,-0.107,0.009,false
3324,,,,,,71377,154257,4085,126.674583,-12.534444,5.54,,1.19,K2III,-0.091,-0.018,,false
3325,,,,,,71433,135931,,126.821667,-6.409722,6.59,,0.51,F4III,-0.04,-0.03,,false
3326,,,,,,71459,219910,,126.46625,-42.153333,5.47,,-0.15,B3V,-0.009,0.003,,false
3327,,,,,,71487,199222,NO Pup,126.573333,-39.059444,6.53,,-0.09,B9V,-0.017,-0.008,0.005,false
3328,,,,,,71488,199224,,126.575833,-39.060278,7.25,,0.08,A2V:,-0.011,0.006,0.005,false
3329, 28    Cnc,28,,,Cnc,71496,80204,CX Cnc,127.153333,24.144722,6.1,,0.24,F0Vn,-0.031,-0.058,,false
3330,,,,,,71510,235962,,126.379167,-51.728056,5.17,,-0.16,B2Ve,-0.041,-0.012,,false
3331,,,,,,71523,175851,,126.711667,-29.215278,6.73,,-0.05,B9.5V,-0.005,0.017,,false
3332,,,,,,71553,14582,,128.2225,69.32,6.31,,1.35,K0,0.03,-0.027,,false
3333, 29    Cnc,29,,,Cnc,71555,97843,,127.155417,14.210833,5.95,,0.19,A5V,-0.014,-0.011,,false
3334,   Eta Vol,,Eta,,Vol,71576,256505,,125.518333,-73.4,5.29,,0.01,A0-1IV-V,-0.034,0.031,0.01,false
3335,,,,,,71581,175870,VV Pyx,126.88875,-20.843889,6.56,,0.04,A2V,0.01,-0.008,,false
3336,,,,,,71622,199246,,126.818333,-31.673056,6.33,,0.9,G8III,-0.016,-0.011,,false
3337,,,,,,71663,135958,LO Hya,127.121667,-2.517222,6.39,,0.33,A5m,-0.005,-0.016,0.015,false
3338,,,,,,71665,135956,,127.082083,-8.816111,6.43,,1.2,K0,-0.001,-0.04,,false
3339,,,,,,71688,175883,,126.972917,-26.1325,6.62,,0.11,A2IV-V,-0.055,-0.002,,false
3340,   The Cha,,The,,Cha,71701,256503,,125.160417,-77.484444,4.35,,1.16,K2IIICN0.5,-0.134,0.042,0.036,false
3341,,,,,,71722,235976,,126.605,-52.8075,6.05,,0.06,A0V,-0.037,-0.003,,false
3342,,,,,,71766,135965,,127.212083,-9.748333,6.0,,0.42,F2III,-0.012,0.008,,false
3343,,,,,,71801,199260,4092,126.997083,-35.113889,5.75,,-0.15,B3V,-0.023,0.002,,false
3344,,,,,,71815,175902,,127.149583,-23.071667,6.51,,0.05,A2,-0.043,-0.022,,false
3345,,,,,,71833,175912,,127.222083,-20.950278,6.67,,-0.06,B8III,-0.012,-0.008,,false
3346,,,,,,71863,250226,,126.465,-64.600833,5.97,,0.96,G8-K0III,-0.012,0.007,,false
3347,   Bet Vol,,Bet,,Vol,71878,250228,4088,126.434167,-66.136944,3.77,,1.13,K1III,-0.036,-0.155,0.042,false
3348,,,,,,71906,60866,,127.832917,37.265833,6.18,,-0.03,A0V,-0.016,0.001,,false
3349,,,,,,71919,236001,,126.864167,-55.011667,6.53,,-0.02,A0V,-0.018,-0.01,,false
3350,,,,,,71935,236002,GU Vel,126.902083,-53.088611,5.09,,0.25,A9-F0III-IV,-0.068,0.013,0.021,false
3351,,,,,,71952,26896,,128.139583,53.114722,6.24,,1.01,K0IV,0.013,-0.077,,false
3352,,,,,,71973,6592,4133,129.202917,74.723611,6.31,,,A2m,-0.017,-0.023,,false
3353,,,,,,71997,175939,4104,127.365,-27.3325,6.7,,-0.13,B4V,0.0,-0.008,,false
3354,  2    UMa,2,,,UMa,72037,14590,,128.650833,65.145,5.47,,0.18,A2m,-0.049,-0.063,0.017,false
3355, 30Ups1Cnc,30,Ups,1,Cnc,72041,80229,,127.877083,24.081111,5.75,,0.28,F0IIIn,-0.082,-0.044,,false
3356,,,,,,72067,219982,4106,127.281667,-44.160556,5.79,,-0.16,B2Vn,-0.003,0.004,,false
3357, 31The Cnc,31,The,,Cnc,72094,97881,4117,127.89875,18.094444,5.35,,1.56,K5III,-0.061,-0.058,,false
3358,,,,,,72108,219985,,127.269583,-47.929167,5.33,,-0.14,B2IV,-0.011,-0.001,,false
3359,,,,,,72127,219996,,127.365,-44.725,4.99,,-0.16,B2IV,0.004,-0.003,0.0,false
3360,,,,,,72184,60890,,128.229167,38.016389,5.9,,1.11,K2III,-0.103,-0.169,0.011,false
3361,,,,,,72208,116863,,127.9775,9.814444,6.83,,-0.07,B9p:Hg:,0.003,-0.007,,false
3362,,,,,,72227,199308,4113,127.619167,-32.159444,5.65,,1.49,K2III,-0.016,-0.005,,false
3363,,,,,,72232,220007,,127.44,-46.331944,5.99,,-0.15,B5III,-0.029,0.002,,false
3364,,,,,,72268,199310,4115,127.623333,-36.721111,6.69,,1.95,M2Iab,-0.019,0.012,,false
3365, 32    Lyn,32,,,Lyn,72291,60896,,128.340833,36.436389,6.24,,0.36,F5Vb vw,-0.143,0.001,0.032,false
3366, 33Eta Cnc,33,Eta,,Cnc,72292,80243,,128.177083,20.441111,5.33,,1.25,K3III,-0.047,-0.043,0.013,false
3367,,,,,,72310,154359,,127.87875,-19.5775,5.42,,-0.06,A0V,-0.033,-0.007,0.003,false
3368,,,,,,72322,236032,,127.40125,-55.191111,6.36,,0.8,G0V,-0.015,-0.015,,false
3369, 32Ups2Cnc,32,Ups,2,Cnc,72324,80245,,128.250417,24.084722,6.36,,1.02,G9III,-0.068,-0.047,0.027,false
3370,,,,,,72337,250235,,126.820417,-70.093333,5.53,,-0.03,A0V,-0.008,0.048,,false
3371,,,,,,72350,220025,,127.663333,-44.737222,6.3,,-0.02,B4IV,-0.013,0.011,,false
3372, 34    Cnc,34,,,Cnc,72359,97902,,128.16625,10.066111,6.46,,-0.02,A1V,0.003,-0.005,,false
3373,,,,,,72436,199329,,127.8525,-39.064167,6.31,,-0.15,B4V,-0.017,0.004,,false
3374,,,,,,72462,154373,,128.13875,-15.029444,6.38,,0.27,F0Vn,-0.05,0.052,,false
3375,,,,,,72485,220039,,127.795,-47.866667,6.39,,-0.15,B2.5V,0.001,0.002,,false
3376,,,,,,72505,97913,,128.437917,13.257222,6.28,,1.17,K0III,-0.029,-0.045,,false
3377, 33    Lyn,33,,,Lyn,72524,60907,,128.6825,36.419444,5.78,,0.04,A2Vnn,-0.031,-0.044,,false
3378,,,,,,72561,116890,,128.43125,4.756667,5.87,,1.07,G5III,-0.005,-0.013,,false
3379,,,,,,72582,6605,,129.9275,73.629722,6.15,,1.02,G7III,-0.015,-0.099,0.015,false
3380,,,,,,72617,116894,,128.555417,8.451944,6.03,,0.33,F3IV,-0.003,-0.031,,false
3381,,,,,,72626,176061,,128.27,-24.606389,6.19,,0.27,A8IV,-0.007,-0.016,0.016,false
3382,,,,,,72650,236055,,127.873333,-54.394167,6.34,,1.31,K3III,0.02,-0.047,,false
3383,,,,,,72660,136044,,128.506667,-2.151667,5.81,,0.0,A1V,-0.032,0.02,,false
3384,,,,,,72673,199352,,128.214583,-31.500833,6.38,,0.79,K0V,-1.11,0.765,0.086,false
3385,,,,,,72688,199353,VX Pyx,128.244167,-34.633889,6.36,,0.95,K0V,-0.01,0.004,,false
3386,,,,,,72737,236062,,128.02,-53.212222,5.69,,0.58,K0III+A3,-0.021,0.007,,false
3387, 35    Cnc,35,,,Cnc,72779,97928,,128.830833,19.59,6.58,,0.68,G0III,-0.036,-0.01,,false
3388,,,,,,72787,199363,Var?,128.332917,-38.371111,6.49,,-0.18,B2.5V,0.0,-0.007,,false
3389,,,,,,72832,199370,4137,128.409583,-38.848889,5.96,,-0.14,B5III,-0.034,0.006,,false
3390,,,,,,72900,220103,,128.376667,-46.971111,6.24,,1.56,K3III,0.011,-0.009,,false
3391,  3Pi 1UMa,3,Pi,1,UMa,72905,14609,,129.79875,65.020833,5.64,,0.62,G1.5Vb,-0.024,0.088,0.073,false
3392,,,,,,72908,116920,,128.85375,2.743611,6.33,,1.02,G9III,-0.006,0.007,,false
3393,,,,,,72922,258496,,126.0825,-80.914167,5.69,,1.02,G8III,-0.149,0.216,,false
3394,,,,,,72943,97950,,129.032083,15.313611,6.32,,,F0IV,0.008,-0.024,,false
3395,,,,,,72945,116929,,128.9625,6.62,5.99,,0.52,F8V,-0.128,-0.143,0.052,false
3396,,,,,,72946,116931,,128.96375,6.6225,7.25,,0.71,G5V,-0.128,-0.143,0.052,false
3397,,,,,,72954,199388,,128.632083,-32.598611,6.43,,0.75,G5IV-V,-0.044,-0.133,,false
3398,  3    Hya,3,,,Hya,72968,136076,HV Hya,128.8675,-7.982222,5.72,,-0.03,A1pSrCrEu,-0.02,0.013,,false
3399,,,,,,72993,199389,4143,128.622083,-37.611389,6.3,,1.56,K5III,-0.007,0.001,,false
3400,,,,,,73017,26935,,129.5925,53.401389,5.66,,0.96,G8IV,-0.078,-0.017,,false
3401,,,,,,73029,14612,,129.7925,59.939444,6.48,,,A2Vn,-0.019,-0.033,,false
3402,,,,,,73072,176131,,128.87,-26.843611,5.96,,0.37,A1V+G-KIII,-0.022,0.014,,false
3403,  4Pi 2UMa,4,Pi,2,UMa,73108,14616,,130.053333,64.327778,4.6,,1.17,K1+IIIb,-0.06,0.023,0.016,false
3404,,,,,,73121,199402,,128.8025,-39.97,6.47,,0.58,G1V,0.087,0.053,,false
3405,,,,,,73131,26940,,129.75,52.925,6.42,R,,K0,-0.022,-0.032,,false
3406, 36    Cnc,36,,,Cnc,73143,116953,,129.274167,9.655556,5.88,,0.09,A3V,-0.029,-0.003,,false
3407,,,,,,73155,220138,,128.681667,-49.944167,5.01,,1.33,K1-2II,-0.012,0.016,0.009,false
3408,,,,,,73171,26946,,129.823333,52.711667,5.91,,1.17,gK1,-0.029,-0.028,,false
3409,,,,,,73192,60939,,129.579167,32.801944,5.94,,1.12,gK2,-0.024,-0.01,,false
3410,  4Del Hya,4,Del,,Hya,73262,116965,,129.414167,5.703611,4.16,,0.0,A1Vnn,-0.066,-0.007,0.033,false
3411,,,,,,73281,136103,,129.362917,-4.933611,6.19,,1.05,K0,-0.006,0.021,,false
3412, 37    Cnc,37,,,Cnc,73316,116975,,129.521667,9.574722,6.53,,-0.02,A1V,-0.039,-0.007,,false
3413,,,,,,73340,236110,HV Vel,128.967083,-50.97,5.8,,-0.13,B8Si,-0.004,-0.004,,false
3414,,,,,,73389,236106,,128.831667,-58.009167,4.86,,1.0,K0III,0.042,0.022,0.017,false
3415,,,,,,73390,236105,,128.814167,-58.225,5.26,,-0.14,B3V+B3Vn,-0.032,0.006,,false
3416,,,,,,73451,136117,,129.584583,-6.6625,6.51,,0.44,A1V+G,0.0,-0.005,,false
3417,,,,,,73468,256524,,128.175833,-73.356667,6.12,,0.95,G8III,-0.038,0.082,,false
3418,  5Sig Hya,5,Sig,,Hya,73471,116988,,129.689167,3.341389,4.44,,1.21,K1+III,-0.018,-0.018,0.035,false
3419,,,,,,73476,199436,,129.37375,-33.745833,6.48,,0.33,F0IV-V,-0.021,-0.046,,false
3420,   Eta Pyx,,Eta,,Pyx,73495,176189,,129.4675,-26.255,5.27,,-0.04,A0V,-0.02,-0.006,0.038,false
3421,,,,,,73524,199438,,129.332917,-40.1475,6.55,,0.6,G4IV-V,-0.308,0.033,0.059,false
3422, 34    Lyn,34,,,Lyn,73593,42490,,130.254583,45.833889,5.37,,0.99,G8IV,0.025,0.092,0.015,false
3423,,,,,,73596,60970,,130.07625,31.941944,6.1,R,,F5III,-0.035,-0.028,,false
3424,,,,,,73599,116997,,129.8525,8.017222,6.45,,1.08,K1III,-0.025,-0.037,,false
3425,,,,,,73603,154492,,129.667917,-19.736944,6.33,,1.59,K5III,0.014,0.006,0.005,false
3426,,,,,,73634,220204,,129.41125,-42.989167,4.14,,0.11,A6II,-0.006,0.008,0.018,false
3427, 39    Cnc,39,,,Cnc,73665,80333,4179,130.026667,20.007778,6.39,,0.98,G8III,-0.036,-0.015,,false
3428,,,,,,73710,98021,,130.092083,19.67,6.44,,1.02,G9III,-0.035,-0.017,,false
3429, 41Eps Cnc,41,Eps,,Cnc,73731,98024,,130.1125,19.545,6.3,,0.17,A8Vn,-0.039,-0.006,,false
3430,,,,,,73752,176226,,129.783333,-22.661944,5.05,,0.73,G6IV,-0.235,0.436,0.063,false
3431,  6    Hya,6,,,Hya,73840,154515,,130.00625,-12.475278,4.98,,1.42,K4III,-0.081,-0.002,0.023,false
3432,,,,,,73887,250288,,129.328333,-62.853611,5.47,,1.02,K0III,-0.008,-0.025,0.02,false
3433,   Zet Pyx,,Zet,,Pyx,73898,176253,4186,129.927083,-29.561111,4.89,,0.9,G4III,-0.02,-0.089,0.021,false
3434,,,,,,73900,199473,,129.842083,-36.606944,6.13,,0.42,F1IV,-0.171,0.04,0.024,false
3435,,,,,,73952,236142,,129.687083,-53.090556,6.47,,-0.1,B8Vn,-0.009,0.013,,false
3436,,,,,,73971,42508,,130.750833,46.901111,6.22,,0.96,G8III,-0.039,-0.045,,false
3437,,,,,,73997,136176,,130.256667,-9.051944,6.63,,-0.02,A1Vn,-0.033,0.002,,false
3438,   Bet Pyx,,Bet,,Pyx,74006,199490,,130.025833,-35.308333,3.97,,0.94,G7Ib-II,0.012,-0.022,0.018,false
3439,,,,,,74067,220252,4193,130.080417,-40.264167,5.2,,-0.01,B9V,-0.044,-0.004,,false
3440,,,,,,74071,236151,HW Vel,129.849167,-53.439722,5.48,,-0.16,B5V,-0.029,0.019,,false
3441,  9    Hya,9,,,Hya,74137,154552,,130.430417,-15.943333,4.88,,1.06,G9.5III,0.001,-0.098,0.032,false
3442,,,,,,74146,236157,4194,129.99,-53.055,5.19,,-0.14,B4IV,-0.022,0.012,,false
3443,,,,,,74148,250291,,129.805,-60.317222,6.36,,0.0,A0V,-0.032,0.026,0.013,false
3444,,,,,,74167,220261,4198,130.147083,-45.191389,5.71,,1.65,M0III,0.013,-0.003,,false
3445,,,,,,74180,220265,4199,130.156667,-46.648889,3.84,,0.71,F3Ia,0.0,0.003,0.031,false
3446,,,,,,74190,154558,,130.540833,-11.966111,6.45,,0.16,A5m,-0.031,-0.022,,false
3447,,,,,,74195,236164,o Vel,130.073333,-52.921944,3.62,,-0.18,B3IV,-0.022,0.019,,false
3448,,,,,,74196,236165,4197,130.0725,-53.015278,5.61,,-0.14,B7Vn,-0.029,0.03,,false
3449, 43Gam Cnc,43,Gam,,Cnc,74198,80378,,130.82125,21.468611,4.66,,0.02,A1IV,-0.106,-0.039,0.016,false
3450, 45    Cnc,45,,,Cnc,74228,98069,,130.80125,12.680833,5.64,,0.39,A3V+G0III,-0.012,0.002,,false
3451,,,,,,74243,61018,,131.042083,36.918056,6.33,R,,F7V,-0.034,-0.094,,false
3452,,,,,,74272,220284,,130.304583,-47.316944,4.77,,0.12,A5II,-0.012,0.007,-0.0,false
3453,,,,,,74273,220282,,130.272083,-48.9225,5.9,,-0.21,B1.5V,-0.005,0.007,,false
3454,  7Eta Hya,7,Eta,,Hya,74280,117050,Eta Hya,130.80625,3.398611,4.3,,-0.2,B3V,-0.019,-0.001,,false
3455,,,,,,74341,236179,,130.181667,-57.545278,6.34,,0.2,A3V,-0.015,0.025,0.022,false
3456,,,,,,74371,220300,,130.487083,-45.410833,5.23,,0.21,B6Iae,-0.003,-0.002,,false
3457,,,,,,74375,236181,V343 Car,130.154167,-59.761111,4.33,,-0.11,B1.5III,-0.001,0.0,,false
3458,,,,,,74393,117069,,130.99875,4.334722,6.37,,-0.06,B9.5III-IV,-0.032,-0.005,,false
3459,,,,,,74395,136221,,130.918333,-7.233611,4.62,,0.84,G1Ib,-0.002,0.003,0.007,false
3460,   The Vol,,The,,Vol,74405,256535,,129.771667,-70.386944,5.2,,0.01,A0V,0.018,-0.04,0.006,false
3461, 47Del Cnc,47,Del,,Cnc,74442,98087,,131.17125,18.154167,3.94,,1.08,K0III-IIIb,-0.018,-0.228,0.025,false
3462,,,,,,74455,220313,HX Vel,130.566667,-48.099167,5.51,,-0.18,B1.5Vn,-0.024,-0.008,,false
3463,,,,,,74475,199535,,130.7375,-35.943333,6.42,,0.02,A0V,0.0,0.018,,false
3464, 46    Cnc,46,,,Cnc,74485,61029,,131.339167,30.697778,6.13,,0.94,G5III,-0.002,-0.006,0.008,false
3465, 49    Cnc,49,,,Cnc,74521,98089,BI Cnc,131.1875,10.081667,5.66,,-0.11,A1pEuCr,-0.016,-0.019,,false
3466,,,,,,74535,236202,KT Vel,130.57875,-53.1,5.52,,-0.15,B8Si,-0.029,0.023,,false
3467,,,,,,74560,236205,HY Vel,130.60625,-53.113889,4.86,,-0.17,B3IV,-0.015,0.022,,false
3468,   Alp Pyx,,Alp,,Pyx,74575,199546,4220,130.897917,-33.186389,3.68,,-0.18,B1.5III,-0.011,0.011,,false
3469, 10    Hya,10,,,Hya,74591,117088,,131.255417,5.680556,6.13,,0.2,A6V,-0.001,-0.005,,false
3470,,,,,,74604,14667,,132.205833,66.708056,6.2,,-0.11,B8V,-0.011,-0.039,,false
3471,,,,,,74622,236206,,130.587083,-55.774167,6.29,,1.18,K2III,-0.072,0.053,,false
3472,,,,,,74688,136243,,131.336667,-2.600833,6.41,,0.52,F2IV,0.005,-0.006,0.005,false
3473,,,,,,74706,176404,,131.23,-21.167778,6.11,,0.22,A5V,-0.02,0.001,,false
3474, 48Iot Cnc,48,Iot,,Cnc,74738,80415,4238,131.666667,28.765278,6.57,,0.04,A3V,-0.018,-0.041,0.017,false
3475, 48Iot Cnc,48,Iot,,Cnc,74739,80416,4238,131.674167,28.76,4.02,,1.01,G7.5IIIaBa0.1,-0.025,-0.042,0.017,false
3476,,,,,,74753,220361,,130.917917,-49.822778,5.16,,-0.2,B0IIIn,0.002,0.004,,false
3477,,,,,,74772,220371,,131.1,-42.649167,4.07,,0.87,G5III,-0.012,0.018,0.051,false
3478,,,,,,74794,136254,,131.510417,-2.048889,5.7,,1.1,gK0,0.043,0.042,,false
3479,,,,,,74824,199573,4232,131.21625,-37.147222,5.76,,-0.15,B2III,-0.008,0.001,,false
3480,,,,,,74860,154615,,131.52875,-11.006389,6.25,,1.61,K5III,-0.018,0.027,,false
3481, 50    Cnc,50,,,Cnc,74873,98117,,131.733333,12.11,5.87,,0.11,A1V,-0.068,-0.052,,false
3482, 11Eps Hya,11,Eps,,Hya,74874,117112,Eps Hya,131.694167,6.418889,3.38,,0.68,G5III,-0.189,-0.051,0.027,false
3483,,,,,,74879,176439,,131.455417,-25.3875,6.1,,0.08,A2V:,-0.029,0.032,,false
3484, 12    Hya,12,,,Hya,74918,154622,,131.59375,-13.547778,4.32,,0.9,G8-IIIFe-1,0.016,-0.011,0.013,false
3485,   Del Vel,,Del,,Vel,74956,236232,,131.175833,-54.708333,1.96,,0.04,A1V,0.023,-0.078,0.051,false
3486,,,,,,74988,136276,,131.8125,-1.897222,5.29,,0.04,A3V,-0.033,0.004,0.02,false
3487,,,,,,75063,220422,,131.507083,-46.041667,3.91,,0.0,A1III,-0.001,0.0,0.003,false
3488,,,,,,75081,220432,,131.599167,-41.125556,6.21,,-0.05,B9Ve,-0.018,-0.001,,false
3489,,,,,,75086,236241,,131.272083,-58.725,6.21,,-0.09,B7III,-0.031,-0.02,0.006,false
3490,,,,,,75112,199607,4251,131.705,-34.622778,6.37,,-0.13,B4V,-0.021,0.007,,false
3491,,,,,,75116,250315,,130.97625,-68.211667,6.32,,1.5,K3III:,0.001,0.027,,false
3492, 13Rho Hya,13,Rho,,Hya,75137,117146,,132.108333,5.837778,4.36,,-0.04,A0Vn,-0.017,-0.034,0.014,false
3493,,,,,,75140,136287,,132.020417,-6.558611,6.09,,1.28,K0,0.012,-0.021,,false
3494,,,,,,75149,220442,,131.6275,-45.912778,5.46,,0.27,B3Ia,0.006,-0.012,,false
3495,,,,,,75171,250317,,131.125,-65.825556,6.05,,0.2,A4V,-0.062,0.101,,false
3496,,,,,,75276,220464,,131.82875,-46.155556,5.75,,0.56,F2Iab,0.003,-0.008,,false
3497,,,,,,75289,220481,,131.91875,-41.737222,6.36,,0.58,G0Ia-0:,0.0,-0.242,0.029,false
3498,,,,,,75311,236268,V344 Car,131.677083,-56.769722,4.49,,-0.17,B3Vne,-0.01,0.008,,false
3499,,,,,,75332,61074,,132.634167,33.285278,6.25,,0.49,F7Vn,-0.067,-0.081,,false
3500, 14    Hya,14,,,Hya,75333,136308,KX Hya,132.340417,-3.443056,5.31,,-0.09,B9pHgMn,-0.02,-0.023,,false
3501,,,,,,75387,220495,,132.036667,-42.463889,6.43,,-0.2,B2IV-V,-0.003,-0.009,,false
3502,   Eta Cha,,Eta,,Cha,75416,256543,,130.33125,-78.963333,5.47,,-0.1,B8V,-0.031,0.026,,false
3503,,,,,,75466,236284,,132.000833,-52.850556,6.3,,-0.1,B8V,-0.026,0.007,,false
3504,,,,,,75469,98162,,132.687917,18.832222,6.16,R,-0.01,A2V s,-0.015,-0.02,,false
3505,  5    UMa,5,,,UMa,75486,14691,,133.344167,61.962222,5.73,,0.28,F2III,-0.01,0.02,,false
3506,,,,,,75487,27026,,133.274583,59.056111,6.25,R,,F5IV-V,0.014,0.003,,false
3507,,,,,,75495,176535,,132.437083,-21.048611,6.47,,0.23,A7Vn,0.006,-0.064,,false
3508, 35    Lyn,35,,,Lyn,75506,42576,,132.986667,43.726667,5.15,,0.98,K0III,-0.015,0.048,0.018,false
3509,,,,,,75523,42580,,133.048333,45.3125,5.99,,1.26,K0III,-0.026,-0.037,,false
3510, 54    Cnc,54,,,Cnc,75528,98168,,132.75625,15.350556,6.38,,0.64,G1V,-0.112,0.075,,false
3511,,,,,,75556,42581,,133.041667,42.0025,5.99,,1.25,K0III,-0.039,-0.071,,false
3512,,,,,,75605,199678,4268,132.464583,-32.780556,5.21,,0.87,G5III,0.002,-0.049,0.028,false
3513,,,,,,75629,176546,,132.509167,-29.463056,5.87,,0.95,G8III,-0.014,0.007,,false
3514,,,,,,75630,220531,,132.413333,-40.320556,5.48,,0.06,A2/3IV,-0.008,-0.014,0.036,false
3515, M 67,M,67,,,,,,,,,,,,,,,true
3516,,,,,,75649,176554,,132.59,-28.618056,6.17,,-0.08,B9V,-0.021,-0.022,,false
3517,,,,,,75654,199682,HZ Vel,132.468333,-39.141667,6.39,,0.23,A5III,-0.058,0.038,,false
3518,   Gam Pyx,,Gam,,Pyx,75691,176559,,132.632917,-27.71,4.01,,1.27,K3-III,-0.13,0.087,0.033,false
3519, 51Sig1Cnc,51,Sig,1,Cnc,75698,61102,,133.144167,32.474167,5.66,,0.22,A8Vma s,-0.003,0.016,,false
3520,,,,,,75710,220540,,132.44875,-45.308056,4.93,,0.05,A2III,-0.01,0.01,0.012,false
3521, 53    Cnc,53,,,Cnc,75716,80476,BO Cnc,133.119167,28.259167,6.23,,1.62,M3III,-0.017,-0.004,0.001,false
3522, 55Rho1Cnc,55,Rho,1,Cnc,75732,80478,,133.149167,28.330833,5.95,,0.87,G8V,-0.484,-0.234,0.074,false
3523, 15    Hya,15,,,Hya,75737,136345,4282,132.89375,-7.177222,5.54,,0.15,A4m,-0.044,0.001,0.011,false
3524,,,,,,75747,256549,RS Cha,130.801667,-79.069722,6.05,,0.23,A5V+A7V,-0.029,0.04,,false
3525,,,,,,75759,220552,,132.5875,-42.09,6.0,,-0.1,B1-2III,-0.011,-0.007,,false
3526,,,,,,75811,117214,,133.100833,5.34,6.33,,0.12,A5V,-0.004,-0.015,,false
3527,,,,,,75821,220561,,132.639583,-46.529167,5.1,,-0.21,B0III,-0.001,-0.002,,false
3528,,,,,,75896,61117,,133.482083,35.538333,6.14,,0.04,A4III,-0.024,-0.017,,false
3529,,,,,,75916,154704,,133.127917,-13.233611,6.13,,1.14,K0,0.025,-0.019,,false
3530,,,,,,75926,220581,,132.86625,-42.504444,6.55,,0.04,A1Vn,-0.022,0.027,,false
3531,  6    UMa,6,,,UMa,75958,14703,,134.15625,64.603889,5.58,,0.86,G7IIIFe-0.5,-0.026,-0.081,,false
3532, 57    Cnc,57,,,Cnc,75959,61125,,133.56125,30.579444,5.39,,1.05,G7III,0.038,-0.019,0.005,false
3533,,,,,,76001,199728,,133.10875,-32.509167,6.5,,1.46,K2/3III,-0.008,-0.006,,false
3534,,,,,,76072,199731,4288,133.160833,-36.545556,6.42,,0.56,G8III+A3-5V,-0.015,-0.017,,false
3535,,,,,,76110,199737,,133.2,-38.724167,5.82,,1.5,M0III,-0.001,0.013,,false
3536,,,,,,76113,236339,,132.9025,-57.633611,5.59,,-0.11,B8III,-0.011,0.014,,false
3537,,,,,,76143,250347,,132.645,-66.793056,5.35,,0.42,F5IV,0.089,0.097,0.031,false
3538,,,,,,76151,136389,,133.574583,-5.434444,6.0,,0.67,G2V,-0.416,0.031,0.085,false
3539,,,,,,76161,220609,,133.160833,-48.359167,5.91,,-0.15,B3Vn,-0.009,-0.006,,false
3540, 58Rho2Cnc,58,Rho,2,Cnc,76219,80511,,133.915417,27.9275,5.22,,1.0,G8II-III,-0.01,-0.03,-0.005,false
3541,,,,,,76221,98230,X Cnc,133.845417,17.231389,6.64,,3.36,C6II,0.001,0.009,0.007,false
3542,,,,,,76230,236362,,133.17,-52.129167,6.39,,0.0,A0V,-0.019,0.005,,false
3543,,,,,,76236,256552,,131.48,-79.504444,5.79,,1.6,K5III,-0.029,0.085,,false
3544,,,,,,76270,256556,,132.459583,-72.550833,6.11,,0.2,Am,-0.001,0.025,,false
3545,,,,,,76291,42612,,134.208333,45.631944,5.74,,1.09,K1IV,-0.126,-0.034,,false
3546,,,,,,76292,42611,,134.127083,40.201667,5.89,,0.35,F3III,-0.083,-0.033,,false
3547, 16Zet Hya,16,Zet,,Hya,76294,117264,,133.848333,5.945556,3.11,,1.0,G9II-III,-0.099,0.014,0.035,false
3548,,,,,,76304,220628,,133.46125,-40.4475,6.47,,0.96,K0II-III+A5,-0.006,0.007,,false
3549,,,,,,76346,236368,,133.265833,-56.649444,6.03,,-0.02,A0V,-0.017,0.033,,false
3550, 60    Cnc,60,,,Cnc,76351,98235,4308,133.981667,11.626111,5.41,,1.46,gK5,-0.01,-0.01,,false
3551,,,,,,76360,220636,,133.46125,-47.520833,5.33,,0.26,A9IV-V,0.006,-0.028,0.019,false
3552, 17    Hya,17,,,Hya,76369,136408,,133.872917,-7.970278,6.91,H,,A7m,-0.001,-0.038,0.004,false
3553, 17    Hya,17,,,Hya,76370,136409,,133.873333,-7.971111,6.67,H,0.22,A2m,0.002,-0.024,0.004,false
3554,,,,,,76376,154745,,133.801667,-18.241389,5.75,,1.32,K2-3III,0.02,0.004,,false
3555, 59Sig2Cnc,59,Sig,2,Cnc,76398,61146,,134.235833,32.910278,5.45,,0.12,A7IV,-0.048,-0.068,0.011,false
3556,   Del Pyx,,Del,,Pyx,76483,176697,,133.88125,-27.681944,4.89,,0.11,A3IV,0.079,-0.102,0.037,false
3557,,,,,,76494,117287,,134.15375,4.236667,6.14,,1.0,G8II-III,-0.02,0.005,,false
3558,,,,,,76508,98245,,134.284167,17.143889,6.17,,1.0,K1III,-0.044,-0.025,,false
3559,,,,,,76512,176711,,133.982917,-23.818333,6.39,,0.16,A7V:n,-0.04,0.038,,false
3560,,,,,,76538,250369,,133.452917,-60.354167,5.78,,-0.08,B5III,-0.007,0.002,,false
3561, 62Omi1Cnc,62,Omi,1,Cnc,76543,98247,,134.312083,15.322778,5.2,,0.15,A5III,0.056,0.017,,false
3562,,,,,,76566,220664,IY Vel,133.830417,-45.041667,6.26,,-0.16,B3IV,0.002,0.008,,false
3563, 61    Cnc,61,,,Cnc,76572,61157,,134.494583,30.233611,6.29,,0.43,F6V,0.055,0.024,,false
3564,,,,,,76579,154773,4321,134.142083,-16.709444,5.96,,1.54,K0,-0.01,-0.047,,false
3565, 63Omi2Cnc,63,Omi,2,Cnc,76582,98250,,134.396667,15.581389,5.67,,0.2,F0IV,0.058,0.029,,false
3566,,,,,,76595,61161,,134.614583,35.8025,6.51,R,-0.01,A2V,0.008,-0.011,,false
3567,,,,,,76629,117301,,134.425,9.387778,6.19,,0.98,G8III,-0.002,-0.007,,false
3568,,,,,,76640,236402,,133.725,-58.24,6.38,,-0.11,B5V,-0.022,0.002,,false
3569,  9Iot UMa,9,Iot,,UMa,76644,42630,4329,134.801667,48.041667,3.14,,0.19,A7IV,-0.444,-0.226,0.075,false
3570,,,,,,76653,236405,,133.799583,-54.965556,5.71,,0.48,F6V,0.037,-0.082,,false
3571,,,,,,76728,250374,,133.761667,-60.644722,3.84,,-0.1,B8-9II,-0.021,0.038,,false
3572, 65Alp Cnc,65,Alp,,Cnc,76756,98267,4327,134.621667,11.857778,4.25,,0.14,A5m,0.034,-0.031,0.024,false
3573,,,,,,76757,117311,,134.534167,1.541667,6.59,,0.06,A2V,-0.04,-0.005,,false
3574,,,,,,76805,236417,,134.080833,-52.723611,4.69,,-0.12,B5V,0.0,0.007,0.02,false
3575, 64Sig3Cnc,64,Sig,3,Cnc,76813,61177,,134.885833,32.418611,5.2,,0.93,G8III,-0.045,-0.035,,false
3576,  8Rho UMa,8,Rho,,UMa,76827,14742,4344,135.63625,67.629722,4.76,,1.53,M3III-IIIbCa1,-0.021,0.019,0.014,false
3577,,,,,,76830,98276,4332,134.795,18.134722,6.38,,1.55,M4III,-0.044,-0.068,-0.002,false
3578,,,,,,76932,154804,,134.682917,-16.132778,5.86,,0.53,F6V,0.246,0.212,0.028,false
3579,,,,,,76943,42642,,135.16,41.782778,3.97,,0.44,F5V,-0.44,-0.246,0.07,false
3580,,,,,,76944,61191,,135.128333,37.604444,6.44,R,,K5,-0.007,0.0,,false
3581,,,,,,76990,1461,,138.838333,84.181111,6.33,,0.3,F2III,0.027,0.015,,false
3582,,,,,,77002,236436,V376 Car,134.243333,-59.229444,4.92,,-0.19,B2IV-V,-0.009,0.007,,false
3583,,,,,,77020,220703,,134.4825,-48.573333,5.87,,1.07,G8-K0II,0.004,-0.004,,false
3584,,,,,,77084,154815,,134.91625,-19.208056,6.18,,0.46,F6V,-0.051,-0.098,,false
3585,,,,,,77087,176789,,134.815417,-28.806111,6.25,,1.0,G8III,-0.061,0.015,,false
3586,,,,,,77093,61203,,135.419167,39.713333,6.36,,0.3,A9Vn,-0.053,-0.079,,false
3587, 66    Cnc,66,,,Cnc,77104,61202,,135.350417,32.2525,5.82,R,0.0,A2V,-0.004,0.003,,false
3588,,,,,,77140,220717,FZ Vel,134.717917,-47.234722,5.18,,0.25,Am,-0.086,0.054,0.013,false
3589, 67    Cnc,67,,,Cnc,77190,80585,,135.45375,27.902778,6.07,,,A8Vn,-0.056,-0.076,,false
3590,,,,,,77250,117351,,135.380833,5.640833,6.07,,1.11,K1II-III+F3IV,-0.028,-0.007,,false
3591,,,,,,77258,220730,4346,135.0225,-41.253889,4.45,,0.65,G8-K1III+A,-0.039,0.045,0.03,false
3592,,,,,,77309,27105,,136.001667,54.283889,5.75,,0.02,A2V,-0.003,0.004,,false
3593,,,,,,77320,220738,IU Vel,135.0925,-43.173333,6.07,,-0.16,B2.5Vn,-0.015,0.019,,false
3594, 12Kap UMa,12,Kap,,UMa,77327,42661,4357,135.90625,47.156667,3.6,,0.0,A1Vn,-0.033,-0.054,0.016,false
3595, 69Nu  Cnc,69,Nu,,Cnc,77350,80595,4356,135.684583,24.452778,5.45,,-0.04,A0pSi,-0.005,-0.006,0.003,false
3596,,,,,,77353,136511,,135.491667,-0.482778,5.67,,1.15,K0III,-0.048,0.069,,false
3597,,,,,,77361,176833,,135.2975,-26.663889,6.2,,1.13,K1IIICNII,0.026,-0.056,,false
3598,,,,,,77370,236475,,134.850417,-59.083611,5.16,,0.42,F3V,-0.174,0.28,0.054,false
3599,,,,,,77445,117369,,135.686667,7.298056,5.85,,1.11,gK3,-0.016,-0.005,,false
3600,,,,,,77475,220760,IZ Vel,135.336667,-41.864444,5.55,,-0.14,B5V,-0.023,0.005,,false
3601, 70    Cnc,70,,,Cnc,77557,80609,,136.04125,27.898333,6.38,R,0.0,A1V,0.001,-0.002,,false
3602,,,,,,77580,199902,,135.526667,-39.4025,6.27,,1.0,K1III-IV,-0.037,0.023,,false
3603,,,,,,77601,42682,,136.350417,48.530278,5.95,,0.45,F6II-III,-0.012,-0.016,,false
3604,,,,,,77615,250417,,135.190417,-60.963889,5.79,,1.21,G8II,-0.006,0.0,,false
3605,,,,,,77653,236518,,135.435833,-52.188333,5.23,,-0.12,B9Si,-0.007,0.018,0.008,false
3606,,,,,,77660,61242,,136.23,32.376944,6.46,,0.24,A8V,-0.043,-0.058,,false
3607,,,,,,77665,176881,,135.786667,-25.504444,6.74,,-0.03,B8,-0.014,-0.006,,false
3608,,,,,,77692,27121,,136.679583,59.344444,6.45,,0.04,A2V,-0.014,-0.01,,false
3609, 11Sig1UMa,11,Sig,1,UMa,77800,14769,,137.098333,66.873333,5.14,,1.51,K5III,-0.018,-0.038,0.011,false
3610,,,,,,77887,250421,,135.285417,-68.683889,5.88,,1.63,M1III,0.012,0.005,,false
3611,,,,,,77907,236542,,135.771667,-53.549722,6.4,,-0.09,B6V,-0.024,0.03,,false
3612,,,,,,77912,61254,,136.6325,38.452222,4.56,,1.04,G7Ib-II,-0.028,-0.014,0.021,false
3613, 18Ome Hya,18,Ome,,Hya,77996,117420,,136.493333,5.092222,4.97,,1.22,K2II-III,-0.018,-0.01,0.011,false
3614,,,,,,78004,220803,,136.03875,-47.097778,3.75,,1.2,K2III,-0.044,-0.013,0.02,false
3615,   Alp Vol,,Alp,,Vol,78045,250422,,135.611667,-66.396111,4.0,,0.14,A2-3IVm,-0.002,-0.096,0.051,false
3616, 13Sig2UMa,13,Sig,2,UMa,78154,14788,4392,137.596667,67.134722,4.8,,0.49,F6IV,-0.02,-0.074,0.056,false
3617,,,,,,78175,80643,,136.862083,22.981111,6.4,,,F4V,-0.168,0.009,0.004,false
3618,,,,,,78196,117432,,136.749583,1.462778,6.17,,1.65,M1III,-0.011,-0.015,,false
3619, 15    UMa,15,,,UMa,78209,27136,,137.217917,51.604722,4.48,,0.27,F0IVm vs,-0.137,-0.03,,false
3620,,,,,,78234,61276,,137.017083,32.540556,6.5,,0.36,F2V,-0.084,-0.017,,false
3621, 72Tau Cnc,72,Tau,,Cnc,78235,80650,,137.000417,29.654167,5.43,,0.89,G8III,-0.032,0.002,,false
3622,,,,,,78293,236578,,136.2,-57.8525,6.44,,0.25,A8III,-0.026,0.025,,false
3623, 76Kap Cnc,76,Kap,,Cnc,78316,98378,Kap Cnc,136.936667,10.668056,5.24,,-0.11,B8IIIpMn,-0.02,-0.01,,false
3624, 14Tau UMa,14,Tau,,UMa,78362,14796,,137.729583,63.513611,4.67,,0.35,F3-4IIIm vs,0.098,-0.056,,false
3625,,,,,,78366,61288,,137.212917,33.882222,5.93,,0.6,F9V,-0.187,-0.114,,false
3626, 75    Cnc,75,,,Cnc,78418,80659,,137.197083,26.629167,5.98,,0.66,G5IV-V,-0.136,-0.368,0.04,false
3627, 77Xi  Cnc,77,Xi,,Cnc,78515,80666,,137.339583,22.045556,5.14,,0.97,G9IIIFe-1CH-0.5,0.001,0.005,,false
3628,   Kap Pyx,,Kap,,Pyx,78541,177002,4389,137.012083,-25.858333,4.58,,1.59,K4III,0.041,0.008,0.013,false
3629,,,,,,78548,236611,,136.641667,-55.803333,6.11,,-0.15,B2IV-V,-0.012,-0.023,,false
3630, 19    Hya,19,,,Hya,78556,136604,,137.175833,-8.589444,5.6,,-0.06,B9.5III,-0.019,-0.002,,false
3631,,,,,,78599,236618,,136.81125,-51.211944,6.73,,1.62,K4III,-0.004,0.0,,false
3632,,,,,,78632,250441,,136.531667,-64.499722,6.37,,1.35,K3III,0.02,0.029,,false
3633,,,,,,78633,6784,,138.513333,71.655833,6.55,,0.96,G8III-IV,-0.028,-0.038,,false
3634,   Lam Vel,,Lam,,Vel,78647,220878,Lam Vel,136.999167,-43.4325,2.21,,1.66,K4.5Ib-II,-0.019,0.013,0.022,false
3635,,,,,,78661,98400,,137.443333,11.564444,6.48,,0.34,F2Vp,-0.045,-0.062,,false
3636,,,,,,78668,154953,,137.297917,-12.357778,5.77,,0.94,G6III,0.019,0.003,,false
3637,,,,,,78676,177022,,137.18125,-26.767778,6.15,,0.17,A4IV,-0.045,0.009,,false
3638,,,,,,78702,154950,,137.267917,-18.328611,5.73,,0.0,A2Vn,-0.052,0.009,,false
3639,,,,,,78712,61306,RS Cnc,137.66125,30.963056,5.95,,1.67,M6IIIase,-0.021,-0.034,,false
3640, 79    Cnc,79,,,Cnc,78715,80674,,137.587083,21.996389,6.01,,0.9,G5III,0.005,0.006,,false
3641, 20    Hya,20,,,Hya,78732,136622,,137.397917,-8.787778,5.46,,1.01,G8II,-0.019,-0.01,,false
3642,,,,,,78764,256583,V345 Car,136.409583,-70.538889,4.71,,-0.15,B2IVe,-0.008,-0.005,,false
3643,,,,,,78791,256582,,136.286667,-72.602778,4.48,,0.61,F9II,-0.013,-0.005,0.024,false
3644,   Eps Pyx,,Eps,,Pyx,78922,200047,,137.485,-30.365278,5.59,,0.19,A4IV-V,0.002,-0.048,,false
3645,,,,,,78935,6792,,138.969167,72.946111,5.96,,0.18,F0III,-0.085,-0.063,0.023,false
3646,,,,,,78955,177066,,137.595833,-23.176667,6.53,,0.0,A1-2V:,-0.029,0.01,,false
3647,,,,,,79025,220910,,137.437917,-49.424722,6.48,,0.17,A9Vn,0.014,-0.041,,false
3648, 16    UMa,16,,,UMa,79028,14819,,138.585833,61.423333,5.13,,0.58,F9V,-0.006,-0.03,0.047,false
3649,,,,,,79066,117487,,137.981667,5.468333,6.35,,0.32,A9IVDel Del,-0.101,-0.025,,false
3650, 81Pi 1Cnc,81,Pi,1,Cnc,79096,98427,,138.073333,14.996111,6.51,,0.73,G9V,-0.522,0.248,0.064,false
3651,,,,,,79108,117492,,138.05375,3.867222,6.14,,-0.01,A0Vp,-0.044,-0.001,,false
3652, 36    Lyn,36,,,Lyn,79158,42759,,138.450833,43.217778,5.32,,-0.14,B8IIIpMn,-0.028,-0.032,,false
3653,,,,,,79181,154989,,137.994583,-19.747778,5.73,,0.98,G9III,-0.057,0.046,,false
3654,,,,,,79186,220928,GX Vel,137.768333,-44.868056,5.0,,0.23,B5Ia,-0.001,0.002,,false
3655, 21    Hya,21,,,Hya,79193,136662,KW Hya,138.108333,-7.109722,6.11,,0.22,A3III:m+A0V:,-0.016,0.019,,false
3656,,,,,,79241,200084,,137.920833,-39.258889,6.0,,-0.11,B6V,-0.01,0.006,,false
3657,,,,,,79248,80702,,138.405417,21.283333,6.48,,0.02,A2V,-0.016,-0.008,,false
3658,,,,,,79275,220937,,137.888333,-46.583889,5.79,,-0.21,B2III/IV,-0.018,0.01,,false
3659,,,,,,79351,236693,V357 Car,137.741667,-58.966944,3.44,,-0.19,B2IV-V,-0.026,0.008,,false
3660, 17    UMa,17,,,UMa,79354,27185,4427,138.957917,56.741389,5.27,,1.56,K5III,-0.016,-0.031,,false
3661,,,,,,79416,220952,KL Vel,138.1275,-43.613611,5.57,,-0.11,B8Vp:Si:,-0.012,0.002,0.005,false
3662, 18    UMa,18,,,UMa,79439,27191,DD UMa,139.047083,54.021944,4.83,,0.19,A5V,0.049,0.061,0.042,false
3663,,,,,,79447,250471,,137.819167,-62.317222,3.97,,-0.18,B3III,-0.043,0.009,,false
3664,,,,,,79452,61361,,138.809583,34.633611,5.97,,0.86,G6III,-0.148,0.053,,false
3665, 22The Hya,22,The,,Hya,79469,117527,4425,138.59125,2.314167,3.88,,-0.06,B9.5V,0.129,-0.31,0.027,false
3666,,,,,,79517,6816,,139.9825,74.016389,6.5,R,,G8III,-0.037,-0.067,,false
3667,,,,,,79523,200119,4423,138.357917,-38.616389,6.31,,0.0,A0V,0.008,-0.012,,false
3668,,,,,,79524,220962,,138.3275,-42.273611,6.29,,1.25,K2III,-0.017,0.054,,false
3669, 82Pi 2Cnc,82,Pi,2,Cnc,79554,98456,,138.8075,14.941389,5.34,,1.32,K1III,-0.044,-0.012,,false
3670,,,,,,79621,220965,,138.39375,-47.338611,5.92,,-0.05,B9Ve,-0.016,0.003,,false
3671, NGC 2808,NG,C 2,8,08,,,,,,,,,,,,,true
3672,,,,,,79694,220972,4428,138.534167,-44.145833,5.85,,-0.12,B5/6IV/V,-0.019,0.014,,false
3673,,,,,,79698,236723,,138.231667,-59.414444,5.54,,0.85,G6II,0.0,0.0,,false
3674,,,,,,79735,220978,,138.602083,-43.2275,5.25,,-0.14,B4V,-0.021,0.01,0.011,false
3675,,,,,,79752,155032,4431,138.85375,-15.024722,6.35,,0.02,A0V,-0.026,-0.014,,false
3676,,,,,,79763,42790,,139.38,46.817222,5.97,,0.04,A1V,0.017,0.014,,false
3677,,,,,,79807,200152,,138.738333,-37.6025,5.86,,0.83,G0V,0.011,-0.013,,false
3678,   Zet Oct,,Zet,,Oct,79837,258515,,134.17125,-85.663056,5.42,,0.31,A8-9IV,-0.117,0.037,,false
3679,,,,,,79846,236749,4429,138.575,-55.569722,5.27,,0.99,G8II-III,-0.035,0.027,0.015,false
3680,,,,,,79900,220998,,138.810833,-45.555556,6.25,,-0.08,B8V,-0.003,-0.01,0.006,false
3681, 23    Hya,23,,,Hya,79910,136725,,139.17375,-6.353056,5.24,,1.17,K2III,0.024,0.006,0.008,false
3682,,,,,,79917,200159,,138.902917,-38.57,4.94,,1.11,K0III,-0.068,-0.013,0.027,false
3683, 24    Hya,24,,,Hya,79931,136728,,139.172083,-8.744722,5.47,,-0.09,B9III,-0.02,0.004,,false
3684,,,,,,79940,200163,,138.937917,-37.413333,4.62,,0.45,F5III,0.026,-0.01,0.064,false
3685,   Bet Car,,Bet,,Car,80007,250495,,138.3,-69.717222,1.68,,0.0,A2IV,-0.162,0.108,0.021,false
3686,,,,,,80024,61387,,139.608333,35.364167,5.75,R,,A8V,-0.041,-0.024,0.005,false
3687,,,,,,80050,155060,,139.28125,-14.573611,5.84,,1.06,gK0,-0.048,0.012,,false
3688,,,,,,80057,221010,4436,139.0175,-44.898611,6.04,,0.28,A1Ib,0.017,0.009,,false
3689,,,,,,80064,98476,,139.464167,11.501111,6.41,,0.07,A2IV,-0.012,-0.003,,false
3690, 38    Lyn,38,,,Lyn,80081,61391,,139.71125,36.8025,3.82,,0.06,A3V,-0.03,-0.122,0.042,false
3691,,,,,,80094,236772,Var?,138.822917,-58.388611,6.02,,-0.1,B7IV,-0.022,-0.006,,false
3692,,,,,,80108,221014,4437,139.09625,-44.265833,5.12,,1.67,K3Ib,0.002,-0.001,0.017,false
3693,,,,,,80126,236777,,138.895833,-57.578056,6.32,,1.04,G8II,0.003,-0.003,,false
3694,,,,,,80170,200185,,139.238333,-39.401389,5.33,,1.17,K5III-IV,-0.009,-0.031,0.027,false
3695,,,,,,80194,256594,,138.05125,-76.663056,6.14,,1.09,K1III,0.031,-0.044,,false
3696,,,,,,80230,236787,4440,139.050833,-57.541389,4.34,,1.63,M1III,-0.014,-0.007,0.025,false
3697,,,,,,80290,27215,,140.1825,51.266111,6.13,,0.42,F3V,-0.035,0.15,0.036,false
3698,,,,,,80390,27219,CG UMa,140.430417,56.699167,5.47,,1.61,M4IIIa,-0.01,-0.008,,false
3699,   Iot Car,,Iot,,Car,80404,236808,4444,139.2725,-59.275278,2.25,,0.18,A8Ib,-0.02,0.008,0.017,false
3700,,,,,,80435,236819,,139.42625,-54.495278,6.33,,1.41,K3III,-0.018,-0.004,,false
3701,,,,,,80441,61411,,140.247083,38.188333,6.12,,0.38,F2V+F4V,-0.044,-0.013,0.018,false
3702,,,,,,80447,155090,,139.890417,-11.314167,6.62,,0.08,A2V s,-0.084,0.036,,false
3703,,,,,,80456,236824,,139.524167,-51.051111,5.26,,-0.07,B7-8III,-0.023,0.008,,false
3704,,,,,,80479,155091,,139.888333,-15.834444,5.78,,1.29,K4III,0.052,-0.046,,false
3705, 40Alp Lyn,40,Alp,,Lyn,80493,61414,4456,140.26375,34.3925,3.13,,1.55,K7IIIab,-0.221,0.019,0.025,false
3706, 26    Hya,26,,,Hya,80499,155096,,139.943333,-11.975,4.79,,0.93,G8III,-0.03,0.015,0.023,false
3707,,,,,,80546,61424,,140.363333,32.901944,6.16,,1.09,K3III,0.011,-0.035,,false
3708,,,,,,80558,236837,4454,139.675833,-51.560556,5.87,,0.54,B6Iae,-0.014,0.0,,false
3709, 27    Hya,27,,,Hya,80586,136768,,140.120833,-9.555833,4.8,,0.93,G8III-IV+F5V,-0.014,-0.029,0.022,false
3710,,,,,,80590,200241,,139.949583,-34.103333,6.39,,-0.1,B8V,-0.01,-0.007,,false
3711,,,,,,80613,98517,,140.314167,15.371111,6.53,,-0.01,A1V,-0.036,-0.015,,false
3712,,,,,,80671,250526,,139.321667,-68.689444,5.39,,0.42,F4V,-0.109,-0.02,0.058,false
3713,,,,,,80710,250529,,139.465417,-67.050833,6.11,,1.26,K2III,-0.003,0.014,,false
3714,,,,,,80719,155114,,140.23125,-15.617778,6.33,,0.46,dF6,0.065,-0.107,,false
3715,,,,,,80773,200258,,140.184167,-31.760556,6.82,,0.0,B9.5V,-0.034,-0.011,,false
3716,,,,,,80774,200257,,140.123333,-37.581389,6.05,,1.39,K3/4III,-0.017,-0.018,,false
3717,,,,,,80781,236851,,139.885833,-55.186667,6.28,,-0.1,B5V,-0.004,0.0,,false
3718,   The Pyx,,The,,Pyx,80874,177322,,140.373333,-25.965556,4.72,,1.63,M1III,-0.011,-0.008,0.01,false
3719,,,,,,80930,6858,,141.965,75.098333,6.29,,0.07,A5V s,-0.014,0.015,,false
3720,,,,,,80951,256599,,139.355833,-74.894444,5.29,,0.02,A1V,-0.015,0.03,,false
3721,,,,,,80950,256600,,139.364167,-74.734722,5.86,,-0.02,A0V,-0.041,0.033,,false
3722,,,,,,80953,14875,,141.434167,63.940833,6.28,,1.46,K2III,-0.008,-0.041,,false
3723,,,,,,80956,80797,,140.8825,25.183056,6.41,,0.82,G5IV,-0.121,0.005,,false
3724,,,,,,81009,136799,KU Hya,140.712083,-9.838889,6.53,,0.22,A5pSrCrEu,-0.027,-0.021,,false
3725,,,,,,81025,27246,,141.232083,51.573889,6.31,,0.75,G2III,0.041,-0.005,,false
3726,,,,,,81034,221103,,140.462083,-42.195,5.58,,1.63,M1III,0.053,-0.06,,false
3727,,,,,,81039,61456,,141.09375,36.586944,6.67,,0.21,F0V,-0.068,-0.024,,false
3728,,,,,,81101,250544,,140.236667,-62.404722,4.81,,0.94,G6III,-0.013,0.002,0.017,false
3729,,,,,,81134,200299,,140.652917,-39.774722,6.54,,1.13,K1III,-0.063,0.074,,false
3730,,,,,,81136,221109,4473,140.6,-46.0475,5.75,,0.92,G6-8III,0.004,0.027,,false
3731,  1Kap Leo,1,Kap,,Leo,81146,80807,4478,141.16375,26.182222,4.46,,1.23,K2III,-0.033,-0.048,-0.003,false
3732,,,,,,81157,236887,,140.458333,-55.515,5.63,,0.19,A3IV s:,-0.065,0.06,,false
3733,   Lam Pyx,,Lam,,Pyx,81169,177374,,140.80125,-28.833889,4.69,,0.92,G8.5IIICN-1.5*,-0.123,0.019,0.038,false
3734,   Kap Vel,,Kap,,Vel,81188,236891,,140.528333,-55.010833,2.5,,-0.18,B2IV-V,-0.008,0.009,0.013,false
3735,,,,,,81309,200320,,140.936667,-37.757222,6.48,,0.18,A1mA5-F0,-0.083,0.017,,false
3736,,,,,,81361,98561,,141.385417,16.585556,6.29,,0.97,gG9,-0.084,-0.025,0.016,false
3737,,,,,,81411,200330,,141.067917,-39.425833,6.06,,0.2,A7V:,0.012,-0.036,,false
3738, 28    Hya,28,,,Hya,81420,136832,,141.35,-5.1175,5.59,,1.52,K5III,-0.012,-0.008,,false
3739,,,,,,81471,236930,,140.997917,-51.737222,6.08,,0.57,A7Iab,0.013,-0.002,,false
3740,,,,,,81502,250561,,140.864167,-60.3025,6.3,,1.48,K1-2II-III,-0.005,-0.004,,false
3741,,,,,,81567,136844,,141.592917,-1.463889,6.01,,1.32,K2IIIb,-0.001,-0.003,,false
3742,,,,,,81613,250563,,141.02375,-61.648889,5.99,,1.06,K0III,0.016,-0.051,,false
3743,,,,,,81688,42876,,142.166667,45.601389,5.41,,0.98,K0III-IV,-0.007,-0.128,,false
3744, 29    Hya,29,,,Hya,81728,136861,,141.810833,-9.223611,6.54,,0.05,A2V,-0.029,0.001,,false
3745,,,,,,81753,177461,4492,141.686667,-28.7875,6.1,,-0.1,B6Ve,-0.027,-0.001,0.005,false
3746,,,,,,81780,221167,,141.61875,-40.501944,6.2,,0.25,A7III,0.025,0.002,,false
3747,,,,,,81790,27271,,142.448333,55.745556,6.45,R,,F3V s,-0.132,-0.033,,false
3748, 30Alp Hya,30,Alp,,Hya,81797,136871,4496,141.896667,-8.658611,1.98,,1.44,K3II-III,-0.014,0.033,0.022,false
3749,,,,,,81799,177469,,141.826667,-22.343889,4.69,,1.14,K2.5III,0.18,-0.161,0.03,false
3750,,,,,,81809,136872,,141.945,-6.071111,5.38,,0.64,G2V,-0.224,-0.074,0.038,false
3751,,,,,,81817,1551,,144.271667,81.326389,4.29,,1.48,K3IIIa,-0.019,-0.014,0.017,false
3752,,,,,,81830,250575,,141.362917,-61.950278,5.77,,0.15,A4V,-0.129,0.061,,false
3753,,,,,,81848,236972,,141.575417,-53.379167,5.11,,-0.11,B6V,-0.008,0.0,,false
3754,  2Ome Leo,2,Ome,,Leo,81858,117717,,142.114583,9.056667,5.41,,0.6,F9V,0.055,-0.004,0.034,false
3755,  3    Leo,3,,,Leo,81873,117718,,142.121667,8.188333,5.71,,1.04,K0III,-0.027,-0.03,,false
3756,,,,,,81919,200392,,141.91,-35.007778,6.65,,0.2,A3,-0.028,-0.031,,false
3757, 23    UMa,23,,,UMa,81937,14908,4506,142.882083,63.061944,3.67,,0.33,F0IV,0.109,0.028,0.041,false
3758,,,,,,81980,136894,,142.259167,-1.256944,6.27,,0.27,F0Vn,-0.073,0.001,0.012,false
3759, 31Tau1Hya,31,Tau,1,Hya,81997,136895,,142.287083,-2.768889,4.6,,0.46,F6V,0.13,-0.015,0.072,false
3760,,,,,,82043,136899,,142.352083,-2.205278,6.14,,0.22,F0III,-0.046,-0.003,,false
3761,,,,,,82068,250583,,141.684167,-64.929722,6.05,,0.15,A3Vn,-0.056,0.063,,false
3762,,,,,,82074,136900,,142.385,-4.247222,6.26,,0.84,G6IV,-0.029,-0.08,,false
3763,,,,,,82077,177521,,142.3025,-20.748611,5.66,,1.6,M1III,-0.017,0.022,,false
3764,  7    LMi,7,,,LMi,82087,61529,,142.68,33.655556,5.85,,1.05,gG8,-0.02,-0.049,,false
3765,   Eps Ant,,Eps,,Ant,82150,200416,,142.31125,-35.951389,4.51,,1.44,K3IIIa,-0.022,0.001,0.005,false
3766,,,,,,82165,200419,,142.317917,-38.403889,6.19,,0.22,A7Vn,-0.085,-0.013,,false
3767,,,,,,82180,177541,,142.457917,-23.345278,6.24,,1.57,K0,-0.002,-0.003,,false
3768, 22    UMa,22,,,UMa,82189,6898,Var,143.723333,72.205556,5.72,,0.48,F7V,0.075,-0.077,,false
3769,  8    LMi,8,,,LMi,82198,61540,4510,142.885,35.103056,5.37,,1.53,M1IIIab,-0.056,-0.102,,false
3770,,,,,,82205,177546,,142.477083,-26.589722,5.48,,1.36,K3III,-0.022,0.002,,false
3771, 24    UMa,24,,,UMa,82210,6897,DK UMa,143.620417,69.830278,4.56,,0.77,G4III-IV,-0.063,0.077,0.042,false
3772,,,,,,82232,155246,,142.594167,-15.577222,5.85,,1.2,gK3,-0.066,-0.063,,false
3773,  4Lam Leo,4,Lam,,Leo,82308,80885,4514,142.93,22.968056,4.31,,1.54,K5III,-0.021,-0.033,0.02,false
3774,,,,,,82327,6900,,144.028333,74.317778,6.46,,-0.1,B9V,-0.016,-0.07,,false
3775, 25The UMa,25,The,,UMa,82328,27289,4519,143.214167,51.677222,3.17,,0.46,F6IV,-0.954,-0.531,0.052,false
3776,,,,,,82347,250590,,142.195833,-62.273056,5.92,,1.1,K1III,-0.076,0.031,,false
3777,,,,,,82350,256623,,141.776667,-71.602222,5.47,,1.08,K2III,-0.102,0.075,0.036,false
3778,,,,,,82380,42914,,143.28,49.438611,6.76,,,A4V,-0.024,0.009,,false
3779,  6    Leo,6,,,Leo,82381,117751,,142.99,9.715833,5.07,,1.37,K2.5IIIbFe-0.5,-0.003,-0.013,,false
3780,   Zet1Ant,,Zet,1,Ant,82383,200444,,142.689167,-31.891389,7.0,,0.09,A2V,-0.013,-0.026,0.001,false
3781,   Zet1Ant,,Zet,1,Ant,82384,200445,,142.692083,-31.889444,6.18,,0.03,A0V,0.028,-0.028,0.001,false
3782,  5Xi  Leo,5,Xi,,Leo,82395,98627,4518,142.98625,11.299722,4.97,,1.05,K0-III-IIIb,-0.094,-0.082,0.028,false
3783,,,,,,82406,250591,,142.1275,-66.701944,5.91,,0.01,A0V,-0.033,0.047,,false
3784,,,,,,82419,237042,,142.521667,-51.517222,5.45,,-0.1,B8V,-0.004,0.009,,false
3785,,,,,,82428,155257,,142.912083,-10.552222,6.14,,0.24,F0Vn,0.014,-0.02,,false
3786,   Psi Vel,,Psi,,Vel,82434,221234,4513,142.675,-40.466667,3.6,,0.36,F3IV+F0IV,-0.182,0.073,0.065,false
3787, 32Tau2Hya,32,Tau,2,Hya,82446,136932,,142.995417,-1.185,4.57,,0.1,A3V,-0.012,-0.011,0.027,false
3788,,,,,,82477,155262,,142.9825,-10.370556,6.13,,1.19,K0,-0.086,0.01,,false
3789,   Zet2Ant,,Zet,2,Ant,82513,200459,,142.884167,-31.871944,5.93,,0.26,A9IV,-0.039,0.001,,false
3790,,,,,,82514,200462,,142.887083,-35.715,5.87,,1.29,K4III,0.143,-0.177,-0.004,false
3791,  9    LMi,9,,,LMi,82522,61561,,143.37625,36.486944,6.18,,1.27,gK4,0.031,-0.035,,false
3792,,,,,,82523,80900,,143.32625,28.368056,6.53,,0.12,A3Vnn,-0.044,-0.034,,false
3793,,,,,,82536,237056,4516,142.5975,-58.361667,5.88,,1.7,M2III,-0.031,0.028,,false
3794,,,,,,82543,117757,,143.1725,1.864167,6.11,,0.62,F7IV-V,-0.02,-0.038,,false
3795,   Iot Cha,,Iot,,Cha,82554,258530,,141.037917,-80.786944,5.36,,0.45,F3-5IV,-0.146,0.14,,false
3796,,,,,,82573,155273,,143.085,-19.400278,5.74,,0.14,A5V,-0.036,0.01,,false
3797,,,,,,82582,42924,,143.581667,46.902222,6.52,,0.22,F0V,-0.062,-0.008,,false
3798,,,,,,82610,177619,S Ant,143.077083,-28.628056,6.46,,0.33,A9V,-0.072,0.039,,false
3799, 26    UMa,26,,,UMa,82621,27298,,143.70625,52.051389,4.5,,0.01,A2V,-0.065,-0.035,0.025,false
3800, 10    LMi,10,,,LMi,82635,61570,SU LMi,143.555833,36.3975,4.55,,0.92,G8.5III,0.006,-0.022,,false
3801,,,,,,82638,136945,,143.25875,-8.505278,6.12,,0.98,K0,-0.02,-0.034,,false
3802,,,,,,82660,155281,,143.2325,-13.516944,5.94,,1.5,K5III,-0.008,0.003,,false
3803,,,,,,82668,237067,N Vel,142.805417,-57.034444,3.13,,1.55,K5III,-0.032,0.004,0.022,false
3804,,,,,,82670,80909,,143.49625,23.453889,6.25,,1.46,gK7,-0.052,-0.087,,false
3805,,,,,,82674,136951,,143.33375,-7.19,6.24,,1.17,K0,-0.033,-0.012,,false
3806,,,,,,82685,6915,,144.484167,73.080556,6.42,R,,F2V+F1V,-0.041,-0.026,0.017,false
3807,,,,,,82694,221262,,143.080417,-40.649444,5.35,,0.9,G8III,0.011,-0.012,0.024,false
3808,,,,,,82734,177642,,143.302083,-21.115833,5.01,,1.02,K0IV,-0.02,0.015,0.052,false
3809,,,,,,82741,61578,,143.765833,39.621389,4.81,,0.99,G9.5IIIFe-1,-0.03,0.022,,false
3810,,,,,,82747,177649,,143.359167,-22.863889,5.91,,0.02,A0Vn,-0.049,0.06,,false
3811,,,,,,82780,42931,,143.843333,39.963333,6.76,,0.35,F2V,-0.016,0.012,,false
3812,,,,,,82785,200492,,143.2825,-39.128889,6.43,,0.33,F0IV,-0.029,0.049,,false
3813,,,,,,82858,250611,,142.887083,-66.719444,6.27,,1.35,K1III,-0.027,-0.006,,false
3814, 33    Hya,33,,,Hya,82870,136964,,143.63625,-5.915,5.56,,1.16,K1III,0.011,-0.059,,false
3815, 11    LMi,11,,,LMi,82885,61586,SV LMi,143.915,35.810278,5.41,,0.77,G8V,-0.706,-0.241,0.109,false
3816,,,,,,82901,250614,R Car,143.060833,-62.788889,6.1,,1.43,M6-7IIIep,-0.036,0.02,,false
3817,,,,,,82984,221288,,143.435417,-49.005,5.12,,-0.12,B4IV,-0.016,0.01,0.015,false
3818,  7    Leo,7,,,Leo,83023,98662,,143.970417,14.379722,6.36,,0.01,A1V,-0.038,0.0,0.006,false
3819,,,,,,83058,237107,,143.536667,-51.255278,5.01,,-0.18,B1.5IV,-0.003,0.004,,false
3820,,,,,,83069,61594,4545,144.17875,31.161667,5.56,,1.59,M2IIIa,0.003,-0.039,,false
3821,,,,,,83095,256634,,142.90125,-73.080833,5.47,,1.56,K4III,-0.027,0.001,,false
3822,,,,,,83104,155323,,143.890417,-19.583611,6.31,,0.06,A2V,-0.038,-0.046,,false
3823,,,,,,83108,200531,,143.799167,-35.823889,6.49,,0.42,F7III-IV,-0.072,-0.002,,false
3824,,,,,,83126,14949,,144.86625,67.272222,5.94,,1.52,K5,-0.026,-0.04,,false
3825,,,,,,83183,237117,,143.61125,-59.229444,4.08,,0.01,B5II,-0.012,0.014,,false
3826,  8    Leo,8,,,Leo,83189,98673,,144.260833,16.437778,5.69,,1.25,gK1,-0.014,-0.006,,false
3827, 10    Leo,10,,,Leo,83240,117807,4551,144.302917,6.835833,5.0,,1.05,K1III,-0.06,0.001,0.019,false
3828,,,,,,83261,177738,,144.140417,-24.702778,6.53,,0.38,F2,-0.119,0.06,,false
3829, 42    Lyn,42,,,Lyn,83287,42958,,144.590417,40.239722,5.25,,0.22,F0V,-0.017,0.006,,false
3830,,,,,,83332,177748,,144.250833,-25.296667,5.7,,1.12,gK1,-0.062,0.043,,false
3831,,,,,,83368,221339,IM Vel,144.105417,-48.751389,6.17,,0.27,ApSrEuCr,-0.011,-0.024,0.021,false
3832, 34    Hya,34,,,Hya,83373,137011,,144.464583,-9.424444,6.4,,-0.04,A1V,-0.062,0.002,,false
3833,,,,,,83380,200561,,144.29125,-32.178611,5.63,,1.02,K0III,0.034,-0.02,,false
3834,,,,,,83425,117821,,144.61375,4.649167,4.68,,1.32,K3III,-0.163,-0.051,0.011,false
3835,,,,,,83441,200573,,144.367917,-36.095833,5.98,,1.12,K2III,-0.035,-0.001,,false
3836,,,,,,83446,221344,,144.206667,-49.355278,4.35,,0.17,A5IV-V,-0.125,0.025,0.019,false
3837,,,,,,83465,237144,,144.192917,-52.944167,6.19,,1.05,K0III,-0.12,0.081,,false
3838,,,,,,83489,14966,,145.561667,69.2375,5.69,,1.14,gG9,-0.067,-0.07,,false
3839, 27    UMa,27,,,UMa,83506,6936,,145.738333,72.2525,5.17,,1.04,K0III,-0.026,-0.03,,false
3840,,,,,,83520,237149,,144.30125,-53.668611,5.45,,0.15,A2-3V,-0.054,-0.017,,false
3841,,,,,,83523,250636,,144.02125,-64.950556,6.56,,0.1,A2V,-0.04,0.036,,false
3842,,,,,,83548,221355,,144.50625,-43.191111,5.5,,1.0,G8II,0.032,-0.037,0.02,false
3843,,,,,,83550,6948,,146.378333,78.134722,6.23,,1.35,K2III,0.004,0.003,,false
3844,,,,,,83610,200590,,144.669583,-39.614167,6.7,,0.49,F5,-0.044,-0.062,,false
3845, 35Iot Hya,35,Iot,,Hya,83618,137035,4568,144.964167,-1.142778,3.91,,1.32,K2.5III-IIIbBa0.3,0.049,-0.064,0.026,false
3846, 37    Hya,37,,,Hya,83650,155377,,144.9475,-10.570278,6.31,,-0.03,A0Vn,-0.024,0.005,,false
3847,,,,,,83727,6956,,146.825,79.136667,6.17,,0.25,F0V:,-0.031,-0.021,,false
3848,,,,,,83731,155387,,145.08375,-10.769167,6.37,,0.08,A2V,-0.004,-0.001,,false
3849, 38Kap Hya,38,Kap,,Hya,83754,155388,4576,145.076667,-14.332222,5.06,,-0.15,B5V,-0.027,-0.02,,false
3850,,,,,,83787,61633,DR Leo,145.396667,31.278056,5.89,,1.6,K6III,0.03,-0.001,,false
3851, 43    Lyn,43,,,Lyn,83805,61636,,145.50125,39.757778,5.62,,0.95,G8III,-0.05,-0.045,0.018,false
3852, 14Omi Leo,14,Omi,,Leo,83808,98709,,145.2875,9.892222,3.52,,0.49,F6II+A1-5V,-0.142,-0.037,0.034,false
3853, 13    Leo,13,,,Leo,83821,80970,,145.410417,25.912778,6.24,,1.25,gK2,-0.014,-0.033,0.013,false
3854,,,,,,83869,42990,,145.679583,48.431111,6.39,,-0.01,A1V,-0.03,-0.017,,false
3855,,,,,,83886,27359,,145.779167,54.363611,6.47,,0.13,A5m,-0.035,-0.034,,false
3856,,,,,,83944,250653,4577,144.8375,-61.328056,4.52,,-0.07,B9IV-V,-0.041,0.021,,false
3857, 13    LMi,13,,,LMi,83951,61648,,145.677917,35.093333,6.14,,0.36,F3V,-0.021,-0.052,,false
3858,,,,,,83953,177840,,145.320833,-23.591667,4.77,,-0.12,B6Ve,-0.028,-0.004,,false
3859,,,,,,83962,14976,,146.152917,64.983889,6.17,R,,F3Vn,-0.049,0.012,,false
3860,   Zet Cha,,Zet,,Cha,83979,258538,Zet Cha,143.471667,-80.941389,5.11,,-0.14,B5V,-0.043,0.007,,false
3861, 15    Leo,15,,,Leo,84107,61656,,145.88875,29.974444,5.64,,0.12,A2IV,-0.018,-0.1,,false
3862,,,,,,84117,177866,,145.56,-23.915556,4.94,,0.53,F9IV,-0.395,0.26,0.08,false
3863,,,,,,84121,237221,,145.177083,-57.983611,5.32,,0.2,A3IV,-0.034,0.006,0.031,false
3864,,,,,,84152,237224,,145.259167,-57.259722,5.8,,1.09,K0-1III,0.081,-0.043,,false
3865, 28    UMa,28,,,UMa,84179,14980,,146.480833,63.653333,6.34,,0.31,F2V,-0.012,-0.043,,false
3866, 16Psi Leo,16,Psi,,Leo,84194,98733,4594,145.932917,14.021667,5.35,,1.63,M2IIIab,0.004,-0.003,,false
3867,,,,,,84224,200652,,145.6725,-35.501667,6.41,,-0.06,ApSi,-0.014,0.007,,false
3868,,,,,,84228,237237,,145.449167,-55.214167,6.0,,-0.13,B4V,-0.018,-0.004,,false
3869,,,,,,84252,98742,,146.125,18.863611,6.5,R,,K0,-0.007,-0.054,,false
3870,,,,,,84335,27377,CS UMa,146.632083,57.128056,5.2,,1.62,M3IIIab,0.004,0.034,,false
3871,   The Ant,,The,,Ant,84367,177908,,146.050417,-27.769444,4.79,,0.51,A8V+F7II-III,-0.047,0.035,0.053,false
3872,,,,,,84400,237260,IP Vel,145.864583,-51.228333,6.15,,-0.1,B6V,-0.024,-0.004,,false
3873, 17Eps Leo,17,Eps,,Leo,84441,81004,4613,146.462917,23.774167,2.98,,0.8,G1II,-0.046,-0.011,0.01,false
3874,,,,,,84447,200681,,146.065833,-39.571111,6.82,,0.3,F2-3V,-0.029,0.008,,false
3875,,,,,,84461,237268,,145.925833,-53.891667,5.56,,-0.04,A0IV,-0.068,0.022,,false
3876,,,,,,84542,117898,,146.541667,6.708611,5.79,,1.64,M1.5IIIab,0.004,-0.022,,false
3877, 18    Leo,18,,,Leo,84561,98755,,146.597083,11.81,5.63,,1.49,gK4,-0.017,0.015,,false
3878,,,,,,84567,177939,,146.340833,-30.202778,6.45,,-0.13,B0.5IIIn,-0.032,0.001,,false
3879,,,,,,84607,117901,,146.598333,1.785556,5.65,,0.34,F4IV,-0.056,-0.041,,false
3880, 19    Leo,19,,,Leo,84722,98767,,146.857917,11.568333,6.45,,0.43,A7Vn,-0.053,0.005,,false
3881,,,,,,84737,43046,,147.1475,46.021111,5.09,,0.62,G0.5Va,0.224,-0.092,0.073,false
3882,,,,,,84748,98769,R Leo,146.889583,11.428889,6.02,,1.3,M8IIIe,0.002,-0.042,0.02,false
3883,,,,,,84809,237314,4623,146.41875,-57.185556,6.46,,-0.11,B8III-IV,-0.031,0.017,,false
3884,,,,,,84810,250683,l Car,146.311667,-62.507778,3.69,,1.22,G5Iab-Ib,-0.014,0.007,0.027,false
3885,,,,,,84812,15000,,147.59875,65.593333,6.31,,0.28,A9Vn,-0.052,-0.029,,false
3886,,,,,,84816,221484,Var?,146.626667,-44.755,5.55,,-0.18,B2.5IV,-0.008,0.002,,false
3887,,,,,,84850,237321,,146.480833,-58.794167,6.22,,0.46,F5IV,-0.123,0.059,,false
3888, 29Ups UMa,29,Ups,,UMa,84999,27401,Ups UMa,147.7475,59.038611,3.8,,0.29,F2IV,-0.293,-0.151,0.041,false
3889, 20    Leo,20,,,Leo,85040,81035,DG Leo,147.45875,21.179444,6.09,,0.25,A7IVn,-0.043,-0.012,,false
3890,   Ups Car,,Ups,,Car,85123,250695,,146.775417,-65.071944,3.01,,0.28,A6Ib,-0.012,0.011,0.027,false
3891,   Ups Car,,Ups,,Car,85124,250696,,146.777917,-65.0725,6.26,,0.08,B7III,-0.011,0.023,0.027,false
3892,,,,,,85206,200777,,147.367083,-37.186389,5.97,,1.24,K1III,-0.084,0.023,,false
3893,  4    Sex,4,,,Sex,85217,117937,,147.625417,4.343611,6.24,,0.48,F7Vn,-0.147,-0.055,,false
3894, 30Phi UMa,30,Phi,,UMa,85235,27408,,148.026667,54.064444,4.59,,0.03,A3IV,-0.004,0.021,0.032,false
3895,,,,,,85250,237370,,147.166667,-56.411944,6.06,,0.94,K0III,-0.056,0.014,,false
3896, 23    Leo,23,,,Leo,85268,98809,,147.758333,13.066111,6.46,,1.58,M0III,0.028,-0.008,,false
3897,,,,,,85296,200784,,147.46375,-36.268611,6.37,,1.01,K0III,-0.022,0.002,,false
3898,,,,,,85355,221523,,147.487917,-45.732778,5.08,,-0.1,B7III,-0.026,0.004,,false
3899,  6    Sex,6,,,Sex,85364,137183,,147.808333,-4.243333,6.01,,0.17,A8III,0.013,-0.028,,false
3900, 22    Leo,22,,,Leo,85376,81054,,147.970833,24.395278,5.32,,0.23,A5IV,0.006,-0.179,0.04,false
3901,,,,,,85380,137185,,147.84,-6.181667,6.42,,0.58,F8V,-0.125,0.06,,false
3902,   Nu  Cha,,Nu,,Cha,85396,256658,,146.585833,-76.776111,5.45,,0.89,G8III,0.079,-0.056,0.019,false
3903, 39Ups1Hya,39,Ups,1,Hya,85444,155542,,147.869583,-14.846667,4.12,,0.92,G7-III,0.017,-0.026,0.021,false
3904,,,,,,85483,221538,,147.675,-46.934444,5.73,,1.08,K0IIICNIb,-0.034,0.016,,false
3905, 24Mu  Leo,24,Mu,,Leo,85503,81064,,148.190833,26.006944,3.88,,1.22,K2IIICN1Ca1,-0.216,-0.056,0.025,false
3906,  7    Sex,7,,,Sex,85504,117959,4656,148.050833,2.454167,6.02,,-0.04,A0V s,-0.181,0.092,0.011,false
3907,,,,,,85505,117960,,148.05,0.075556,6.35,,0.94,G9III,-0.022,-0.032,,false
3908,,,,,,85519,155553,,147.998333,-16.534722,6.08,,1.04,K0,0.026,-0.067,,false
3909,  8Gam Sex,8,Gam,,Sex,85558,137199,,148.126667,-8.105,5.05,,0.04,A1V,-0.055,-0.04,0.013,false
3910,,,,,,85563,221547,,147.8325,-46.193889,5.62,,1.17,K2III,-0.043,0.033,,false
3911,,,,,,85583,15023,,148.764167,61.116111,6.27,,1.05,K0,0.009,-0.002,,false
3912,,,,,,85622,221553,4658,147.92,-46.547778,4.58,,1.2,G5Ib,-0.008,-0.001,0.007,false
3913,,,,,,85655,237418,,147.800417,-59.425833,5.79,,1.36,K2IVCNIV-Vp,0.035,-0.045,,false
3914,,,,,,85656,250721,,147.732083,-62.745278,5.57,,1.32,K1IIICNII,-0.007,0.007,,false
3915,,,,,,85709,117975,,148.42875,5.958333,5.95,,1.66,M2III,-0.008,-0.006,,false
3916,,,,,,85725,178130,,148.241667,-27.332222,6.3,,0.62,G1V,-0.284,0.093,0.015,false
3917, 31    UMa,31,,,UMa,85795,27430,SY UMa,148.929167,49.82,5.27,,0.07,A3III,-0.003,0.022,0.025,false
3918,,,,,,85841,7009,,149.595,72.879444,5.83,,1.14,gK3,-0.076,-0.035,,false
3919,,,,,,85859,178158,,148.55125,-25.9325,4.88,,1.23,K2+III-IIIb,-0.18,0.054,0.031,false
3920,,,,,,85871,237448,4668,148.25,-55.373333,6.48,,-0.14,B1IV,-0.018,0.001,,false
3921,,,,,,85905,178164,,148.632083,-22.488333,6.24,,0.04,A2,-0.038,-0.031,,false
3922,,,,,,85945,27438,,149.306667,57.418333,5.93,,0.89,G5III,0.032,-0.059,0.007,false
3923,,,,,,85951,155588,,148.7175,-19.009444,4.94,,1.57,M1III,-0.047,-0.037,0.011,false
3924,,,,,,85953,237464,Var?,148.459167,-51.146944,5.93,,-0.15,B2III,-0.005,-0.01,,false
3925,,,,,,85980,221592,,148.573333,-45.283889,5.71,,-0.11,B3V,-0.02,-0.008,,false
3926,,,,,,86080,118001,,149.108333,8.933056,5.85,,1.13,gK2,-0.085,0.018,0.011,false
3927,,,,,,86087,237483,,148.71375,-50.243889,5.72,,-0.01,A0V,-0.029,0.012,,false
3928, 19    LMi,19,,,LMi,86146,43115,,149.42125,41.055556,5.14,,0.46,F6V s,-0.117,-0.025,0.04,false
3929,,,,,,86166,43117,,149.487083,45.414444,6.3,,1.11,K0III,0.011,-0.03,,false
3930,,,,,,86211,221617,,149.0225,-40.824722,6.41,,1.61,M1III,-0.018,-0.022,,false
3931,,,,,,86266,178214,,149.19375,-26.550278,6.28,,0.22,A4V,-0.114,0.006,,false
3932,,,,,,86267,200889,,149.147917,-33.418611,5.84,,1.2,K1III,0.038,0.016,,false
3933,,,,,,86301,178216,,149.225,-27.475,6.32,,0.17,A4V,-0.081,0.029,,false
3934,,,,,,86321,1637,Var,152.142917,83.918333,6.37,,1.52,K0,-0.004,0.007,,false
3935,,,,,,86352,237514,,149.09125,-51.336111,6.37,,-0.17,B2IV-V,-0.004,-0.007,,false
3936,,,,,,86358,81120,,149.60875,27.758889,6.3,R,,F3V,-0.117,-0.034,,false
3937, 27Nu  Leo,27,Nu,,Leo,86360,98876,,149.555833,12.444722,5.26,,-0.04,B9IV,-0.025,-0.015,0.018,false
3938,,,,,,86369,118023,,149.531667,8.314167,6.04,,1.36,gK3,0.011,-0.024,,false
3939,,,,,,86378,27464,,149.965417,56.811944,5.48,,1.46,K5III,-0.029,-0.026,,false
3940,   Phi Vel,,Phi,,Vel,86440,237522,,149.215833,-54.567778,3.54,,-0.08,B5Ib,-0.01,0.003,,false
3941,,,,,,86466,237526,IV Vel,149.295417,-52.638889,6.12,,-0.13,B3IV,-0.01,-0.002,,false
3942,,,,,,86513,81129,,149.900833,29.645278,5.73,,1.06,gG9,-0.095,-0.039,,false
3943,,,,,,86523,221644,,149.427083,-48.414444,6.05,,-0.14,B3V,-0.016,-0.015,,false
3944,,,,,,86606,256672,,149.040417,-71.389444,6.35,,-0.08,B9Ib,-0.02,-0.002,,false
3945, 12    Sex,12,,,Sex,86611,118041,4694,149.929583,3.384722,6.7,,0.27,F0V,-0.066,0.022,,false
3946,,,,,,86612,178271,Var?,149.775417,-23.950278,6.21,,-0.1,B4Ve,-0.049,0.023,,false
3947,   Eta Ant,,Eta,,Ant,86629,200926,,149.717917,-35.891111,5.23,,0.31,F1III-IV,-0.087,-0.02,0.029,false
3948,,,,,,86634,250760,,149.313333,-64.489444,6.58,,1.13,K0-1III,-0.13,0.084,,false
3949,,,,,,86659,250761,,149.24875,-69.101944,6.2,,-0.1,B3V,-0.027,0.0,,false
3950, 29Pi  Leo,29,Pi,,Leo,86663,118044,4699,150.053333,8.044167,4.7,,1.6,M2-IIIab,-0.03,-0.023,0.017,false
3951, 20    LMi,20,,,LMi,86728,61808,,150.252917,31.923611,5.36,,0.66,G3VaHdel 1,-0.528,-0.428,0.053,false
3952,,,,,,87015,81154,,150.70375,21.949167,5.66,,-0.19,B2.5IV,-0.017,-0.006,,false
3953,,,,,,87030,237586,,150.143333,-56.946667,6.52,,0.98,K0III,-0.064,0.008,,false
3954,,,,,,87141,27503,,151.15125,53.891667,5.74,,0.48,F5V,-0.022,-0.002,,false
3955,,,,,,87152,237612,Var?,150.41875,-53.364444,6.2,,-0.13,B2.5V,-0.036,-0.017,,false
3956,,,,,,87199,200994,,150.705417,-30.5775,6.54,,1.19,K1III,-0.014,0.03,,false
3957,,,,,,87238,237621,,150.491667,-57.349722,6.2,,1.12,K1II,-0.041,0.027,,false
3958,,,,,,87243,27512,,151.29375,52.370833,6.14,R,,A5IV,-0.004,-0.02,,false
3959,,,,,,87262,137326,,150.920833,-9.573889,6.12,,1.66,K0,0.005,-0.011,,false
3960,,,,,,87283,250782,,150.5,-60.420833,5.94,,0.26,A9IV,-0.019,0.006,,false
3961, 13    Sex,13,,,Sex,87301,118086,,151.035,3.201111,6.45,,0.4,F4V,-0.075,-0.097,,false
3962,,,,,,87318,178357,,150.9225,-25.316667,6.7,,0.0,A0III-IV,-0.039,0.009,,false
3963,,,,,,87344,155704,,151.012083,-18.101667,5.86,,-0.06,A0V,-0.01,-0.002,,false
3964,,,,,,87363,221728,,150.835417,-46.636111,6.12,,0.02,A0V,-0.029,-0.01,,false
3965,,,,,,87427,178367,,151.0875,-24.285556,5.7,,0.3,A8V,-0.114,0.023,,false
3966,,,,,,87436,237640,,150.749583,-60.178611,6.19,,0.17,A6II-III,-0.013,0.005,,false
3967,,,,,,87438,250789,4720,150.705833,-62.156389,6.42,,1.72,K3Ib,-0.01,0.01,,false
3968,,,,,,87477,201020,,151.0975,-39.975833,6.43,,1.3,K1III,-0.034,-0.003,,false
3969,,,,,,87500,98944,,151.420417,15.7575,6.37,,0.37,F2Vn,-0.078,-0.017,,false
3970, 40Ups2Hya,40,Ups,2,Hya,87504,155713,4725,151.28125,-13.064722,4.6,,-0.09,B9III-IV,-0.037,0.018,,false
3971,,,,,,87543,250795,,150.892917,-61.883889,6.14,,-0.04,B7IVne,-0.005,0.005,0.008,false
3972,,,,,,87606,201037,,151.313333,-36.383889,6.27,,1.11,K1III,-0.01,0.003,,false
3973, 14    Sex,14,,,Sex,87682,118111,,151.6975,5.611389,6.21,,0.94,K1III,-0.034,-0.013,,false
3974, 21    LMi,21,,,LMi,87696,61874,4736,151.8575,35.244722,4.48,,0.18,A7V,0.053,0.004,0.05,false
3975, 30Eta Leo,30,Eta,,Leo,87737,98955,4738,151.833333,16.762778,3.52,,-0.03,A0Ib,-0.002,0.0,0.003,false
3976,,,,,,87783,221773,,151.547083,-47.37,5.08,,0.88,K1IV+G5V,0.011,-0.057,0.017,false
3977,,,,,,87808,155739,,151.789583,-17.141667,5.6,,1.5,K7III,0.016,-0.063,,false
3978,,,,,,87816,237690,R Vel,151.529583,-52.188056,6.52,,0.98,K1III,-0.068,0.015,,false
3979,,,,,,87822,61882,,152.06625,31.604167,6.24,,0.45,F4V,-0.083,-0.08,,false
3980, 31    Leo,31,,,Leo,87837,98964,,151.97625,9.9975,4.37,,1.45,K3.5IIIbFe-1,-0.08,-0.061,,false
3981, 15Alp Sex,15,Alp,,Sex,87887,137366,,151.984583,-0.371667,4.49,,-0.04,A0III,-0.016,-0.013,0.015,false
3982, 32Alp Leo,32,Alp,,Leo,87901,98967,4750,152.092917,11.967222,1.35,,-0.11,B7V,-0.248,0.006,0.045,false
3983,   Mu 1Cha,,Mu,1,Cha,87971,258554,,150.182083,-82.214722,5.52,,0.03,A0IV,-0.031,0.032,,false
3984,,,,,,88013,201081,,152.007083,-37.333611,6.36,,0.98,K0III,-0.011,0.003,,false
3985,,,,,,88024,155765,,152.190417,-10.884722,6.53,,0.02,A2V,0.004,-0.003,,false
3986,,,,,,88025,155763,,152.147917,-15.611667,6.27,,-0.01,A0V,-0.027,0.014,,false
3987,,,,,,88161,43220,,152.745417,40.661389,6.32,,1.25,gK3,-0.014,-0.002,,false
3988,,,,,,88182,155777,,152.485417,-12.095833,6.24,,0.18,A5m,-0.005,-0.036,,false
3989, 17    Sex,17,,,Sex,88195,137385,,152.53125,-8.408333,5.91,,0.02,A1V,-0.026,-0.001,,false
3990,,,,,,88206,237736,,152.234583,-51.811111,4.86,,-0.12,B3IV,-0.01,0.001,,false
3991,,,,,,88215,155780,,152.524583,-12.816111,5.31,,0.36,F5V,-0.125,-0.113,0.028,false
3992,,,,,,88218,201109,,152.3825,-35.856667,6.13,,0.6,F8V,-0.437,0.014,0.048,false
3993,,,,,,88231,61914,4764,152.803333,37.401944,5.85,,1.29,gK3,-0.021,-0.031,,false
3994, 41Lam Hya,41,Lam,,Hya,88284,155785,,152.647083,-12.354167,3.61,,1.01,K0IIICN1,-0.202,-0.089,0.027,false
3995,,,,,,88323,250836,,152.1775,-65.815278,5.28,,0.98,K0III,-0.072,0.042,-0.014,false
3996, 18    Sex,18,,,Sex,88333,137395,4767,152.7325,-8.418333,5.65,,1.3,K2III,-0.006,-0.044,,false
3997,   Mu 2Cha,,Mu,2,Cha,88351,258561,4744,151.031667,-81.565833,6.6,,0.92,G6-8III,-0.046,0.047,,false
3998, 34    Leo,34,,,Leo,88355,98991,,152.909167,13.355,6.44,,0.46,F7V,0.04,-0.036,,false
3999,,,,,,88366,250840,S Car,152.34125,-61.549167,5.6,,1.6,M2-3IIIe,-0.094,0.073,,false
4000,,,,,,88372,137400,,152.824167,-7.316667,6.25,,0.01,A2Vn,0.012,-0.014,,false
4001,,,,,,88399,221832,,152.657917,-41.715,5.98,,1.24,K2-3III,0.05,-0.12,,false
4002,,,,,,88473,250844,,152.377083,-68.683333,5.81,,0.02,A0IV,-0.008,0.01,0.007,false
4003,,,,,,88522,178526,,153.012083,-28.606389,6.28,,0.01,A1V,-0.026,-0.014,,false
4004, 19    Sex,19,,,Sex,88547,118164,,153.20125,4.614722,5.77,,1.18,gK0,-0.051,-0.005,,false
4005,,,,,,88595,155820,,153.1575,-19.153611,6.44,,0.5,F6V,-0.236,-0.116,,false
4006,,,,,,88639,81243,,153.4575,27.135833,6.04,,0.85,G3IIIFe-1,-0.018,0.002,,false
4007,,,,,,88647,237773,V368 Car,152.896667,-58.828056,6.4,,1.66,M3III,-0.051,0.02,,false
4008,,,,,,88651,15129,U UMa,153.782083,59.985556,6.25,,1.6,M0III,0.015,0.009,,false
4009,,,,,,88661,237776,QY Car,152.94375,-58.060556,5.72,,-0.08,B2IVpne,-0.01,0.012,,false
4010,,,,,,88693,237784,,153.095833,-52.163333,6.16,,1.17,K2IIICNII,-0.041,0.046,,false
4011,,,,,,88699,178544,,153.330833,-27.028889,6.25,,0.31,A9mA8-F3,-0.056,0.038,,false
4012,,,,,,88737,81250,,153.62375,21.167778,6.02,,0.56,F9V,-0.142,-0.082,,false
4013,,,,,,88742,201186,,153.353333,-33.031944,6.38,,0.59,G1V,-0.36,0.061,0.055,false
4014, 22    LMi,22,,,LMi,88786,61953,,153.77625,31.468056,6.46,R,,G8III,-0.037,-0.001,,false
4015,,,,,,88809,221877,,153.44125,-40.345833,5.9,,1.21,K1III,-0.078,0.017,,false
4016,,,,,,88815,7098,,154.504583,73.073333,6.4,,0.23,F2V,-0.056,-0.079,,false
4017,,,,,,88824,237804,,153.345,-51.233333,5.28,,0.25,A7V,-0.041,-0.026,,false
4018,,,,,,88825,237799,,153.255417,-59.918056,6.1,,-0.08,B4Ve,-0.006,0.0,,false
4019,,,,,,88836,221883,,153.485833,-40.310556,6.35,,0.94,G8III,-0.026,-0.002,,false
4020,,,,,,88842,237807,4788,153.366667,-51.756111,5.78,,0.14,A3IV-V,-0.046,0.004,,false
4021,,,,,,88849,7099,4802,154.460833,71.060556,6.66,,0.32,A7m,-0.031,-0.048,0.026,false
4022,,,,,,88907,250875,,153.338333,-61.658889,6.41,,-0.11,B2V,-0.019,-0.002,,false
4023,,,,,,88955,221895,,153.684167,-42.121944,3.85,,0.05,A2V,-0.145,0.045,0.034,false
4024, 23    LMi,23,,,LMi,88960,81258,,154.06,29.310556,5.35,,0.01,A0Vn,-0.075,-0.023,,false
4025,,,,,,88981,250880,,153.3775,-66.373056,5.16,,0.21,Am,-0.039,0.004,0.012,false
4026, 32    UMa,32,,,UMa,88983,15135,,154.508333,65.108333,5.82,,0.12,A8III,-0.087,-0.009,,false
4027, 24    LMi,24,,,LMi,88986,81259,,154.117083,28.6825,6.49,,0.6,G0V,-0.055,-0.089,,false
4028,,,,,,88987,99032,,154.067083,17.740278,6.55,R,,A9IV,-0.006,0.001,0.014,false
4029,,,,,,89015,201211,,153.837083,-36.518056,6.19,,1.06,K0III,-0.033,-0.005,,false
4030, 35    Leo,35,,,Leo,89010,81260,,154.134583,23.503056,5.97,,0.67,G1.5IV-V,-0.205,0.036,0.034,false
4031, 36Zet Leo,36,Zet,,Leo,89025,81265,4804,154.1725,23.417222,3.44,,0.31,F0III,0.018,-0.007,0.017,false
4032,,,,,,89024,81264,,154.174583,25.371389,5.84,,1.2,gK2,-0.107,0.029,,false
4033, 33Lam UMa,33,Lam,,UMa,89021,43268,,154.274167,42.914444,3.45,,0.03,A2IV,-0.164,-0.038,0.03,false
4034,,,,,,89033,155855,,154.037917,-11.203333,6.08,,1.1,K0,-0.013,0.008,,false
4035, 37    Leo,37,,,Leo,89056,99034,,154.169583,13.728333,5.41,,1.61,M1.5IIIab,-0.023,-0.016,,false
4036,,,,,,89062,221910,,153.88125,-43.1125,5.6,,1.52,K4III,0.009,-0.064,,false
4037,   Ome Car,,Ome,,Car,89080,250885,,153.434167,-70.038056,3.32,,-0.08,B8III,-0.039,0.007,,false
4038,,,,,,89104,237834,Var?,153.819167,-54.974167,6.16,,-0.17,B2IV-V,-0.015,0.0,,false
4039, 39    Leo,39,,,Leo,89125,81270,,154.310833,23.106111,5.82,,0.5,F8Vb w,-0.408,-0.1,0.062,false
4040,,,,,,89169,178610,,154.19,-20.670556,6.57,,0.48,F3V,-0.127,-0.038,,false
4041,,,,,,89239,81278,,154.542917,27.415278,6.52,,-0.02,A0V,-0.057,0.006,,false
4042, 22Eps Sex,22,Eps,,Sex,89254,137469,,154.4075,-8.068889,5.24,,0.31,F2III,-0.158,0.004,0.028,false
4043,,,,,,89263,237853,,154.012917,-59.903333,6.22,,0.2,A5V,-0.047,0.016,0.012,false
4044,,,,,,89268,43281,,154.745833,46.760833,6.43,,,K1III,-0.021,-0.03,,false
4045,,,,,,89273,237858,GY Vel,154.1675,-51.205,6.3,,1.54,M4-5III,-0.028,0.0,,false
4046,,,,,,89319,43285,,154.861667,48.396944,6.0,,1.02,K0,-0.097,-0.107,,false
4047,,,,,,89343,15147,,155.264167,68.7475,5.96,,0.2,A7Vn,-0.053,-0.038,,false
4048,,,,,,89344,81285,,154.752917,24.711667,6.4,R,,K0,-0.047,-0.008,,false
4049,,,,,,89353,178644,AG Ant,154.531667,-28.991944,5.34,,0.24,A0Ib-IIp,-0.01,0.012,,false
4050,,,,,,89388,250905,V337 Car,154.270833,-61.332222,3.4,,1.54,K3IIa,-0.024,0.005,0.027,false
4051,,,,,,89389,27606,,155.061667,53.779167,6.45,,0.54,F9V,-0.084,0.046,,false
4052,,,,,,89414,27609,,155.13,54.216944,6.0,,1.13,gK3,-0.032,-0.002,,false
4053,,,,,,89442,201266,,154.6575,-36.804722,6.3,,1.28,K2-3III,-0.043,0.008,,false
4054, 40    Leo,40,,,Leo,89449,99065,4822,154.93375,19.470833,4.79,,0.45,F6IV,-0.234,-0.214,0.052,false
4055,,,,,,89455,155894,,154.82,-12.528056,6.0,,0.26,A9V,-0.014,-0.019,,false
4056,,,,,,89461,221948,,154.6175,-41.668333,5.96,,-0.06,B9V,-0.027,0.006,,false
4057, 41Gam1Leo,41,Gam,1,Leo,89484,81298,4823,154.992917,19.841667,2.61,,1.15,K1-IIIbFe-0.5,0.306,-0.147,0.022,false
4058, 41Gam2Leo,41,Gam,2,Leo,89485,81299,4823,154.994167,19.840556,3.8,H,,G7IIIFe-1,0.312,-0.169,0.022,false
4059,,,,,,89490,137490,,154.884167,-5.105833,6.37,,0.9,K0,-0.053,-0.061,,false
4060,,,,,,89565,137495,,154.9975,-9.058889,6.32,,0.33,F1IV,-0.067,-0.068,,false
4061,,,,,,89569,237902,,154.656667,-56.11,5.81,,0.48,F6V,-0.253,0.127,,false
4062,,,,,,89571,1701,,157.422917,84.252222,5.5,,,F0IV,-0.129,-0.032,0.034,false
4063,,,,,,89682,237916,GZ Vel,154.903333,-55.029444,4.57,,1.62,K3II,-0.014,0.003,-0.008,false
4064, 23    Sex,23,,,Sex,89688,118248,RS Sex,155.258333,2.289722,6.66,,-0.08,B2.5IV,-0.007,-0.003,,false
4065,,,,,,89715,250917,,154.77,-64.676389,5.67,,0.05,A1V,-0.043,0.007,,false
4066,,,,,,89736,221970,,155.069583,-47.699167,5.65,,1.67,K5-M0III,-0.002,0.001,,false
4067,,,,,,89744,43309,,155.54375,41.229444,5.76,,0.54,F7V,-0.124,-0.136,0.041,false
4068,,,,,,89747,155920,,155.2825,-17.985,6.51,,0.4,F3III-IV,-0.051,-0.028,,false
4069, 34Mu  UMa,34,Mu,,UMa,89758,43310,4829,155.582083,41.499444,3.05,,1.59,M0III,-0.082,0.035,0.035,false
4070, 42    Leo,42,,,Leo,89774,99080,4828,155.459583,14.975556,6.12,,0.02,A1V,-0.035,-0.015,,false
4071,,,,,,89816,178721,,155.369583,-23.710833,6.5,,0.2,A3,-0.049,0.019,,false
4072,,,,,,89822,15163,4839,156.032917,65.566389,4.97,,-0.06,A0pSiSr:Hg:,-0.008,-0.022,0.043,false
4073,,,,,,89828,178723,,155.4,-22.528333,6.51,,0.07,A0,-0.03,0.006,0.006,false
4074,,,,,,89890,237959,,155.228333,-56.043056,4.5,,-0.12,B3IIIe,-0.016,0.003,0.008,false
4075, 27    LMi,27,,,LMi,89904,62010,,155.77625,33.908056,5.9,,0.14,A6V,-0.013,-0.005,,false
4076,,,,,,89911,155935,,155.55375,-19.866944,6.13,,0.03,A1V,-0.031,-0.001,,false
4077, 43    Leo,43,,,Leo,89962,118269,,155.751667,6.5425,6.07,,1.12,K3III,-0.018,-0.1,,false
4078,,,,,,89993,81328,,155.924167,29.615833,6.39,,1.09,G8III,-0.006,-0.01,,false
4079,,,,,,89995,118271,,155.810833,5.694167,6.54,,0.46,F6V,-0.241,-0.073,0.007,false
4080,,,,,,89998,221998,4837,155.581667,-41.65,4.83,,1.12,K1III,-0.022,0.056,0.024,false
4081, 28    LMi,28,,,LMi,90040,62019,,156.035833,33.718611,5.5,,1.18,gK1,-0.019,-0.003,,false
4082, 25    Sex,25,,,Sex,90044,137533,SS Sex,155.860417,-4.074167,5.97,,-0.1,B9pSiCr:Sr:,-0.05,0.005,,false
4083,,,,,,90071,178759,,155.804583,-30.162222,6.27,,0.31,F0III,0.006,-0.011,,false
4084,,,,,,90089,1714,4864,157.769167,82.558611,5.26,,0.37,F2V,-0.083,0.031,0.047,false
4085,,,,,,90125,118278,,156.054583,2.368056,6.32,,1.0,G9V,0.037,-0.023,,false
4086,,,,,,90132,201346,,155.872083,-38.01,5.33,,0.25,A8V,-0.158,-0.057,0.015,false
4087,,,,,,90170,222016,,155.918333,-41.953333,6.27,,0.88,G8IV,-0.13,0.011,,false
4088, 44    Leo,44,,,Leo,90254,118286,DE Leo,156.313333,8.784722,5.61,,1.62,M3IIIabs,0.014,-0.042,,false
4089,,,,,,90264,250940,,155.742083,-66.901667,4.99,,-0.13,B8V,-0.024,0.008,,false
4090, 30    LMi,30,,,LMi,90277,62038,,156.47875,33.796111,4.74,,0.25,F0V,-0.07,-0.061,,false
4091,,,,,,90289,238021,4846,155.962083,-57.953889,6.35,,1.52,K4III,-0.001,-0.006,,false
4092,,,,,,90362,137557,,156.434583,-7.059722,5.57,,1.52,K5:IIIbFe-0.5,-0.135,0.136,,false
4093,,,,,,90393,222041,,156.321667,-42.468056,6.18,,1.0,G8III,-0.002,-0.034,,false
4094, 42Mu  Hya,42,Mu,,Hya,90432,155980,,156.5225,-16.836389,3.81,,1.48,K4.5III,-0.128,-0.08,0.018,false
4095,,,,,,90454,238046,,156.2475,-58.576389,5.95,,0.32,F2III,-0.077,0.009,,false
4096,,,,,,90470,43344,,156.866667,41.600833,6.02,,0.17,A2V,-0.055,-0.076,,false
4097,,,,,,90472,99128,,156.752083,19.364444,6.15,,1.14,K0,-0.064,-0.012,,false
4098,,,,,,90508,43351,,157.015833,48.784722,6.44,,0.6,F9V,0.079,-0.884,0.053,false
4099,,,,,,90518,222047,,156.539583,-42.738889,6.13,,1.13,K1III,-0.127,-0.052,,false
4100, 31Bet LMi,31,Bet,,LMi,90537,62053,,156.970833,36.707222,4.21,,0.9,G9IIIab,-0.118,-0.101,0.022,false
4101, 45    Leo,45,,,Leo,90569,99136,CX Leo,156.9125,9.7625,6.04,,-0.06,A0pSiCr:,0.007,0.002,,false
4102,,,,,,90589,256710,4856,156.09875,-74.031667,4.0,,0.35,F2IV,-0.021,-0.026,0.086,false
4103,,,,,,90602,43356,,157.152083,45.212222,6.35,,1.32,K0,-0.021,-0.019,,false
4104,   Alp Ant,,Alp,,Ant,90610,201405,4862,156.787917,-31.067778,4.25,,1.45,K4III,-0.075,0.011,0.024,false
4105,,,,,,90630,256711,,156.184583,-73.971667,6.19,,0.07,A2-3V,-0.032,0.017,,false
4106, 35    UMa,35,,,UMa,90633,15196,,157.47625,65.626111,6.32,,1.14,gK2,0.0,-0.032,,false
4107,,,,,,90677,238067,,156.704167,-54.8775,5.58,,1.56,K3II-III,-0.007,-0.008,,false
4108,,,,,,90745,15200,,157.610833,64.2575,6.12,,0.16,A7III,-0.047,-0.059,,false
4109,,,,,,90763,137591,Var?,157.183333,-3.7425,6.05,,0.05,A1pSr:,0.004,-0.027,,false
4110,,,,,,90772,238077,V399 Car,156.851667,-57.638889,4.66,,0.51,A9Ia,-0.013,0.0,-0.012,false
4111,,,,,,90798,222081,4868,157.007917,-49.405556,6.1,,1.51,K4III,0.006,-0.036,,false
4112, 36    UMa,36,,,UMa,90839,27670,,157.656667,55.980556,4.84,,0.52,F8V,-0.176,-0.03,0.077,false
4113, 32    LMi,32,,,LMi,90840,62076,,157.526667,38.925278,5.77,,0.08,A4V,-0.017,-0.002,,false
4114,,,,,,90853,238085,4869,156.969583,-58.739444,3.82,,0.31,F2II,-0.013,0.0,0.01,false
4115,,,,,,90874,250966,,156.855417,-65.704722,6.01,,0.09,A2V,-0.082,0.023,,false
4116, 29Del Sex,29,Del,,Sex,90882,137600,,157.369583,-2.739167,5.21,,-0.06,B9.5V,-0.048,-0.014,,false
4117,,,,,,90957,178888,,157.370833,-29.663611,5.58,,1.42,K5III,-0.059,0.015,,false
4118,   Del Ant,,Del,,Ant,90972,201442,4876,157.3975,-30.607222,5.56,,-0.04,B9.5V,-0.033,0.0,0.002,false
4119, 30Bet Sex,30,Bet,,Sex,90994,137608,Bet Sex,157.572917,-0.636944,5.09,,-0.14,B6V,-0.04,-0.023,,false
4120,,,,,,91056,250979,,157.219167,-64.172222,5.29,,1.86,M0III,-0.013,0.006,0.01,false
4121,,,,,,91075,1735,,159.007083,80.494444,6.52,,0.95,gG4,-0.027,-0.006,,false
4122,,,,,,91106,137614,,157.744583,-7.6375,6.2,,1.38,K5III+F6V,-0.039,0.005,,false
4123,,,,,,91120,156029,Var?,157.749167,-13.588333,5.58,,-0.04,B9Vn,-0.045,0.009,,false
4124, 33    LMi,33,,,LMi,91130,62101,,157.964167,32.379444,5.9,,0.11,A0IV,0.015,0.006,,false
4125,,,,,,91135,178917,,157.714167,-26.483889,6.51,,0.54,F7III,-0.065,0.015,,false
4126,,,,,,91190,7164,,158.772917,75.713056,4.84,,0.96,G8.5III,-0.03,-0.003,0.027,false
4127, 46    Leo,46,,,Leo,91232,99172,4883,158.049167,14.137222,5.46,,1.68,M1.5IIIbCa-1,-0.042,0.024,-0.008,false
4128,,,,,,91270,250992,,157.663333,-61.356111,6.43,,1.76,M2IIIe,-0.003,0.022,,false
4129,,,,,,91272,250989,4881,157.53625,-66.985,6.19,,0.01,B4IV,-0.025,-0.008,,false
4130,,,,,,91280,178938,,157.9525,-28.2375,6.05,,0.51,F7V,-0.086,-0.016,,false
4131,,,,,,91311,27682,,158.431667,53.4975,6.45,R,,A1V,-0.047,-0.025,,false
4132,,,,,,91312,43379,,158.307917,40.425556,4.75,,0.23,A7IV,-0.14,0.006,0.031,false
4133, 47Rho Leo,47,Rho,,Leo,91316,118355,Rho Leo,158.202917,9.306667,3.85,,-0.14,B1Ib,-0.007,-0.003,0.011,false
4134,,,,,,91324,238146,,157.840833,-53.715556,4.89,,0.5,F6V,-0.418,0.205,0.05,false
4135,,,,,,91355,222126,,157.989583,-45.066667,5.74,,-0.15,B6II,0.0,-0.002,,false
4136,,,,,,91356,222125,,157.985833,-45.069444,6.09,,-0.11,B8II,-0.013,0.006,,false
4137, 34    LMi,34,,,LMi,91365,62121,,158.37875,34.988611,5.58,R,0.02,A2Vn,-0.029,-0.006,,false
4138,,,,,,91375,256722,,157.58375,-71.993056,4.74,,0.04,A1V,0.025,-0.037,0.014,false
4139,,,,,,91437,222129,,158.14,-44.618889,5.91,,0.92,G6-8III,-0.011,-0.032,,false
4140,,,,,,91465,251006,PP Car,158.005833,-61.685278,3.32,,-0.09,B4Vne,-0.019,0.009,,false
4141, 37    UMa,37,,,UMa,91480,27695,,158.790417,57.082778,5.16,,0.34,F1V,0.067,0.039,0.036,false
4142,,,,,,91496,256723,4886,157.758333,-73.221667,4.93,,1.68,K4-5III,-0.017,-0.001,,false
4143,,,,,,91504,222136,,158.237083,-47.003333,5.02,,1.04,K4III,-0.019,0.003,0.01,false
4144,,,,,,91533,238168,,158.198333,-58.666944,6.0,,0.32,A2Iab,-0.024,0.0,,false
4145, 44    Hya,44,,,Hya,91550,178979,,158.50375,-23.745278,5.08,,1.6,K4III,-0.008,0.021,0.017,false
4146, 48    Leo,48,,,Leo,91612,118376,,158.7,6.953611,5.08,,0.94,G8.5IIIFe-1Ca-1,-0.102,0.056,0.034,false
4147,,,,,,91619,238182,V369 Car,158.355417,-58.190278,6.14,,0.35,B7Iae,-0.017,-0.003,,false
4148, 49    Leo,49,,,Leo,91636,118380,TX Leo,158.759167,8.650278,5.67,,0.05,A2V,-0.055,-0.006,0.005,false
4149,,,,,,91706,178993,,158.740417,-23.176111,6.1,,0.5,F7V,-0.098,0.036,,false
4150, 35    LMi,35,,,LMi,91752,62147,,159.089167,36.326944,6.28,,0.39,F3V,0.036,-0.037,,false
4151,,,,,,91767,251014,4898,158.55375,-60.987778,6.23,,1.4,K2-3III,0.004,-0.003,,false
4152,,,,,,91790,156087,,158.912083,-18.569167,6.49,,0.2,A7V,0.009,0.008,,false
4153,,,,,,91793,201533,U Ant,158.80375,-39.562778,5.38,,2.88,N0:,-0.027,-0.001,,false
4154,,,,,,91805,222170,,158.79375,-43.664722,6.08,,0.94,G8II-IIICNVp,-0.03,0.023,,false
4155,,,,,,91858,156092,,159.0725,-10.583333,6.57,,0.29,F0V,0.018,-0.033,,false
4156,   Phi2Hya,,Phi,2,Hya,91880,156093,,159.069583,-16.344444,6.03,,1.65,M1III,-0.026,-0.001,,false
4157,,,,,,91881,179014,4907,159.019167,-26.675,6.29,,0.48,F5V,0.009,-0.062,0.02,false
4158,,,,,,91889,156095,,159.135,-12.230278,5.7,,0.52,F7V,0.268,-0.673,0.048,false
4159,,,,,,91942,238222,4904,158.897083,-57.557778,4.45,,1.62,K3-4II,-0.023,0.0,0.026,false
4160,,,,,,91992,156105,,159.298333,-11.748611,6.52,,0.29,F0V,-0.051,-0.032,,false
4161,,,,,,92029,258581,,157.9625,-81.921111,7.07,,-0.08,B5III-IV,-0.033,0.008,,false
4162,,,,,,92036,179041,,159.307083,-27.4125,4.89,,1.62,M2III,-0.109,0.024,0.01,false
4163,,,,,,92055,156110,U Hya,159.388333,-13.384444,4.82,,2.68,C5II,0.034,-0.032,,false
4164,,,,,,92063,238242,4909,159.084583,-59.564722,5.08,,1.18,K1III,-0.059,-0.053,0.038,false
4165,,,,,,92095,27724,,159.77375,53.668333,5.52,,1.27,K3III,-0.087,-0.074,,false
4166, 37    LMi,37,,,LMi,92125,62173,,159.68,31.976111,4.71,,0.81,G2.5IIa,0.0,0.008,0.021,false
4167,,,,,,92139,222199,,159.325417,-48.225833,3.84,,0.3,F4IV+F3,-0.155,-0.017,0.04,false
4168, 38    LMi,38,,,LMi,92168,62178,,159.781667,37.91,5.85,,0.57,F9V,-0.222,-0.044,0.038,false
4169,,,,,,92207,238271,V370 Car,159.361667,-58.733333,5.45,,0.5,A0Iae,-0.033,0.002,,false
4170,,,,,,92209,256730,,158.853333,-76.309167,6.3,,1.2,K2III,-0.018,0.004,,false
4171,   Phi3Hya,,Phi,3,Hya,92214,156122,,159.645833,-16.876667,4.91,,0.92,G8IIIFe-0.5,-0.097,0.027,0.014,false
4172,,,,,,92245,156124,,159.71,-12.443611,6.04,,0.0,A0Vn,-0.057,0.002,,false
4173,,,,,,92287,238278,,159.510417,-57.256389,5.91,,-0.14,B3IV,-0.028,0.002,,false
4174,   Gam Cha,,Gam,,Cha,92305,256731,4913,158.867083,-78.607778,4.11,,1.58,M0III,-0.042,0.014,0.009,false
4175,,,,,,92328,222222,,159.709583,-42.753611,6.11,,0.66,Am+Am:,-0.016,-0.016,,false
4176,,,,,,92354,15260,,160.45125,68.443333,5.75,,1.3,gK3,-0.026,-0.026,-0.0,false
4177,,,,,,92397,238295,4922,159.687917,-59.183056,4.66,,1.48,K4-5III:,-0.012,0.001,0.016,false
4178, 38    UMa,38,,,UMa,92424,15261,4936,160.485833,65.716389,5.12,,1.2,K2III,-0.162,-0.069,0.026,false
4179,,,,,,92436,238304,,159.7475,-58.816944,5.92,,1.65,M1III,-0.086,0.012,,false
4180,,,,,,92449,238309,,159.826667,-55.603333,4.28,,1.04,G2-3Ib,-0.019,0.005,0.023,false
4181,,,,,,92523,15269,,160.767083,69.076111,5.0,,1.38,K3III-IIIb,0.002,-0.012,0.005,false
4182, 33    Sex,33,,,Sex,92588,137728,,160.350833,-1.741667,6.26,,0.88,K1IV,-0.137,-0.121,0.026,false
4183,,,,,,92589,201631,,160.215,-35.741667,6.37,,0.92,G8-K0III+F-G,-0.021,0.001,,false
4184,,,,,,92620,62206,RX LMi,160.547083,31.696944,6.02,,1.62,M4III,0.008,-0.021,,false
4185,,,,,,92664,251059,V364 Car,160.047083,-65.100556,5.52,,-0.16,B9pSi,-0.027,0.003,,false
4186,,,,,,92682,256742,,159.819167,-74.493611,6.07,,1.71,K3II,0.0,-0.006,,false
4187, 39    UMa,39,,,UMa,92728,27748,,160.930417,57.199167,5.8,,-0.02,A0V s,0.017,-0.053,,false
4188,,,,,,92740,238353,4939,160.323333,-59.676944,6.42,,0.08,WN7-A,-0.006,-0.001,,false
4189, 40    LMi,40,,,LMi,92769,81485,,160.7575,26.325556,5.51,,0.17,A4Vn,-0.105,-0.063,,false
4190,,,,,,92770,156170,,160.630417,-13.975,6.24,,1.54,K2,-0.02,-0.002,,false
4191,,,,,,92787,43444,,160.887083,46.203889,5.18,,0.33,F5III,-0.269,-0.066,0.021,false
4192, 41    LMi,41,,,LMi,92825,81490,,160.854167,23.188333,5.08,,0.04,A3Vn,-0.116,0.009,0.016,false
4193, 35    Sex,35,,,Sex,92841,118449,,160.837083,4.747778,5.79,,1.17,K3III+K0III,0.022,-0.03,0.003,false
4194,,,,,,92845,201665,,160.68,-32.715833,5.64,,0.0,A0V,-0.029,0.002,,false
4195,,,,,,92839,15274,VY UMa,161.266667,67.411389,6.0,,2.39,C5II,0.005,-0.001,,false
4196,,,,,,92938,251078,,160.558333,-64.466389,4.82,,-0.14,B4V,-0.026,0.018,,false
4197,,,,,,92941,81496,,161.060417,19.758611,6.27,,0.17,A5V,-0.116,-0.026,,false
4198,,,,,,92964,238379,4948,160.669167,-59.215833,5.38,,0.26,B2.5Iae,-0.009,0.0,,false
4199,   The Car,,The,,Car,93030,251083,,160.739167,-64.394444,2.76,,-0.22,B0Vp,-0.023,0.01,,false
4200,,,,,,93070,251090,4951,160.88375,-60.566667,4.57,,1.71,K4III,-0.032,0.006,0.02,false
4201, 36    Sex,36,,,Sex,93102,118473,,161.289167,2.488056,6.28,,1.21,K4III,-0.051,-0.023,,false
4202, 41    UMa,41,,,UMa,93132,27760,,161.59375,57.365833,6.34,,1.56,M1III,-0.05,-0.064,,false
4203, 42    LMi,42,,,LMi,93152,62236,,161.46625,30.682222,5.24,,-0.06,A1Vn,-0.023,-0.037,,false
4204,,,,,,93163,251095,Var?,160.963333,-64.248889,5.77,,0.0,B2.5V,-0.014,0.006,,false
4205,,,,,,93194,251096,,161.02875,-63.961111,4.82,,-0.13,B5Vn,-0.019,0.013,,false
4206,,,,,,93237,256745,,160.46375,-79.783333,5.97,,-0.07,B4IVe,-0.031,0.01,,false
4207,,,,,,93244,118483,,161.52375,6.373056,6.37,,1.12,gK1,-0.008,-0.036,,false
4208, 51    Leo,51,,,Leo,93257,99281,,161.602083,18.891389,5.49,,1.12,gK3,0.097,-0.038,,false
4209, 52    Leo,52,,,Leo,93291,99282,,161.605417,14.194722,5.48,,0.91,gG4,-0.123,-0.066,,false
4210,   Eta Car,,Eta,,Car,93308,238429,Eta Car,161.265,-59.684167,6.21,,0.61,pec,-0.004,0.009,,false
4211,,,,,,93344,256750,,161.080833,-70.86,6.26,,0.2,A5IV-V,-0.075,-0.007,,false
4212,,,,,,93359,256751,,161.13375,-70.855,6.46,,0.23,A6IV,-0.06,0.007,,false
4213,,,,,,93372,256752,,161.110417,-72.443889,6.27,,0.49,F6V,-0.175,0.04,,false
4214,,,,,,93397,156221,,161.716667,-17.296667,5.42,,0.11,A3V,-0.02,-0.013,,false
4215,,,,,,93427,15298,,162.208333,65.132222,6.39,,-0.02,A1V,0.01,0.0,,false
4216,   Mu  Vel,,Mu,,Vel,93497,222321,,161.6925,-49.42,2.69,,0.9,G5III+G2V,0.074,-0.048,0.022,false
4217,,,,,,93502,251113,,161.57,-60.603333,6.25,,0.04,A0IV,-0.062,-0.008,,false
4218,,,,,,93526,156235,,161.908333,-15.261944,6.67,,-0.01,A0III,0.002,-0.014,0.012,false
4219,,,,,,93540,251115,,161.56875,-64.515,5.34,,-0.1,B6V,-0.025,-0.005,,false
4220,,,,,,93549,251117,,161.62375,-64.263333,5.23,,-0.07,B7IV,-0.008,0.012,,false
4221,,,,,,93563,238468,Var?,161.739583,-56.757222,5.23,,-0.08,B8-9IIIe,-0.016,-0.002,,false
4222,,,,,,93607,251120,,161.713333,-64.383333,4.85,,-0.15,B3IV,-0.023,0.012,,false
4223, 43    LMi,43,,,LMi,93636,81533,,162.238333,29.415833,6.15,,1.15,sgK1,-0.086,-0.041,0.038,false
4224,,,,,,93655,137800,,162.169167,-1.958889,5.93,,1.6,M2III,-0.012,0.008,,false
4225,,,,,,93657,201766,,162.059167,-31.688333,5.88,,0.03,A1V,-0.02,-0.013,,false
4226,,,,,,93662,238480,4975,161.91125,-57.467778,6.36,,1.62,M1II,0.01,-0.004,,false
4227, 53    Leo,53,,,Leo,93702,99305,,162.314167,10.545278,5.34,,0.03,A2V,-0.003,-0.025,0.007,false
4228,,,,,,93737,238493,,162.0225,-59.919167,6.0,,0.27,A0Ia-Iab,-0.001,0.006,,false
4229, 40    Sex,40,,,Sex,93742,137808,,162.322083,-4.024167,6.61,,0.22,A2IV,-0.049,-0.012,0.011,false
4230, 44    LMi,44,,,LMi,93765,81542,,162.47375,27.973889,6.04,,0.37,F3V,-0.011,0.031,,false
4231,   Del1Cha,,Del,1,Cha,93779,258592,,161.315417,-80.469722,5.47,,0.95,K0III,-0.038,-0.033,0.003,false
4232,   Nu  Hya,,Nu,,Hya,93813,156256,,162.40625,-16.193611,3.11,,1.25,K2III,0.094,0.2,0.028,false
4233,,,,,,93833,137815,,162.43125,-9.852778,5.86,,1.07,gG8,0.009,-0.037,,false
4234,   Del2Cha,,Del,2,Cha,93845,258593,,161.445,-80.540278,4.45,,-0.19,B2.5IV,-0.049,0.008,,false
4235, 43    UMa,43,,,UMa,93859,27791,,162.79625,56.582222,5.67,,1.12,K2III,-0.058,0.003,,false
4236, 42    UMa,42,,,UMa,93875,27793,,162.84875,59.32,5.58,,1.14,K2III,-0.036,-0.047,,false
4237, 41    Sex,41,,,Sex,93903,137823,,162.575417,-8.897778,5.79,,0.16,A3m,-0.004,-0.015,,false
4238,,,,,,93905,201805,,162.4875,-34.058056,5.61,,0.04,A1V,-0.044,0.015,,false
4239,,,,,,93943,238514,,162.350417,-59.323611,5.91,,0.0,B9.5IV-V,-0.043,0.001,0.01,false
4240,,,,,,94014,137834,,162.7725,-3.0925,5.95,,1.48,K2,-0.046,-0.006,,false
4241,,,,,,94083,27809,,163.128333,52.565278,6.65,R,,gG8,-0.02,-0.023,,false
4242,,,,,,94084,27810,,163.132917,52.503611,6.44,,1.11,K2III,-0.071,-0.052,,false
4243,,,,,,94132,7229,,163.377917,69.853889,5.93,,0.99,G9IV,-0.398,-0.067,0.029,false
4244,,,,,,94180,118550,,163.057083,1.025278,6.38,,0.08,A3V,-0.002,0.003,,false
4245,,,,,,94237,118555,,163.150417,-0.201389,6.31,,1.5,K5III,-0.009,-0.018,,false
4246, 44    UMa,44,,,UMa,94247,27815,,163.39375,54.585,5.1,,1.36,K3III,-0.064,-0.011,0.016,false
4247, 46    LMi,46,,,LMi,94264,62297,4999,163.327917,34.215,3.83,,1.04,K0+III-IV,0.087,-0.278,0.024,false
4248, 45Ome UMa,45,Ome,,UMa,94334,43512,,163.494583,43.19,4.71,,-0.05,A1V s,0.045,-0.021,0.014,false
4249,,,,,,94363,137863,,163.35375,-2.255278,6.12,,0.9,K0III+G0V,-0.138,-0.083,,false
4250,,,,,,94367,238557,,163.12875,-57.240556,5.25,,0.16,B9Ia,-0.004,0.002,,false
4251,,,,,,94388,156301,5006,163.372917,-20.138889,5.24,,0.47,F6V,0.078,-0.239,0.054,false
4252,,,,,,94386,156302,,163.387083,-15.445556,6.38,,1.16,K3IV,0.067,-0.043,,false
4253,,,,,,94402,137871,,163.432083,-2.129167,5.45,,0.96,G8III,-0.084,0.013,,false
4254, 48    LMi,48,,,LMi,94480,81576,,163.675833,25.490833,6.2,,0.28,A8V,-0.054,0.003,,false
4255,,,,,,94481,156310,,163.574167,-13.758056,5.66,,0.83,G4III,-0.005,0.009,,false
4256,,,,,,94497,62310,,163.7425,34.034722,5.72,,1.01,gG7,-0.06,-0.049,,false
4257,,,,,,94510,238574,5011,163.373333,-58.853333,3.78,,0.95,K1III,0.067,0.03,0.059,false
4258, 46    UMa,46,,,UMa,94600,62314,,163.935,33.506944,5.03,,1.1,K1III,-0.109,-0.027,,false
4259, 54    Leo,54,,,Leo,94601,81583,,163.903333,24.749722,4.5,,0.01,A1V,-0.072,-0.012,0.015,false
4260, 54    Leo,54,,,Leo,94602,81584,,163.905417,24.748889,6.3,H,,A2Vn,-0.074,-0.026,0.015,false
4261,,,,,,94619,179334,,163.798333,-20.665,6.44,,1.1,K0,-0.01,0.004,,false
4262,,,,,,94650,256770,,163.425,-70.720278,5.99,,-0.02,B6V,-0.034,-0.006,0.004,false
4263,,,,,,94660,222422,KQ Vel,163.754167,-42.251111,6.11,,-0.08,A0pSiCr,-0.037,-0.001,,false
4264,,,,,,94669,43535,,164.060417,42.008333,6.03,,1.13,K2III,0.014,-0.091,0.027,false
4265, 55    Leo,55,,,Leo,94672,118574,,163.926667,0.736944,5.91,,0.42,F2/3III/V,0.106,0.0,0.014,false
4266,,,,,,94683,251173,,163.623333,-61.826667,5.93,,1.75,K4III,0.003,-0.004,,false
4267, 56    Leo,56,,,Leo,94705,118576,VY Leo,164.00625,6.185278,5.81,,1.45,M5.5III,-0.022,-0.008,-0.003,false
4268,,,,,,94717,256768,,163.114583,-79.559444,6.33,,1.46,K2II-III,-0.04,0.002,,false
4269,,,,,,94720,81589,,164.070417,22.351667,6.14,,1.55,K2,-0.037,0.017,,false
4270, 50    LMi,50,,,LMi,94747,81591,,164.143333,25.5,6.35,,1.03,K0,-0.025,-0.015,,false
4271,,,,,,94776,251178,T Car,163.821667,-60.516944,5.92,,1.08,K0III,-0.036,0.084,,false
4272,,,,,,94860,7255,,164.986667,77.77,6.2,,0.97,G9III,-0.072,-0.023,,false
4273,   Iot Ant,,Iot,,Ant,94890,201927,,164.179583,-37.137778,4.6,,1.03,K1III,0.077,-0.128,0.025,false
4274,,,,,,94985,238622,IW Vel,164.282917,-50.765,5.91,,0.18,A4V,-0.031,0.013,,false
4275,,,,,,95057,27858,5038,164.824583,51.882222,6.17,,1.38,K0,-0.012,-0.003,,false
4276,,,,,,95109,238635,U Car,164.451667,-59.731944,6.11,,1.1,G3Ia,0.007,0.016,,false
4277, 47    UMa,47,,,UMa,95128,43557,,164.866667,40.430278,5.05,,0.61,G1-VFe-0.5,-0.317,0.057,0.072,false
4278,,,,,,95129,62345,,164.886667,36.093056,6.0,,1.59,M2III,0.071,-0.049,0.018,false
4279,,,,,,95208,256775,,164.315417,-75.099722,6.13,,1.53,K1II,-0.017,0.003,,false
4280,,,,,,95212,43562,,165.06125,45.526111,5.47,,1.47,K5III,0.011,0.003,,false
4281,,,,,,95216,99392,,164.92125,11.705833,6.55,,0.43,F5V,-0.228,0.044,,false
4282,,,,,,95221,201976,5041,164.807917,-33.737222,5.71,,0.37,F2V,0.016,-0.043,,false
4283,,,,,,95233,27868,,165.106667,51.501944,6.43,,,G9III,-0.029,-0.015,,false
4284,,,,,,95234,156372,,164.87875,-16.353889,5.89,,1.63,M2III,-0.046,-0.016,,false
4285,,,,,,95241,43564,,165.085833,42.911389,6.02,,0.57,F9V,-0.109,-0.132,0.019,false
4286,,,,,,95256,15360,,165.274167,63.421111,6.39,,0.16,A2Vm,-0.04,-0.048,,false
4287,  7Alp Crt,7,Alp,,Crt,95272,156375,,164.94375,-18.298889,4.08,,1.09,K0+III,-0.46,0.13,0.031,false
4288, 49    UMa,49,,,UMa,95310,62354,,165.21,39.212222,5.08,,0.24,F0V s,-0.072,-0.019,,false
4289,,,,,,95314,156382,,165.048333,-14.083333,5.88,,1.5,K5III,-0.018,-0.022,,false
4290,,,,,,95324,251205,,164.808333,-61.320278,6.16,,-0.06,B8IV,-0.031,0.019,,false
4291, 58    Leo,58,,,Leo,95345,118610,,165.14,3.6175,4.84,,1.16,K1IIICN-0.5,0.014,-0.016,0.007,false
4292,,,,,,95347,222485,,164.9975,-43.807222,5.81,,-0.08,B8-9V,-0.058,0.011,,false
4293,,,,,,95370,222487,,165.03875,-42.225833,4.39,,0.11,A3IV,0.028,0.003,0.003,false
4294, 59    Leo,59,,,Leo,95382,118615,,165.186667,6.101389,4.99,,0.16,A5III,-0.048,-0.025,0.035,false
4295, 48Bet UMa,48,Bet,,UMa,95418,27876,5053,165.460417,56.3825,2.37,,-0.02,A1V,0.082,0.034,0.053,false
4296,,,,,,95429,238674,,165.035833,-51.817778,6.15,,0.18,A3III-IV,-0.038,0.004,,false
4297,,,,,,95441,156396,,165.238333,-15.792778,6.34,,1.18,K0,0.055,-0.04,,false
4298,,,,,,95456,201998,,165.17,-31.839444,6.07,,0.52,F8V,-0.08,0.105,,false
4299, 61    Leo,61,,,Leo,95578,137947,5059,165.457083,-2.484722,4.74,,1.62,M0IIIBa0.2,0.012,-0.038,0.032,false
4300, 60    Leo,60,,,Leo,95608,81637,,165.5825,20.179722,4.42,,0.05,A1m,-0.006,0.042,0.017,false
4301, 50Alp UMa,50,Alp,,UMa,95689,15384,5070,165.932083,61.750833,1.79,,1.07,K0IIIa,-0.119,-0.067,0.038,false
4302,,,,,,95698,179456,,165.601667,-26.831389,6.23,,0.31,F1V,0.065,-0.12,,false
4303,,,,,,95771,137963,,165.810833,-0.7525,6.14,,0.26,F0V,-0.013,-0.111,,false
4304,,,,,,95788,258599,,164.80375,-81.556111,6.71,,0.55,F7IV,-0.16,0.073,0.01,false
4305,,,,,,95808,156421,,165.812083,-11.303611,5.5,,0.94,G7-III,-0.07,-0.108,,false
4306, 62    Leo,62,,,Leo,95849,118634,,165.9025,-0.000833,5.95,,1.22,K3III,-0.057,0.001,,false
4307,,,,,,95857,202039,,165.817083,-31.960833,6.46,,1.62,M1III,-0.039,-0.031,,false
4308,,,,,,95870,156427,,165.902083,-13.434444,6.34,,0.88,G5,0.003,0.01,,false
4309, 51    UMa,51,,,UMa,95934,62387,,166.13,38.241389,6.0,,0.16,A3III-IV,-0.064,-0.003,,false
4310, 63Chi Leo,63,Chi,,Leo,96097,118648,5079,166.254167,7.336111,4.63,,0.33,F2III-IV,-0.341,-0.047,0.029,false
4311,,,,,,96113,222538,,166.13,-47.679167,5.67,,0.24,A8III-IV,-0.11,0.027,,false
4312,   Eta Oct,,Eta,,Oct,96124,258600,,164.8075,-84.593889,6.19,,0.11,A1V,-0.068,-0.005,,false
4313,,,,,,96146,202067,,166.225833,-35.804722,5.43,,0.03,A2V,-0.017,0.004,,false
4314,   Chi1Hya,,Chi,1,Hya,96202,179514,,166.332917,-27.293611,4.94,,0.36,F3IV,-0.188,-0.004,0.043,false
4315,,,,,,96220,156448,,166.391667,-11.088889,6.09,,0.3,F0Vn,0.013,-0.079,,false
4316,,,,,,96224,222548,,166.2675,-49.3925,6.13,,-0.02,B9.5V,-0.023,0.004,,false
4317,   Chi2Hya,,Chi,2,Hya,96314,179522,Chi2 Hya,166.49,-27.287778,5.71,,-0.06,A0IV,0.034,-0.014,,false
4318,,,,,,96407,238763,,166.524167,-51.2125,6.3,,0.95,G8III,0.005,-0.065,,false
4319, 65    Leo,65,,,Leo,96436,118668,5090,166.725833,1.955556,5.52,,0.97,G9IIICN-1,-0.383,-0.086,0.035,false
4320,,,,,,96441,179542,,166.66125,-28.727778,6.77,,0.04,A1V,-0.057,-0.032,,false
4321,,,,,,96484,238775,,166.614167,-50.956667,6.32,,1.16,K2III,-0.067,0.006,,false
4322, 64    Leo,64,,,Leo,96528,81681,,166.915417,23.323611,6.46,,0.16,A5m,-0.014,0.008,,false
4323,,,,,,96544,238779,5091,166.622083,-58.675278,6.02,,1.24,K2II-III,-0.015,0.0,,false
4324,,,,,,96557,202100,,166.785,-32.587222,6.59,,0.34,F1III,-0.081,-0.052,,false
4325,,,,,,96566,251269,,166.635,-62.424167,4.61,,1.03,G8III,-0.043,0.013,0.055,false
4326,,,,,,96568,251267,,166.600833,-64.839722,6.41,,0.12,A3V,-0.05,0.008,,false
4327,,,,,,96616,222581,V815 Cen,166.819167,-42.638611,5.15,,0.03,ApSrCrEu,-0.096,0.043,-0.001,false
4328,,,,,,96700,179558,,166.976667,-30.174722,6.54,,0.6,G2V,-0.513,-0.138,0.049,false
4329,,,,,,96706,256800,Var,166.707917,-70.878056,5.57,,-0.05,B2V,-0.027,0.0,,false
4330,,,,,,96707,15414,Var?,167.41625,67.210278,6.06,,0.22,F0pSr,-0.083,-0.025,,false
4331,,,,,,96723,179568,,167.065833,-29.972778,6.49,,0.03,A1V,0.008,-0.02,,false
4332, 67    Leo,67,,,Leo,96738,81692,,167.204583,24.658333,5.68,,0.06,A3IV,0.003,0.004,,false
4333,,,,,,96813,62427,CO UMa,167.329583,36.309444,5.74,,1.51,M3.5IIIab,-0.046,-0.024,,false
4334,,,,,,96819,179577,5101,167.182917,-28.080556,5.44,,0.07,A1V,-0.08,-0.016,0.011,false
4335, 52Psi UMa,52,Psi,,UMa,96833,43629,,167.415833,44.498611,3.01,,1.14,K1III,-0.065,-0.028,,false
4336,,,,,,96834,43627,5107,167.410417,43.2075,5.89,,1.57,M2III,-0.064,-0.011,,false
4337,,,,,,96918,238813,V382 Car,167.1475,-58.975,3.91,,1.23,G40-Ia,-0.007,0.0,-0.001,false
4338,,,,,,96919,251286,V371 Car,167.141667,-61.947222,5.13,,0.22,B9Ia,-0.006,0.002,0.009,false
4339,,,,,,97023,202149,5111,167.4725,-32.3675,5.81,,0.04,A2V,0.023,-0.029,,false
4340,,,,,,97138,15431,5119,168.045833,68.271944,6.4,,,A3V,0.032,0.01,,false
4341,,,,,,97244,99492,,167.932083,14.400278,6.3,,0.21,A5V,-0.066,-0.009,,false
4342,,,,,,97271,238839,,167.727917,-58.455278,6.88,,-0.08,B7III,-0.036,0.003,,false
4343, 11Bet Crt,11,Bet,,Crt,97277,179624,,167.914583,-22.825833,4.48,,0.03,A2III,0.003,-0.1,0.051,false
4344,,,,,,97302,27952,,168.185417,54.894167,6.63,,,A4V,0.001,-0.002,,false
4345,,,,,,97334,62451,,168.134167,35.813611,6.41,,0.61,G0V,-0.271,-0.17,,false
4346,,,,,,97393,202197,5129,168.061667,-32.433889,6.38,,1.7,M1III,0.019,0.011,,false
4347,   Psi Crt,,Psi,,Crt,97411,156528,,168.126667,-18.5,6.13,,-0.01,A0V,-0.019,-0.03,,false
4348,,,,,,97428,179638,,168.144167,-21.749167,6.4,,1.38,K0,-0.011,0.012,,false
4349,,,,,,97472,256808,,167.872917,-71.436389,6.35,,1.37,K2-3III,-0.02,0.003,,false
4350,,,,,,97495,222639,,168.137917,-49.101111,5.36,,0.18,A3IV-V,-0.096,0.033,,false
4351,,,,,,97501,43649,,168.4175,41.088611,6.33,,1.15,K2III,-0.004,0.013,,false
4352,,,,,,97534,251316,5137,168.15,-60.3175,4.6,,0.55,A6Iae,-0.007,0.004,0.005,false
4353,,,,,,97550,222643,,168.237083,-49.736389,6.11,,1.06,G8II-III,-0.008,-0.009,,false
4354,,,,,,97576,222647,,168.31125,-44.372222,5.8,,1.66,K5-M0III,-0.001,0.0,,false
4355,,,,,,97583,251320,,168.188333,-64.169722,5.23,,-0.06,B8V,-0.05,0.007,,false
4356, 69    Leo,69,,,Leo,97585,118731,,168.44,-0.069722,5.42,,-0.03,A0V,-0.043,-0.002,0.018,false
4357, 68Del Leo,68,Del,,Leo,97603,81727,5143,168.527083,20.523611,2.56,,0.12,A4V,0.142,-0.13,0.048,false
4358,,,,,,97605,118735,,168.5075,8.060556,5.79,,1.12,K3III,0.048,-0.11,,false
4359, 70The Leo,70,The,,Leo,97633,99512,5144,168.56,15.429444,3.34,,-0.01,A2V,-0.061,-0.079,0.026,false
4360,,,,,,97651,238878,,168.41375,-53.231667,5.76,,1.32,K2III,-0.025,0.038,,false
4361,,,,,,97670,238877,Var,168.378333,-59.619444,5.74,,-0.1,B1.5V,-0.009,-0.006,,false
4362, 72    Leo,72,,,Leo,97778,81736,5147,168.800833,23.095556,4.63,,1.66,M3IIb,-0.024,-0.006,0.01,false
4363,,,,,,97855,27970,,169.016667,52.773056,6.5,,0.43,F6V+F9V,0.162,0.057,0.052,false
4364,,,,,,97866,222671,,168.725,-43.734167,6.21,,1.61,K4III,-0.025,-0.016,,false
4365, 73    Leo,73,,,Leo,97907,99525,,168.96625,13.3075,5.32,,1.2,K3III,-0.007,-0.008,,false
4366,,,,,,97937,99527,,168.990833,12.844722,6.67,,0.27,A9Vp,-0.034,-0.055,,false
4367,,,,,,97989,43675,,169.174583,49.476389,5.88,,1.08,gK0,-0.083,-0.009,,false
4368, 74Phi Leo,74,Phi,,Leo,98058,138102,,169.165417,-3.651667,4.47,,0.21,A7IVn,-0.108,-0.036,0.019,false
4369,,,,,,98088,138106,SV Crt,169.2425,-7.134722,6.14,,0.2,A8IVpeSrCrSi,-0.006,0.009,0.004,false
4370,,,,,,98096,222687,,169.115417,-45.88,6.31,,0.4,F3V,-0.136,0.066,0.016,false
4371, 75    Leo,75,,,Leo,98118,118764,,169.3225,2.010556,5.18,,1.52,M0III-IIIb,0.056,-0.14,0.01,false
4372,,,,,,98161,202283,,169.299167,-38.014444,6.27,,0.1,A3Vn,-0.088,0.01,,false
4373,,,,,,98221,202289,,169.413333,-34.737222,6.45,,0.4,F4V,-0.006,0.002,,false
4374, 53Xi  UMa,53,Xi,,UMa,98230,62484,5165,169.545417,31.529167,4.87,H,,G0V,-0.432,-0.586,0.137,false
4375, 53Xi  UMa,53,Xi,,UMa,98231,62484,5165,169.545833,31.529167,4.41,H,0.59,G0V,-0.43,-0.586,0.137,false
4376,,,,,,98233,202291,,169.429167,-36.534444,6.68,,0.98,G8-K0III,-0.077,0.026,,false
4377, 54Nu  UMa,54,Nu,,UMa,98262,62486,,169.619583,33.094167,3.48,,1.4,K3-IIIBa0.3,-0.026,0.028,0.02,false
4378,,,,,,98280,99544,,169.5875,11.984722,6.66,,0.07,A2V,0.004,-0.036,,false
4379,,,,,,98292,251341,5163,169.329167,-67.823611,6.06,,1.76,M2III,0.013,-0.007,,false
4380, 55    UMa,55,,,UMa,98353,62491,,169.782917,38.185556,4.78,,0.12,A1Vp:,-0.057,-0.068,0.025,false
4381, 76    Leo,76,,,Leo,98366,118778,,169.729167,1.650556,5.91,,1.04,gK0,-0.038,-0.055,,false
4382, 12Del Crt,12,Del,,Crt,98430,156605,,169.835417,-14.778611,3.56,,1.12,G8III-IV,-0.122,0.208,0.024,false
4383,,,,,,98499,15478,,170.224167,67.100556,6.21,,1.01,G8,0.049,-0.052,,false
4384,,,,,,98560,251357,,169.81875,-64.5825,5.99,,0.46,F6IV,-0.302,0.044,,false
4385,,,,,,98617,256823,,169.642917,-79.668611,6.35,,0.26,A8IIIm:,0.031,-0.026,,false
4386, 77Sig Leo,77,Sig,,Leo,98664,118804,,170.284167,6.029444,4.05,,-0.06,B9.5V s,-0.092,-0.012,0.001,false
4387,,,,,,98672,256826,,169.90125,-75.1425,6.27,,-0.03,B9.5-A0V,-0.038,0.004,,false
4388,,,,,,98673,27999,,170.455417,57.075,6.43,,0.15,A7Vn,-0.058,0.009,,false
4389,,,,,,98695,256828,,170.01625,-71.994444,6.41,,0.05,B4V,-0.039,-0.005,,false
4390,   Pi  Cen,,Pi,,Cen,98718,238986,,170.251667,-54.491111,3.89,,-0.15,B5Vn,-0.036,-0.006,0.011,false
4391,,,,,,98772,15486,,170.71375,64.330556,6.02,,0.09,A1Vnp,-0.005,0.034,,false
4392, 56    UMa,56,,,UMa,98839,43719,,170.706667,43.482778,4.99,,0.99,G7.5IIIa:Ba0.3,-0.038,-0.013,-0.002,false
4393,,,,,,98892,222751,,170.59625,-44.645833,6.12,,0.92,G8III,-0.048,-0.034,,false
4394,,,,,,98960,118825,,170.825,0.131667,6.05,,1.46,K3,-0.037,-0.018,,false
4395, 13Lam Crt,13,Lam,,Crt,98991,156646,,170.84125,-18.78,5.09,,0.42,F5III,-0.312,-0.034,0.023,false
4396,,,,,,98993,202391,,170.802917,-36.164722,5.0,,1.46,K6III,-0.02,0.0,0.025,false
4397,,,,,,99015,256832,,170.487917,-77.608333,6.43,,0.2,A5III-IV,-0.081,-0.005,,false
4398,,,,,,99022,239017,,170.78375,-56.779444,5.79,,0.01,A4:pe,-0.03,0.006,,false
4399, 78Iot Leo,78,Iot,,Leo,99028,99587,5184,170.98125,10.529167,3.94,,0.41,F4IV,0.168,-0.075,0.052,false
4400, 79    Leo,79,,,Leo,99055,118831,,171.009583,1.407778,5.39,,0.94,G8IIICN-0.5,-0.02,0.005,,false
4401,,,,,,99104,251383,,170.840833,-64.955,5.11,,-0.08,B5V,-0.001,-0.005,0.01,false
4402, 14Eps Crt,14,Eps,,Crt,99167,156658,,171.1525,-10.859444,4.83,,1.56,K5III,-0.028,0.027,,false
4403,,,,,,99171,222773,,171.092083,-42.669167,6.12,,-0.18,B2IV-V,-0.005,0.001,,false
4404,,,,,,99196,99598,,171.245417,11.430278,5.8,,1.38,K4III,-0.102,-0.005,,false
4405, 15Gam Crt,15,Gam,,Crt,99211,156661,,171.220417,-17.683889,4.08,,0.21,A5V,-0.098,0.004,0.028,false
4406,,,,,,99264,256834,,171.04625,-72.256667,5.59,,0.06,B2IV-V,-0.03,-0.003,,false
4407,,,,,,99283,28017,,171.487917,55.850556,5.75,,,K0III,-0.066,0.048,,false
4408, 81    Leo,81,,,Leo,99285,99601,,171.401667,16.456389,5.57,,0.36,F2V,-0.143,-0.005,,false
4409,,,,,,99322,202428,,171.3725,-36.063056,5.22,,0.99,K0III,-0.113,0.02,0.032,false
4410, 80    Leo,80,,,Leo,99329,118851,,171.458333,3.86,6.37,,0.33,F3IV,-0.08,-0.041,,false
4411,,,,,,99333,202430,,171.387917,-37.747778,5.89,,1.54,M3III,-0.042,-0.014,,false
4412,,,,,,99373,62551,,171.60625,33.450556,6.32,,0.43,F7V,-0.04,0.016,,false
4413,,,,,,99453,251402,,171.43,-63.972778,5.17,,0.5,F7V,-0.313,-0.078,0.04,false
4414, 83    Leo,83,,,Leo,99491,118864,,171.68875,3.013056,6.5,,0.79,K0IV,-0.724,0.18,0.054,false
4415,,,,,,99556,251406,,171.647083,-61.115278,5.3,,-0.08,B3IV,-0.026,0.002,,false
4416, 16Kap Crt,16,Kap,,Crt,99564,156685,,171.789583,-12.356667,5.94,,0.49,F4III-IV,-0.097,0.026,,false
4417,,,,,,99574,239074,,171.697083,-53.16,5.81,,0.52,K0III+A2-3V,-0.041,0.014,,false
4418, 84Tau Leo,84,Tau,,Leo,99648,118875,,171.984167,2.856111,4.95,,1.0,G7.5IIIa,0.018,-0.012,0.034,false
4419,,,,,,99651,138216,,171.97375,-1.7,6.25,,1.04,gK2,-0.034,-0.003,,false
4420,,,,,,99712,202478,,171.99375,-35.328611,6.45,,,K5III:,-0.006,0.012,,false
4421,,,,,,99747,15520,,172.269167,61.778333,5.83,,0.36,F5Va vw,-0.112,0.237,,false
4422, 57    UMa,57,,,UMa,99787,62572,,172.2675,39.336944,5.31,,0.01,A2V,-0.05,0.016,0.025,false
4423,,,,,,99803,222813,,172.14625,-42.674167,5.08,,-0.03,B9V,-0.04,0.008,0.007,false
4424,,,,,,99859,28035,,172.43125,56.7375,6.28,,0.15,A4m,-0.089,-0.034,,false
4425,,,,,,99872,256843,,172.075833,-72.474444,6.09,,0.16,B3V,-0.043,-0.02,,false
4426, 85    Leo,85,,,Leo,99902,99629,,172.424583,15.413333,5.74,,1.32,gK4,-0.028,-0.045,,false
4427,,,,,,99913,28038,,172.55375,54.361667,6.41,R,,K0III,0.01,-0.057,,false
4428,,,,,,99922,179935,,172.410833,-24.463333,5.76,,0.07,A0V,-0.048,0.043,0.021,false
4429,,,,,,99945,1884,5230,172.96,81.127222,6.15,,0.24,A2m,-0.149,0.032,0.02,false
4430,,,,,,99967,43784,EE UMa,172.604167,46.6575,6.35,,1.27,K2IIICN-1,0.011,0.032,,false
4431, 58    UMa,58,,,UMa,99984,43787,,172.629583,43.173333,5.94,,0.49,F4V,-0.05,0.083,,false
4432, 87    Leo,87,,,Leo,99998,138238,,172.57875,-3.003611,4.77,,1.54,K3.5IIIFe-1,0.022,-0.014,0.015,false
4433, 86    Leo,86,,,Leo,100006,99637,,172.620833,18.409722,5.52,,1.05,K0III,-0.088,0.02,0.026,false
4434,  1Lam Dra,1,Lam,,Dra,100029,15532,5231,172.850833,69.331111,3.84,,1.62,M0IIICa-1,-0.039,-0.017,0.026,false
4435,,,,,,100030,43790,,172.720417,47.929167,6.42,,0.88,G9IV,-0.229,-0.07,,false
4436,,,,,,100055,43793,,172.7925,48.789167,6.56,,0.93,G9III,-0.03,-0.04,,false
4437, 88    Leo,88,,,Leo,100180,99648,,172.937083,14.364444,6.2,,0.57,G0V,-0.33,-0.189,0.035,false
4438,,,,,,100198,251437,V809 Cen,172.8125,-61.278333,6.38,,0.52,A3Iae,-0.007,0.003,,false
4439,,,,,,100203,15542,,173.086667,61.0825,5.48,,0.5,F8V,0.002,-0.069,0.045,false
4440,,,,,,100219,179964,,172.948333,-20.776667,6.24,,0.54,F7IV,-0.131,0.032,,false
4441,   Omi1Cen,,Omi,1,Cen,100261,239145,Omi1 Cen,172.942083,-59.442222,5.13,,1.08,G30-Ia,-0.005,-0.005,0.024,false
4442,   Omi2Cen,,Omi,2,Cen,100262,239146,Omi2 Cen,172.953333,-59.515833,5.15,,0.49,A2Ia,-0.008,0.001,0.014,false
4443,,,,,,100286,179967,,173.067083,-29.263333,5.81,,0.53,F8V,-0.014,0.138,0.013,false
4444,,,,,,100287,179968,,173.067917,-29.261111,5.64,,0.53,F8V,-0.028,0.145,0.013,false
4445,,,,,,100307,179969,,173.097083,-26.746667,6.16,,1.66,M1III,-0.079,0.033,,false
4446,,,,,,100343,138265,,173.197917,-7.8275,5.95,,1.38,K4III,-0.007,0.004,,false
4447,,,,,,100378,222856,,173.200417,-40.436389,5.64,,1.58,K6III,-0.069,0.052,,false
4448,,,,,,100382,251451,,173.082917,-66.962222,5.9,,1.13,K1IIICNIb-II,-0.004,-0.001,,false
4449,,,,,,100393,202554,5246,173.225417,-31.087222,5.04,,1.58,M2IIIb,-0.03,0.006,0.019,false
4450,   Xi  Hya,,Xi,,Hya,100407,202558,,173.250417,-31.857778,3.54,,0.94,G7III,-0.206,-0.04,0.027,false
4451,,,,,,100418,156750,,173.310833,-16.280556,6.05,,0.6,F9III,-0.002,-0.043,,false
4452,,,,,,100470,62604,,173.484583,36.815556,6.4,,1.05,K0III,-0.129,-0.046,-0.014,false
4453,,,,,,100493,222863,,173.405417,-40.586944,5.39,,0.12,A2IV-V,-0.071,0.024,0.028,false
4454,,,,,,100518,99668,,173.541667,11.023611,6.55,,0.18,A2m,0.045,-0.031,,false
4455, 89    Leo,89,,,Leo,100563,118929,,173.591667,3.06,5.77,,0.46,F5V,-0.182,-0.104,0.045,false
4456, 90    Leo,90,,,Leo,100600,99673,,173.677083,16.796944,5.95,,-0.16,B4V,-0.011,0.003,0.003,false
4457,,,,,,100615,28064,,173.770417,54.785278,5.63,,1.02,K0III,0.008,0.008,,false
4458,,,,,,100623,202583,,173.622917,-32.831389,5.98,,0.81,K0V,-0.674,0.826,0.106,false
4459,,,,,,100655,81886,,173.765833,20.441389,6.45,,1.01,G9III,-0.059,-0.005,,false
4460,,,,,,100673,239189,,173.690417,-54.264167,4.62,,-0.08,B9Ve,-0.056,0.017,,false
4461,  2    Dra,2,,,Dra,100696,15567,,174.011667,69.322778,5.2,,1.01,K0III,0.111,-0.127,0.025,false
4462,,,,,,100708,222883,5253,173.736667,-49.136667,5.5,,1.04,K1III-IV,-0.17,0.168,0.034,false
4463,,,,,,100733,222887,V763 Cen,173.805,-47.3725,5.71,,1.66,M3III,-0.089,-0.004,0.008,false
4464,,,,,,100740,99683,,173.930833,10.911111,6.56,,0.13,A4Vn,0.035,-0.023,,false
4465,,,,,,100808,81893,,174.074583,27.781111,5.8,,0.23,F0V,0.023,0.003,0.012,false
4466,,,,,,100825,222895,,173.981667,-47.641667,5.25,,0.25,A7m,0.036,-0.049,0.022,false
4467,   Lam Cen,,Lam,,Cen,100841,251472,,173.945,-63.019722,3.13,,-0.04,B9III,-0.041,-0.005,,false
4468, 21The Crt,21,The,,Crt,100889,138296,,174.170417,-9.802222,4.7,,-0.08,B9.5Vn,-0.061,0.008,,false
4469,,,,,,100893,202622,,174.145833,-33.57,5.74,,1.02,K0III,0.04,-0.037,,false
4470,,,,,,100911,202627,,174.17,-37.237778,6.31,,0.06,A1V,-0.013,-0.019,,false
4471, 91Ups Leo,91,Ups,,Leo,100920,138298,,174.237083,-0.823889,4.3,,1.0,G8.5IIICN-0.5,0.004,0.043,0.019,false
4472,,,,,,100929,251479,,174.092917,-61.052222,5.83,,-0.09,B2.5IV,-0.021,0.008,,false
4473,,,,,,100953,202634,,174.255,-32.988056,6.29,,0.46,F6III-IV,-0.011,-0.079,,false
4474,,,,,,101013,28081,,174.470833,50.618333,6.14,,1.07,G9III:Ba2.5,-0.047,-0.021,,false
4475,,,,,,101021,251486,,174.2525,-61.283333,5.15,,1.12,K0III,-0.224,0.006,0.002,false
4476,,,,,,101067,222917,,174.39125,-47.747222,5.44,,1.24,K2III,-0.072,0.027,0.001,false
4477, 59    UMa,59,,,UMa,101107,43837,,174.585833,43.625556,5.59,,0.33,F2II-III,-0.145,-0.033,,false
4478,,,,,,101112,118961,,174.540833,8.884167,6.17,,1.08,K1III,-0.059,0.019,,false
4479,   Pi  Cha,,Pi,,Cha,101132,256857,,174.315,-75.896667,5.65,,0.35,F1III,-0.134,0.001,,false
4480, 60    UMa,60,,,UMa,101133,43839,,174.639583,46.834167,6.1,,0.38,F5III s,-0.037,-0.033,,false
4481,,,,,,101150,15580,,174.705,64.346944,6.46,R,,A5IV,0.016,0.006,0.004,false
4482,,,,,,101151,62635,,174.634167,33.625556,6.27,,1.32,K2III,-0.028,-0.019,,false
4483,  1Ome Vir,1,Ome,,Vir,101153,118965,Ome Vir,174.615,8.134167,5.36,,1.57,M4III,-0.006,0.005,-0.005,false
4484,,,,,,101154,138314,,174.600417,-2.436111,6.22,,1.12,G9III,-0.031,0.009,,false
4485,,,,,,101162,251501,,174.451667,-67.620278,5.96,,1.02,K0III,-0.083,-0.007,,false
4486,,,,,,101177,43841,,174.687083,45.108611,6.44,,0.56,G0V,-0.594,0.026,0.049,false
4487,,,,,,101189,251505,,174.530417,-61.826389,5.15,,-0.02,ApHgMn,-0.071,0.017,0.024,false
4488, 24Iot Crt,24,Iot,,Crt,101198,156802,,174.667083,-13.201944,5.48,,0.52,F7V,0.092,0.12,,false
4489,,,,,,101259,180065,,174.751667,-24.721111,6.42,,0.82,G5,0.033,-0.241,,false
4490,,,,,,101369,156820,,174.962917,-14.468611,6.21,,0.0,A1V,-0.038,-0.011,,false
4491,,,,,,101370,156819,5284,174.96,-16.620278,6.19,,1.62,M3.5IIIBa0.2Ca1,-0.01,-0.009,,false
4492,,,,,,101379,251522,GT Mus,174.8725,-65.397778,5.17,,0.8,G2III+A0V,-0.042,-0.006,0.006,false
4493,,,,,,101391,28093,,175.114167,57.970556,6.37,,-0.12,B9pHgMn:,-0.012,0.021,,false
4494,   Omi Hya,,Omi,,Hya,101431,202695,,175.053333,-34.744722,4.7,,-0.07,B9V,-0.042,0.0,,false
4495, 92    Leo,92,,,Leo,101484,81941,,175.19625,21.352778,5.26,,0.98,K1III,-0.064,-0.049,,false
4496, 61    UMa,61,,,UMa,101501,62655,5291,175.2625,34.201667,5.33,,0.72,G8V,-0.012,-0.381,0.119,false
4497,,,,,,101541,239284,5289,175.1775,-53.968611,5.96,,1.66,M1III,0.004,-0.019,,false
4498,,,,,,101563,180098,,175.285,-29.196389,6.44,,0.66,G0V,-0.324,0.215,0.032,false
4499,,,,,,101570,251535,,175.223333,-62.09,4.94,,1.15,G3Ib,-0.02,0.008,0.025,false
4500,,,,,,101604,28101,,175.431667,55.1725,6.27,,1.49,K5,-0.015,0.023,,false
4501, 62    UMa,62,,,UMa,101606,62658,,175.392917,31.746111,5.73,,0.43,F4V,-0.351,0.032,0.026,false
4502,,,,,,101615,222960,,175.3325,-43.095833,5.55,,,A0V,-0.082,0.003,,false
4503,,,,,,101666,202717,,175.433333,-32.499722,5.22,,1.48,K5III+F7V,0.004,-0.042,0.015,false
4504,  3    Dra,3,,,Dra,101673,15606,,175.618333,66.745,5.3,,1.28,K3III,-0.043,0.038,,false
4505,,,,,,101688,81949,,175.521667,22.210833,6.59,R,,F2IV-V,-0.092,-0.063,,false
4506,,,,,,101695,180117,,175.514583,-20.293889,6.22,,0.95,K0,-0.015,-0.048,,false
4507,,,,,,101782,258621,,175.255,-83.1,6.33,,1.08,K0III,-0.071,0.015,,false
4508,,,,,,101883,202744,,175.863333,-37.190278,5.98,,1.46,K3III,-0.015,-0.024,,false
4509,,,,,,101917,256865,,175.730833,-79.306389,6.39,,0.9,K0III-IV,0.132,-0.008,,false
4510,,,,,,101933,138375,,175.979583,-6.677222,6.07,,0.96,gG8,0.059,-0.04,,false
4511,,,,,,101947,251555,V810 Cen,175.88,-62.489444,5.03,,0.8,G00-IaFe1,-0.008,0.003,0.037,false
4512,,,,,,101980,81960,,176.055,25.218333,6.02,,1.53,K5III,-0.014,0.012,,false
4513,,,,,,101995,251559,,175.970417,-62.878333,6.1,,0.06,A2III-IV,0.017,-0.015,,false
4514, 27Zet Crt,27,Zet,,Crt,102070,156869,,176.190833,-18.350833,4.73,,0.97,G8IIIa,0.031,-0.03,0.03,false
4515,  2Xi  Vir,2,Xi,,Vir,102124,119029,,176.32125,8.258333,4.85,,0.18,A4V,0.061,-0.018,0.039,false
4516,,,,,,102150,222997,,176.3025,-49.069722,6.26,,1.17,K1III,-0.031,0.014,,false
4517,  3Nu  Vir,3,Nu,,Vir,102212,119035,5318,176.465,6.529444,4.03,,1.51,M1IIIab,-0.018,-0.184,0.014,false
4518, 63Chi UMa,63,Chi,,UMa,102224,43886,5319,176.5125,47.779444,3.71,,1.18,K0.5IIIb,-0.137,0.03,0.019,false
4519,,,,,,102232,223009,5317,176.432917,-45.69,5.29,,-0.12,B6III,-0.047,0.009,,false
4520,   Lam Mus,,Lam,,Mus,102249,251575,,176.401667,-66.728611,3.64,,0.16,A7III,-0.103,0.037,,false
4521,,,,,,102328,28142,,176.731667,55.628333,5.27,,1.27,K2.5IIIbCN1Ca1,0.014,-0.03,,false
4522,,,,,,102350,251579,5325,176.628333,-61.178333,4.11,,0.9,G5Ib-II,-0.027,-0.015,0.011,false
4523,,,,,,102365,223020,,176.629583,-40.500556,4.91,,0.66,G3V,-1.531,0.401,0.099,false
4524,,,,,,102397,202805,,176.779167,-35.906944,6.17,,0.96,G8III,0.034,-0.037,,false
4525,,,,,,102438,202811,,176.815417,-30.286944,6.48,,0.68,G5V,-0.276,-0.24,0.064,false
4526,,,,,,102461,239373,5334,176.829583,-57.696389,5.41,,1.67,K5III,-0.025,0.017,0.004,false
4527, 93    Leo,93,,,Leo,102509,81998,DQ Leo,176.99625,20.218889,4.53,,0.55,G5III-IVe+A7V,-0.149,-0.003,0.022,false
4528,  4    Vir,4,,,Vir,102510,119058,,176.97875,8.245833,5.32,,0.02,A1,-0.057,0.012,0.017,false
4529,,,,,,102574,156896,,177.097917,-10.313333,6.26,,0.58,F7V,-0.099,-0.115,,false
4530,   Mu  Mus,,Mu,,Mus,102584,251597,Mu  Mus,177.059583,-66.814722,4.72,,1.54,K4III,0.013,-0.015,0.013,false
4531,,,,,,102590,99800,5344,177.16125,14.284167,5.88,,0.29,F0V,-0.107,0.007,0.053,false
4532,,,,,,102620,180208,II Hya,177.187917,-26.749722,5.11,,1.6,M4+III,-0.032,-0.01,0.019,false
4533,,,,,,102634,138420,,177.255,-0.318611,6.15,,0.52,F7V,-0.217,0.009,,false
4534, 94Bet Leo,94,Bet,,Leo,102647,99809,Bet Leo,177.265,14.571944,2.14,,0.09,A3V,-0.497,-0.114,0.082,false
4535,,,,,,102660,99812,,177.312083,16.242778,6.04,,0.27,A3m,0.054,-0.061,,false
4536,,,,,,102713,62718,,177.42375,34.931667,5.7,,0.46,F5IV,-0.115,0.006,,false
4537,,,,,,102776,251602,5357,177.42125,-63.788333,4.32,,-0.15,B3Vne,-0.021,0.006,,false
4538,,,,,,102839,251604,,177.485833,-70.225833,4.97,,1.4,G6Ib,-0.009,0.001,0.009,false
4539,,,,,,102845,156926,,177.58125,-15.863889,6.13,,0.95,K0,-0.013,0.009,,false
4540,  5Bet Vir,5,Bet,,Vir,102870,119076,,177.67375,1.764722,3.61,,0.55,F9V,0.743,-0.271,0.104,false
4541,,,,,,102878,251605,,177.613333,-62.649444,5.7,,0.26,A2Iab,-0.012,-0.002,,false
4542,,,,,,102888,180232,,177.654583,-27.277778,6.48,,0.98,G8III,-0.087,0.01,,false
4543,,,,,,102910,99827,,177.730417,12.278889,6.35,,0.27,F0IVm s,-0.137,0.023,,false
4544,,,,,,102928,138445,,177.759167,-5.333333,5.64,,1.06,K0III,0.003,0.0,,false
4545,,,,,,102942,62731,,177.789167,33.375,6.27,,0.32,Am,-0.021,0.019,,false
4546,,,,,,102964,223062,,177.78625,-45.173611,4.46,,1.3,K3III,-0.07,-0.01,0.022,false
4547,,,,,,102990,156940,5365,177.84125,-12.187778,6.35,,0.4,F1III-IV,-0.238,0.048,,false
4548,,,,,,103026,202883,,177.923333,-30.835,5.85,,0.56,F7V,-0.01,-0.295,0.019,false
4549,,,,,,103079,251617,,177.963333,-65.206111,4.9,,-0.11,B4V,-0.039,-0.01,,false
4550,,,,,,103095,62738,CF UMa,178.245,37.718611,6.45,,0.75,G8Vp,4.003,-5.813,0.116,false
4551,,,,,,103101,239443,,178.042083,-56.987778,5.57,,0.07,A2V,-0.119,0.033,,false
4552,   Bet Hya,,Bet,,Hya,103192,202901,Bet Hya,178.2275,-33.908056,4.28,,-0.1,B9IIIpSi,-0.05,0.005,0.01,false
4553,,,,,,103266,202910,,178.361667,-35.066667,6.17,,0.08,A2V,-0.079,-0.028,,false
4554, 64Gam UMa,64,Gam,,UMa,103287,28179,5379,178.4575,53.694722,2.44,,0.0,A0Ve,0.095,0.012,0.028,false
4555,,,,,,103313,119100,,178.459583,0.551944,6.3,,0.2,F0V,-0.039,-0.007,,false
4556,,,,,,103400,239475,,178.547917,-57.41,6.06,,0.05,A0-1:III,-0.014,0.005,,false
4557,,,,,,103437,202926,,178.6075,-37.748889,6.46,,0.52,F7V,-0.309,0.06,0.052,false
4558,,,,,,103462,180288,,178.677083,-25.713889,5.3,,0.88,G4III,0.048,0.081,0.032,false
4559,  6    Vir,6,,,Vir,103484,119111,,178.762917,8.443889,5.58,,0.94,gK0,-0.031,0.016,,false
4560, 65    UMa,65,,,UMa,103483,43945,DN UMa,178.77375,46.476944,6.54,,0.1,A3Vn,0.001,0.008,0.003,false
4561, 65    UMa,65,,,UMa,103498,43946,,178.796667,46.469722,7.03,,0.01,A1pCrEuSr:,-0.009,0.006,0.003,false
4562,,,,,,103500,62754,,178.80875,36.756389,6.49,,1.58,M3III,-0.054,-0.05,,false
4563,,,,,,103516,251640,,178.749167,-63.278889,5.91,,0.19,A3Ib,-0.026,0.011,,false
4564, 95    Leo,95,,,Leo,103578,99869,,178.91875,15.646667,5.53,,0.11,A3V,0.009,0.002,-0.003,false
4565,,,,,,103596,180307,,178.917083,-28.476944,5.93,,1.5,K5III,0.004,-0.026,,false
4566, 66    UMa,66,,,UMa,103605,28191,,178.993333,56.598611,5.84,,1.1,K1III,0.01,0.0,,false
4567, 30Eta Crt,30,Eta,,Crt,103632,156988,5392,179.00375,-17.150833,5.18,,-0.02,A0V,-0.051,-0.006,0.023,false
4568,,,,,,103637,202950,,178.977917,-39.689167,6.13,,1.02,K0III,0.048,-0.008,,false
4569,,,,,,103736,15666,,179.221667,61.549167,6.22,,0.96,G8III,-0.031,-0.04,,false
4570,,,,,,103746,223127,,179.182917,-47.0725,6.26,,0.4,F5V,-0.126,0.016,,false
4571,,,,,,103789,202971,LV Hya,179.265417,-33.315278,6.21,,-0.04,A0V,-0.055,0.003,,false
4572,,,,,,103799,43963,,179.310833,40.343611,6.62,,0.46,F6V,-0.16,-0.062,,false
4573,,,,,,103884,251659,5397,179.417083,-62.448889,5.57,,-0.15,B3V,-0.022,-0.006,,false
4574,,,,,,103928,62774,,179.53,32.273889,6.42,,0.29,A9V,-0.109,-0.06,,false
4575,,,,,,103953,15673,,179.585833,61.464722,6.76,,,K0III,0.042,0.0,,false
4576,,,,,,103961,239533,5402,179.563333,-56.317222,5.44,,-0.08,B8III,-0.021,0.006,,false
4577,,,,,,103974,223139,,179.584583,-40.947222,6.79,,0.97,K1III,-0.057,0.021,,false
4578,,,,,,104035,251664,,179.69875,-64.339167,5.61,,0.18,A3Ib,-0.001,0.012,,false
4579,,,,,,104039,180349,,179.726667,-25.908889,6.43,,0.03,A0-1V,-0.027,-0.019,,false
4580,,,,,,104055,119147,,179.764167,0.530556,6.17,,1.26,K2IV,-0.061,0.027,,false
4581,,,,,,104075,62784,,179.823333,33.1675,5.96,,1.15,K1III,0.004,0.003,,false
4582,,,,,,104081,239548,,179.795417,-51.696667,6.05,,1.28,K1-2III,-0.012,-0.003,,false
4583,   Eps Cha,,Eps,,Cha,104174,256894,,179.905417,-78.221944,4.91,,-0.06,B9Vn,-0.057,-0.002,0.012,false
4584,,,,,,104179,62786,,179.988333,34.035,6.5,,0.22,A9III,-0.064,0.042,,false
4585,  7    Vir,7,,,Vir,104181,119156,,179.987083,3.655278,5.37,,0.0,A1V,-0.017,-0.006,0.016,false
4586,,,,,,104216,1967,5415,180.0775,80.853056,6.17,,1.61,M2III,-0.068,-0.038,,false
4587,,,,,,104304,157041,,180.185417,-10.446111,5.55,,0.77,G8-K0IV,0.126,-0.476,0.08,false
4588,,,,,,104307,180374,,180.177083,-21.837222,6.28,,1.22,K0IV,0.028,0.006,,false
4589,  8Pi  Vir,8,Pi,,Vir,104321,119164,,180.218333,6.614167,4.66,,0.13,A5V,0.001,-0.03,0.021,false
4590,,,,,,104337,157042,,180.213333,-19.658889,5.26,,-0.2,B1.5V,-0.021,0.013,,false
4591,,,,,,104356,138533,,180.2575,-1.768056,6.31,,1.21,gG8,-0.015,-0.07,,false
4592,,,,,,104430,239589,,180.370833,-57.503611,6.16,,0.0,A0V,-0.073,-0.015,,false
4593,,,,,,104438,62802,,180.414583,36.041944,5.59,,1.01,K0III,-0.091,-0.081,0.028,false
4594, 67    UMa,67,,,UMa,104513,44002,DP UMa,180.528333,43.045556,5.21,,0.26,F0Vam,-0.326,0.07,0.019,false
4595,,,,,,104555,258632,,180.58375,-85.631667,6.05,,1.29,K3III,-0.065,0.001,,false
4596,,,,,,104570,256897,,180.619167,-71.488889,6.42,,1.17,K1III,-0.064,0.018,,false
4597,,,,,,104600,251699,,180.657083,-69.192222,5.89,,-0.08,B9V,-0.039,-0.007,,false
4598,,,,,,104625,138551,,180.715,-7.683611,6.22,,1.49,K5,-0.036,0.02,,false
4599,   The1Cru,,The,1,Cru,104671,251705,,180.75625,-63.312778,4.33,,0.27,Am,-0.15,0.008,0.021,false
4600,,,,,,104731,223193,,180.915,-42.434167,5.15,,0.41,F6V,0.331,-0.114,0.039,false
4601,,,,,,104752,256898,,180.934583,-74.213889,6.44,,1.23,G6III,-0.027,0.007,,false
4602,  2    Com,2,,,Com,104827,82123,,181.069167,21.459167,5.87,,0.22,F0IV-V,0.036,-0.004,0.005,false
4603,   The2Cru,,The,2,Cru,104841,251717,The2 Cru,181.08,-63.165556,4.72,,-0.08,B2IV,-0.02,0.008,,false
4604,,,,,,104878,251720,,181.16125,-68.329167,5.35,,-0.01,A0IV,-0.054,-0.012,0.016,false
4605,   Kap Cha,,Kap,,Cha,104902,256899,,181.19375,-76.519167,5.04,,1.49,K4III,-0.082,0.048,0.003,false
4606,,,,,,104904,1975,,181.117083,85.587222,6.27,,0.59,F6V,-0.056,0.092,,false
4607,,,,,,104933,251723,,181.237917,-60.969167,5.96,,1.67,M2III,-0.038,-0.032,,false
4608,  9Omi Vir,9,Omi,,Vir,104979,119213,,181.302083,8.733056,4.12,,0.98,G8IIIaCN-1Ba1CH1,-0.22,0.046,0.039,false
4609,,,,,,104985,7500,,181.312917,76.905833,5.8,,1.01,G9III,0.147,-0.091,0.014,false
4610,,,,,,105043,15710,5452,181.415417,62.933056,6.13,,1.17,K2III,-0.05,-0.075,,false
4611,,,,,,105071,251734,,181.471667,-65.547222,6.33,,0.22,B6Iab-Ib,-0.031,-0.012,,false
4612,,,,,,105078,203119,5456,181.48625,-35.693889,6.23,,-0.08,B8V,-0.031,-0.002,,false
4613,,,,,,105089,138585,,181.499167,-3.131667,6.37,,1.0,gG8,-0.028,-0.019,,false
4614,,,,,,105138,251737,,181.5825,-68.650833,6.23,,1.24,G3Ib,-0.014,0.02,,false
4615,,,,,,105151,251738,,181.59625,-65.709167,6.06,,0.65,G8-K0III+A3-5V,-0.049,0.002,,false
4616,   Eta Cru,,Eta,,Cru,105211,251742,,181.720417,-64.613611,4.15,,0.34,F2III,0.033,-0.037,0.053,false
4617,,,,,,105340,256905,,181.9575,-75.366944,5.18,,1.3,K2II-III,-0.098,0.019,0.02,false
4618,,,,,,105382,239687,,182.021667,-50.661389,4.47,,-0.15,B6IIIe,-0.035,-0.01,,false
4619,,,,,,105383,239686,,182.02,-50.763333,6.37,,-0.05,B9V,-0.037,0.002,,false
4620,,,,,,105416,223235,,182.06125,-48.692778,5.34,,-0.01,B9V,-0.025,-0.017,,false
4621,   Del Cen,,Del,,Cen,105435,239689,Del Cen,182.089583,-50.7225,2.6,,-0.12,B2IVne,-0.034,-0.008,0.026,false
4622,,,,,,105437,251757,,182.1025,-60.847222,6.22,,1.74,K3-4II,-0.013,0.003,,false
4623,  1Alp Crv,1,Alp,,Crv,105452,180505,,182.103333,-24.728889,4.02,,0.32,F2III-IV,0.086,-0.04,0.07,false
4624,,,,,,105509,223241,V788 Cen,182.224167,-44.326111,5.75,,0.24,A2mA5-F2,-0.046,-0.049,,false
4625,,,,,,105521,223242,V817 Cen,182.227083,-41.231389,5.48,,-0.07,B3IV,-0.024,-0.006,,false
4626, 10    Vir,10,,,Vir,105639,119245,,182.422083,1.897778,5.95,,1.12,K3III,0.043,-0.178,0.009,false
4627,,,,,,105678,7512,,182.447083,74.661389,6.35,,0.5,F6IV,0.001,0.006,,false
4628,,,,,,105686,203183,,182.510417,-34.705,6.17,,0.03,A0V,-0.052,-0.018,0.006,false
4629, 11    Vir,11,,,Vir,105702,119249,,182.514167,5.806944,5.72,,0.35,F2-6IIIm vs,-0.158,0.016,0.019,false
4630,  2Eps Crv,2,Eps,,Crv,105707,180531,5483,182.53125,-22.619722,3.0,,1.33,K2.5IIIaBa0.2:,-0.071,0.014,0.027,false
4631,,,,,,105776,203195,,182.640833,-37.870278,6.06,,0.2,A5V,0.047,-0.035,,false
4632,  3    Com,3,,,Com,105778,99973,,182.631667,16.809167,6.39,,0.06,A4V,-0.017,0.001,,false
4633,,,,,,105805,82166,5485,182.692083,27.281389,6.01,,0.11,A4Vn,-0.009,-0.014,,false
4634,,,,,,105841,251778,,182.770417,-61.2775,6.08,,0.39,F2-3IV,-0.134,-0.018,,false
4635,  3    Crv,3,,,Crv,105850,180546,,182.76625,-23.6025,5.46,,0.06,A2V,-0.063,-0.016,0.023,false
4636,,,,,,105852,223266,,182.762083,-45.422778,6.61,,1.08,K0III,-0.018,0.009,,false
4637,,,,,,105920,239735,,182.880833,-51.359444,6.23,,0.82,G6III+G:,-0.208,-0.067,,false
4638,   Rho Cen,,Rho,,Cen,105937,239737,,182.912917,-52.368611,3.96,,-0.15,B3V,-0.035,-0.016,0.032,false
4639,,,,,,105943,1991,,182.75,81.71,6.0,,1.62,gK5,-0.029,0.007,,false
4640,  4    Com,4,,,Com,105981,82178,,182.963333,25.870278,5.66,,1.41,K4III,-0.038,-0.031,,false
4641, 68    UMa,68,,,UMa,106002,28291,,182.937083,57.054444,6.43,R,,gK5,0.007,-0.013,,false
4642,,,,,,106022,82181,,183.005,28.536111,6.49,,0.36,F5V,0.097,-0.071,,false
4643,  5    Com,5,,,Com,106057,82182,,183.03875,20.541944,5.57,,0.95,K0II-III,-0.02,-0.019,,false
4644,,,,,,106068,251790,,183.091667,-62.950833,5.92,,0.29,B8Ia-Iab,-0.007,0.002,,false
4645,,,,,,106111,251791,S Mus,183.195,-70.151944,6.17,,0.84,F6Ib,-0.022,-0.009,,false
4646,,,,,,106112,7522,,183.049583,77.616389,5.14,,0.33,A5m,0.01,0.022,0.031,false
4647,,,,,,106198,203245,5503,183.304167,-34.125556,6.5,,1.66,M4III,-0.03,-0.006,,false
4648,,,,,,106231,203250,,183.355417,-38.929167,5.76,,-0.13,B4IV,-0.003,-0.006,,false
4649,,,,,,106248,256915,,183.482083,-78.573611,6.35,,1.24,K2-3IIICNII,-0.033,-0.003,,false
4650, 12    Vir,12,,,Vir,106251,99997,,183.357917,10.262222,5.85,,0.27,A2m,-0.091,-0.01,,false
4651,,,,,,106257,203252,,183.402917,-33.792778,6.33,,0.08,A0V,-0.006,-0.011,,false
4652,,,,,,106321,223297,,183.510833,-45.723889,5.31,,1.43,K3III,-0.042,0.007,0.007,false
4653,,,,,,106343,251803,,183.57,-64.408611,6.22,,0.12,B1.5Ia,-0.013,0.004,,false
4654,,,,,,106478,28309,,183.680833,53.434722,6.16,,1.04,gK0,-0.019,-0.015,,false
4655,,,,,,106485,180602,,183.748333,-20.844167,5.83,,1.05,gG7,0.001,0.004,,false
4656,   Del Cru,,Del,,Cru,106490,239791,Del Cru,183.78625,-58.748889,2.8,,-0.23,B2IV,-0.041,-0.009,0.003,false
4657,,,,,,106516,157168,,183.794167,-10.3125,6.11,,0.46,F5V,0.034,-1.017,0.034,false
4658,,,,,,106572,223309,,183.877083,-41.913056,6.26,,1.01,K0III,-0.331,-0.175,0.025,false
4659,,,,,,106574,7532,,183.785417,70.2,5.71,,1.19,gK2,-0.023,-0.026,0.013,false
4660, 69Del UMa,69,Del,,UMa,106591,28315,5513,183.856667,57.0325,3.31,,0.08,A3V,0.104,0.009,0.061,false
4661,,,,,,106612,180619,,183.945833,-23.353611,6.54,,0.45,F3V,0.039,-0.03,0.016,false
4662,  4Gam Crv,4,Gam,,Crv,106625,157176,5515,183.951667,-17.541944,2.59,,-0.11,B8IIIpHgMn,-0.161,0.023,,false
4663,  6    Com,6,,,Com,106661,100012,,184.000833,14.898889,5.1,,0.06,A3V,-0.08,-0.034,0.026,false
4664,,,,,,106676,256919,,184.097917,-72.614722,6.22,,-0.01,A0V,-0.053,-0.026,,false
4665,,,,,,106677,7533,DK Dra,183.9225,72.550833,6.29,,1.14,K0IIIe+K0IIIe,-0.014,-0.035,,false
4666,  2    CVn,2,,,CVn,106690,44097,,184.031667,40.660278,5.66,,1.55,M1III+F7V,0.017,-0.032,0.004,false
4667,  7    Com,7,,,Com,106714,82211,,184.085417,23.945278,4.95,,0.97,G8IIIFe-0.5,-0.027,-0.007,0.006,false
4668,,,,,,106760,62928,Var?,184.125417,33.061389,5.0,,1.14,K0.5IIIb,-0.053,-0.111,0.022,false
4669,,,,,,106797,251826,,184.275,-65.692778,6.06,,0.03,A0V,-0.057,-0.001,,false
4670,,,,,,106819,157184,5527,184.26375,-16.693611,6.05,,0.1,A2IV,-0.048,0.003,,false
4671,   Eps Mus,,Eps,,Mus,106849,251830,Eps Mus,184.392083,-67.960833,4.11,,1.58,M5III,-0.244,-0.025,0.046,false
4672,,,,,,106884,28327,,184.372917,53.191111,5.81,,1.3,K6III,0.034,-0.046,,false
4673,,,,,,106887,82219,,184.377083,28.937222,5.7,,0.16,A4m:,-0.042,0.037,,false
4674,   Bet Cha,,Bet,,Cha,106911,256924,5532,184.58625,-79.312222,4.26,,-0.12,B5Vn,-0.048,0.017,,false
4675,,,,,,106922,203319,,184.447083,-36.093889,6.15,,0.01,A0V,-0.037,-0.006,0.004,false
4676,,,,,,106926,100023,,184.434583,15.144167,6.34,,1.37,K4III,0.044,-0.063,,false
4677,,,,,,106975,138703,,184.537917,-3.954444,6.99,,0.36,F3V,-0.017,0.016,0.016,false
4678,,,,,,106976,138704,,184.54,-3.948611,6.54,,0.33,F2V,-0.013,0.024,0.016,false
4679,   Zet Cru,,Zet,,Cru,106983,251841,,184.60875,-64.003056,4.04,,-0.17,B2.5V,-0.05,-0.01,,false
4680,,,,,,107054,62943,,184.631667,30.249167,6.23,,0.3,A9.5III,0.077,-0.116,,false
4681, 13    Vir,13,,,Vir,107070,138710,,184.667917,-0.787222,5.9,,0.17,A5Vn,0.029,-0.016,,false
4682,,,,,,107079,239838,5544,184.74875,-55.143056,5.0,,1.59,M1III,-0.076,-0.014,0.01,false
4683,,,,,,107113,2012,,184.214167,86.436111,6.33,,0.43,F4V,0.21,-0.003,0.037,false
4684,,,,,,107131,82237,FM Com,184.75875,26.007778,6.48,,0.18,A5-7mIV-V,-0.004,-0.022,,false
4685,  8    Com,8,,,Com,107168,82239,,184.829583,23.034722,6.27,,0.17,A5III vs,-0.022,-0.012,,false
4686,,,,,,107192,2010,,183.834583,87.7,6.28,,0.35,F2V,-0.028,0.054,,false
4687,,,,,,107193,7540,,184.707917,75.160556,5.38,,-0.02,A1V,-0.04,0.002,0.018,false
4688,  9    Com,9,,,Com,107213,82244,,184.873333,28.156944,6.33,,0.5,F8V s,-0.197,-0.129,0.025,false
4689, 15Eta Vir,15,Eta,,Vir,107259,138721,5555,184.976667,-0.666944,3.89,,0.02,A2IV,-0.063,-0.018,0.016,false
4690,  3    CVn,3,,,CVn,107274,44127,,184.952917,48.984167,5.29,,1.66,M0III,-0.012,0.007,,false
4691,,,,,,107295,180695,,185.044583,-22.175556,5.97,,0.82,G3IV,-0.109,-0.025,0.008,false
4692,,,,,,107301,251854,,185.116667,-65.842778,6.21,,-0.04,B9V,-0.056,-0.015,,false
4693,,,,,,107325,82250,5559,185.082083,26.619444,5.54,,1.09,K2III-IV,-0.065,-0.107,,false
4694,,,,,,107326,82249,5557,185.07375,26.001944,6.15,,0.3,F0IV,-0.145,0.019,0.06,false
4695, 16    Vir,16,,,Vir,107328,119341,,185.0875,3.3125,4.96,,1.16,K0-IIIbFe-1,-0.292,-0.065,-0.002,false
4696,  5Zet Crv,5,Zet,,Crv,107348,180700,,185.140417,-22.215833,5.21,,-0.1,B8Vne,-0.095,-0.028,,false
4697, 11    Com,11,,,Com,107383,100053,,185.179167,17.792778,4.74,,1.01,G8+III,-0.111,0.092,,false
4698,,,,,,107398,82254,,185.172083,27.054722,7.13,,0.36,F3V+F3V,-0.001,-0.114,0.008,false
4699,,,,,,107418,157226,5564,185.232083,-13.565556,5.14,,1.05,K1III,-0.006,0.014,0.02,false
4700,   Eps Cru,,Eps,,Cru,107446,251862,5568,185.34,-60.401111,3.59,,1.42,K3-4III,-0.175,0.087,0.026,false
4701, 70    UMa,70,,,UMa,107465,28346,,185.211667,57.863889,5.55,,1.43,K5III,0.041,-0.073,,false
4702,,,,,,107543,239880,,185.489583,-56.374722,5.92,,1.57,K4III+F:,-0.008,-0.012,,false
4703,   Zet2Mus,,Zet,2,Mus,107566,251866,,185.530417,-67.521944,5.15,,0.19,A5V,-0.031,-0.003,0.007,false
4704,   Zet1Mus,,Zet,1,Mus,107567,251868,,185.549583,-68.3075,5.74,,1.04,K0III,-0.016,-0.057,,false
4705,,,,,,107655,82271,,185.545,24.773889,6.19,,-0.01,A0V,-0.062,-0.008,,false
4706,,,,,,107696,239901,Var?,185.705417,-57.676111,5.39,,-0.1,B9V,-0.046,-0.013,,false
4707, 12    Com,12,,,Com,107700,82273,5581,185.62625,25.846111,4.81,,0.49,G0III-IV+A3V,-0.011,-0.009,0.014,false
4708, 17    Vir,17,,,Vir,107705,119360,5579,185.633333,5.305556,6.4,,0.6,F8V,-0.166,-0.053,0.027,false
4709,,,,,,107739,258644,,186.40625,-86.150556,6.33,,1.08,K0III,-0.017,-0.001,,false
4710,,,,,,107773,251877,,185.8075,-67.631667,6.36,,0.89,G8-K0IV,-0.759,0.254,0.013,false
4711,  6    Crv,6,,,Crv,107815,180747,,185.84,-24.840556,5.68,,1.16,gK1,-0.019,-0.01,,false
4712,,,,,,107832,203420,,185.8975,-35.412778,5.32,,-0.08,B9III,-0.036,-0.003,,false
4713,,,,,,107833,203421,,185.90375,-39.303056,6.4,,0.29,F2V,-0.009,-0.016,,false
4714,,,,,,107860,203424,,185.937083,-38.911111,5.79,,-0.08,B9V,-0.036,0.0,,false
4715,  4    CVn,4,,,CVn,107904,44155,AI CVn,185.945833,42.542778,6.06,,0.33,F3III-IV,-0.078,0.015,,false
4716,  5    CVn,5,,,CVn,107950,28366,Var,186.00625,51.562222,4.8,,0.87,G6IIIBa0.2,0.014,0.013,0.038,false
4717, 13    Com,13,,,Com,107966,82291,GN Com,186.077083,26.098611,5.18,,0.08,A3V,-0.016,-0.011,0.009,false
4718,,,,,,107998,223417,,186.18625,-41.384167,6.25,,1.18,K2-3III,-0.064,-0.071,,false
4719,,,,,,108007,82293,,186.11125,25.582778,6.42,,0.27,A7V+F4V,-0.014,-0.004,0.011,false
4720,,,,,,108054,251893,,186.322083,-65.770556,6.3,,0.96,G8-K0IV,-0.08,-0.121,,false
4721,,,,,,108063,223426,,186.285417,-42.514444,6.11,,0.65,G5III+F-G,-0.13,-0.022,,false
4722,,,,,,108107,157272,,186.29875,-11.610278,5.95,,0.03,A1V,-0.065,-0.023,,false
4723,,,,,,108110,180786,,186.326667,-27.749167,6.09,,1.27,K1III,0.005,-0.001,,false
4724,,,,,,108114,203450,5610,186.340833,-35.186389,5.73,,-0.06,B9III,-0.034,-0.006,,false
4725,,,,,,108123,82297,,186.312917,23.926111,6.03,,1.1,K0III,0.058,-0.038,0.007,false
4726, 71    UMa,71,,,UMa,108135,28375,,186.263333,56.7775,5.81,,1.62,M3IIIb,-0.014,-0.018,,false
4727,,,,,,108150,15801,,186.276667,63.802778,6.32,,0.91,G8III,-0.015,0.002,,false
4728,  6    CVn,6,,,CVn,108225,63000,,186.462083,39.018611,5.02,,0.96,G9III,-0.078,-0.032,0.03,false
4729,,,,,,108250,251903,,186.62875,-63.1225,4.86,,-0.12,B4IV,-0.04,-0.025,,false
4730,   Alp1Cru,,Alp,1,Cru,108248,251904,,186.649583,-63.099167,1.33,,-0.24,B0.5IV,-0.036,-0.012,0.008,false
4731,   Alp2Cru,,Alp,2,Cru,108249,,,186.652083,-63.099444,1.73,,-0.26,B1V,-0.034,-0.007,0.008,false
4732,,,,,,108257,239948,,186.631667,-51.450833,4.82,,-0.14,B3Vn,-0.044,-0.017,,false
4733, 14    Com,14,,,Com,108283,82310,,186.600417,27.268333,4.95,,0.27,F0p,-0.013,-0.008,0.014,false
4734,,,,,,108309,223443,,186.700833,-48.913333,6.26,,0.68,G3-5V,-0.633,-0.082,0.04,false
4735,,,,,,108323,203477,,186.715417,-32.83,5.55,,0.01,B9V,-0.005,-0.027,,false
4736,,,,,,108355,251911,,186.8525,-63.789167,6.0,,0.07,B8IV,-0.035,-0.018,,false
4737, 15Gam Com,15,Gam,,Com,108381,82313,,186.734583,28.268333,4.36,,1.13,K1IIIFe0.5,-0.083,-0.08,0.003,false
4738, 16    Com,16,,,Com,108382,82314,,186.747083,26.825556,5.0,,0.08,A4V,-0.006,-0.011,0.024,false
4739,,,,,,108396,239960,BL Cru,186.869583,-58.991944,5.5,,1.45,M4-5III,-0.031,0.005,0.007,false
4740,,,,,,108399,7563,,186.600833,71.929722,6.24,,1.06,gG8,-0.153,-0.023,0.005,false
4741,,,,,,108471,119413,,186.925417,8.610278,6.37,,0.93,G8III,0.018,-0.01,,false
4742,,,,,,108477,157299,,186.955833,-16.631944,6.35,,0.84,G3III,-0.018,0.003,,false
4743,   Sig Cen,,Sig,,Cen,108483,223454,,187.01,-50.230556,3.91,,-0.19,B2V,-0.03,-0.015,,false
4744,,,,,,108501,251920,,187.07875,-64.341389,6.04,,0.02,A0Vn,-0.068,-0.027,,false
4745, 73    UMa,73,,,UMa,108502,28394,,186.89625,55.712778,5.7,,1.55,M2IIIb,-0.021,-0.012,,false
4746,,,,,,108506,138798,FT Vir,186.965,-4.615278,6.22,,0.44,A8n,-0.086,0.006,,false
4747,,,,,,108530,251924,,187.10625,-61.795278,6.22,,1.26,K2III,-0.034,-0.014,,false
4748,,,,,,108541,203508,,187.09375,-39.041389,5.44,,-0.08,B8V,-0.023,-0.017,,false
4749,,,,,,108570,239977,,187.139167,-56.407778,6.15,,0.92,K0-1III,-0.24,-0.22,0.021,false
4750,,,,,,108642,82326,,187.15875,26.226667,6.54,,0.17,A2m,-0.02,-0.014,,false
4751,,,,,,108651,82328,,187.185833,25.899167,6.65,,0.22,Am(A2/A9V/F0),-0.018,-0.021,,false
4752, 17    Com,17,,,Com,108662,82330,AI Com,187.227917,25.912778,5.29,,-0.05,A1IVp,-0.025,-0.02,0.021,false
4753, 18    Com,18,,,Com,108722,82333,,187.362083,24.108889,5.48,,0.43,F5III,-0.031,-0.001,,false
4754,,,,,,108732,239999,,187.474583,-56.524722,5.8,,1.56,M1III,-0.022,0.019,,false
4755,,,,,,108759,223471,5655,187.49125,-41.736111,6.02,,1.52,M2II-III,0.008,-0.025,,false
4756, 20    Com,20,,,Com,108765,82336,,187.43,20.896111,5.69,,0.07,A3V,0.024,-0.032,,false
4757,  7Del Crv,7,Del,,Crv,108767,157323,5656,187.46625,-16.515556,2.95,,-0.05,B9.5V,-0.21,-0.138,0.024,false
4758,,,,,,108799,157326,,187.52,-13.393056,6.35,,0.56,G0V,-0.248,-0.041,0.049,false
4759,,,,,,108821,180850,5662,187.572917,-23.696667,5.63,,1.67,M0III,-0.02,-0.003,,false
4760, 74    UMa,74,,,UMa,108844,28405,,187.48875,58.405833,5.35,,0.2,A5Del Del,-0.062,0.091,0.039,false
4761,  7    CVn,7,,,CVn,108845,28407,,187.512083,51.535556,6.21,,0.51,F6-8V,-0.289,0.024,0.035,false
4762, 75    UMa,75,,,UMa,108861,28408,,187.517917,58.7675,6.08,,0.98,G8III-IV,0.031,-0.024,,false
4763,   Gam Cru,,Gam,,Cru,108903,240019,5672,187.79125,-57.113333,1.63,,1.59,M3.5III,0.023,-0.262,,false
4764,   Gam Cru,,Gam,,Cru,108925,240022,,187.819583,-57.081111,6.42,,0.16,A3V,0.002,0.0,,false
4765,  4    Dra,4,,,Dra,108907,15816,CQ Dra,187.527917,69.201111,4.95,,1.62,M3IIIa,-0.059,-0.052,0.016,false
4766, 21    Com,21,,,Com,108945,82346,UU Com,187.7525,24.567222,5.46,,0.05,A2p,-0.012,-0.009,,false
4767,,,,,,108954,28413,,187.70875,53.076667,6.21,,0.54,F8-G0V,0.015,0.181,,false
4768,,,,,,108968,240027,BG Cru,187.917917,-59.423889,5.48,,0.63,F7Ib-II,-0.018,-0.004,0.01,false
4769,,,,,,108970,256954,,188.041667,-73.001667,5.88,,1.11,K1III,0.038,-0.024,,false
4770,,,,,,108985,119453,,187.839167,7.604167,6.05,,1.52,K5,-0.018,0.01,,false
4771,,,,,,109000,251946,,187.9825,-63.506111,5.95,,0.27,A8III,-0.063,0.008,,false
4772,,,,,,109014,138832,,187.91125,-5.0525,6.19,,1.04,gG9,-0.038,0.031,,false
4773,   Gam Mus,,Gam,,Mus,109026,256955,,188.116667,-72.133056,3.87,,-0.15,B5V,-0.058,-0.002,,false
4774,,,,,,109074,203567,,188.01875,-32.533611,6.46,,0.2,A3V,-0.015,-0.008,,false
4775,  8Eta Crv,8,Eta,,Crv,109085,157345,5690,188.0175,-16.196111,4.31,,0.38,F2III-IV,-0.426,-0.061,0.052,false
4776,,,,,,109141,157350,,188.15,-13.859167,5.74,,0.4,F2V,-0.144,-0.051,,false
4777, 20    Vir,20,,,Vir,109217,100146,,188.262083,10.295556,6.26,,0.95,G8III,-0.051,0.005,,false
4778,,,,,,109238,157359,5715,188.343333,-19.791944,6.26,,0.29,F2V,-0.013,-0.002,,false
4779,,,,,,109272,157361,,188.392917,-12.830278,5.58,,0.86,G8III,-0.016,0.052,,false
4780, 22    Com,22,,,Com,109307,82378,,188.3925,24.283056,6.29,,0.11,A4Vm,-0.018,-0.004,,false
4781, 21    Vir,21,,,Vir,109309,138845,,188.445,-9.451944,5.48,,-0.03,A0V,-0.08,0.007,0.019,false
4782,,,,,,109312,223516,,188.496667,-49.909444,6.38,,0.46,F3III-IV,-0.163,-0.04,,false
4783,,,,,,109317,63070,,188.412083,33.2475,5.42,,1.0,K0IIICN-1,0.02,-0.033,0.033,false
4784,,,,,,109345,63072,,188.4475,33.384722,6.24,,1.05,K0III,0.002,-0.008,0.056,false
4785,  8Bet CVn,8,Bet,,CVn,109358,44230,5725,188.435417,41.3575,4.26,,0.59,G0V,-0.705,0.292,0.117,false
4786,  9Bet Crv,9,Bet,,Crv,109379,180915,5729,188.596667,-23.396667,2.65,,0.89,G5II,0.002,-0.054,0.034,false
4787,  5Kap Dra,5,Kap,,Dra,109387,7593,Kap Dra,188.370833,69.788333,3.87,,-0.13,B6IIIpe,-0.059,0.012,0.013,false
4788,,,,,,109409,223527,,188.67625,-44.673333,5.77,,0.7,G1V,-0.083,-0.215,0.021,false
4789, 23    Com,23,,,Com,109485,82390,,188.712917,22.629167,4.81,,0.0,A0IV,-0.065,0.021,0.004,false
4790,,,,,,109492,251962,,188.870833,-61.841944,6.22,,0.73,G3III,-0.304,-0.084,,false
4791, 24    Com,24,,,Com,109510,100159,5745,188.77625,18.377222,6.56,,0.25,A9Vm,-0.003,0.024,0.002,false
4792, 24    Com,24,,,Com,109511,100160,5748,188.7825,18.376944,5.02,,1.15,K2III,-0.006,0.023,0.002,false
4793,,,,,,109519,82394,,188.78375,21.881389,5.85,,1.22,K1III,0.014,-0.019,,false
4794,,,,,,109536,223542,Var?,188.939583,-41.021944,5.13,,0.22,A7III,-0.107,-0.001,0.024,false
4795,  6    Dra,6,,,Dra,109551,7600,,188.683333,70.021944,4.94,,1.31,K3III*,-0.032,0.0,,false
4796,,,,,,109573,203621,,189.005,-39.87,5.8,,0.01,A0V,-0.034,-0.037,,false
4797,,,,,,109585,180937,TU Crv,188.994167,-20.527222,6.2,,0.33,F0III,0.014,-0.037,,false
4798,   Alp Mus,,Alp,,Mus,109668,251974,Alp Mus,189.295833,-69.135556,2.69,,-0.2,B2IV-V,-0.048,-0.013,,false
4799, 25    Vir,25,,,Vir,109704,138873,,189.1975,-5.831944,5.87,,0.07,A3V,-0.028,-0.018,,false
4800,,,,,,109729,28444,T UMa,189.097083,59.486944,5.5,H,,M4IIIe,-0.025,-0.011,,false
4801, 25    Com,25,,,Com,109742,100176,,189.242917,17.089444,5.68,,1.41,K5III,-0.037,-0.016,,false
4802,   Tau Cen,,Tau,,Cen,109787,223560,,189.425833,-48.541111,3.86,,0.05,A2V,-0.184,-0.005,0.024,false
4803,,,,,,109799,180965,,189.425833,-27.138889,5.45,,0.32,F1IV,0.076,-0.091,0.037,false
4804,,,,,,109857,256967,,189.810417,-75.369444,6.49,,0.08,B8Vne,-0.032,0.031,,false
4805,,,,,,109860,119503,,189.518333,3.2825,6.33,,0.01,A1V,-0.029,-0.009,,false
4806,,,,,,109867,251980,,189.71875,-67.193056,6.25,,0.06,B1Ia,-0.006,-0.002,,false
4807,,,,,,109896,119508,FW Vir,189.593333,1.854722,5.71,,1.6,M3+IIIbCa0.5,-0.08,-0.018,0.029,false
4808,,,,,,109914,119509,R Vir,189.625,6.988333,7.08,,1.44,M4.5IIIe,-0.026,-0.004,0.014,false
4809,,,,,,109931,157415,,189.685833,-18.250278,6.0,,0.29,dA6,-0.119,0.025,,false
4810,,,,,,109960,203666,5822,189.764583,-30.422222,5.89,,1.21,K2-3III,-0.034,-0.006,,false
4811,  9    CVn,9,,,CVn,109980,44265,,189.692917,40.874444,6.37,,0.18,A7Vn,-0.026,-0.016,,false
4812,,,,,,109996,82420,,189.75875,22.659444,6.38,,1.1,K1III,-0.05,-0.016,,false
4813, 26Chi Vir,26,Chi,,Vir,110014,138892,,189.811667,-7.995556,4.66,,1.23,K2III-IIIbCN1,-0.076,-0.025,0.02,false
4814,,,,,,110020,251987,FH Mus,189.981667,-66.511667,6.26,,-0.05,B8V,-0.059,-0.021,,false
4815, 26    Com,26,,,Com,110024,82421,,189.780417,21.0625,5.46,,0.96,G9III,-0.081,-0.013,,false
4816,,,,,,110066,63118,AX CVn,189.820417,35.951944,6.45,,0.06,A0pSrCrEu,0.022,-0.006,,false
4817,,,,,,110073,203681,5835,189.96875,-39.9875,4.64,,-0.08,B8II/III,-0.047,-0.03,,false
4818,,,,,,110287,223601,,190.345833,-46.145556,5.84,,1.52,K4III,-0.069,0.057,,false
4819,   Gam Cen,,Gam,,Cen,110304,223603,,190.379167,-48.959722,2.17,,-0.01,A1IV,-0.189,-0.005,0.016,false
4820,,,,,,110311,251996,R Mus,190.52125,-69.4075,6.33,,0.78,F7Ib-G2,-0.004,-0.002,,false
4821,,,,,,110317,157447,5855,190.316667,-13.013611,6.08,H,,F3Vn,-0.113,0.019,0.014,false
4822,,,,,,110318,157448,5855,190.3175,-13.015,5.98,H,0.42,F5V,-0.127,0.008,0.014,false
4823,,,,,,110335,240161,5858,190.485833,-59.685833,4.93,,-0.04,B6IVe,-0.025,-0.002,,false
4824, 27    Vir,27,,,Vir,110377,100207,GG Vir,190.393333,10.426389,6.19,,0.19,A7Vn,-0.109,0.004,,false
4825, 29Gam Vir,29,Gam,,Vir,110379,138917,5859,190.415,-1.449444,3.65,H,0.36,F0V,-0.565,0.012,0.099,false
4826, 29Gam Vir,29,Gam,,Vir,110380,138917,5859,190.415,-1.449444,3.68,H,,F0V,-0.565,0.012,0.099,false
4827,,,,,,110385,157451,,190.455,-19.758611,6.03,,0.39,F3-5III,-0.212,0.027,,false
4828, 30Rho Vir,30,Rho,,Vir,110411,100211,Rho Vir,190.47125,10.235556,4.88,,0.09,A0V,0.084,-0.091,,false
4829, 31    Vir,31,,,Vir,110423,119538,5867,190.487917,6.806667,5.59,,0.0,A2V,-0.068,-0.012,0.012,false
4830,,,,,,110432,252002,BZ Cru,190.709583,-63.058611,5.31,,0.27,B1IIIe,-0.015,0.0,,false
4831,,,,,,110458,223614,,190.6475,-48.813056,4.66,,1.09,K0III,-0.127,-0.032,0.025,false
4832,,,,,,110461,240176,,190.706667,-55.947222,6.08,,-0.03,B9V,-0.047,-0.019,,false
4833, 76    UMa,76,,,UMa,110462,15871,,190.39125,62.713056,6.07,,0.01,A2III,-0.032,-0.017,,false
4834,,,,,,110506,240179,,190.787917,-56.176111,6.0,,-0.08,B7-8V,-0.041,-0.01,,false
4835,,,,,,110532,240183,,190.8675,-58.903056,6.4,,1.09,K0-1III,-0.085,-0.011,,false
4836,,,,,,110575,203746,,190.859583,-40.177778,6.44,,0.25,A8V:,0.027,-0.014,,false
4837,,,,,,110646,138933,,190.90875,-1.576944,5.93,,0.86,G8IIIp,0.05,-0.076,,false
4838,,,,,,110653,203756,,190.994583,-36.349167,6.39,,-0.06,A0V,0.013,-0.007,,false
4839,,,,,,110666,181063,,191.002083,-28.323889,5.48,,1.34,K4III,-0.027,-0.038,,false
4840,,,,,,110678,15877,Var,190.7675,61.155556,6.38,,1.26,K0,-0.047,0.026,,false
4841,,,,,,110716,252012,,191.257083,-68.831111,6.16,,0.69,F6Ia,-0.032,-0.015,,false
4842,   Iot Cru,,Iot,,Cru,110829,252016,,191.407917,-60.981111,4.69,,1.05,K0III,0.098,-0.063,0.036,false
4843,,,,,,110834,44307,,191.112917,44.103056,6.33,,0.43,F6IV,-0.027,0.005,,false
4844,   Bet Mus,,Bet,,Mus,110879,252019,,191.570417,-68.108056,3.05,,-0.18,B2.5V,-0.039,-0.017,0.015,false
4845, 10    CVn,10,,,CVn,110897,63177,,191.247917,39.278889,5.95,,0.55,G0V,-0.355,0.139,0.063,false
4846,,,,,,110914,44317,Y CVn,191.2825,45.440278,4.99,,2.54,C7I,-0.001,0.015,0.002,false
4847, 32    Vir,32,,,Vir,110951,119574,FM Vir,191.404583,7.673333,5.22,,0.33,F0IIIm,-0.107,0.004,0.014,false
4848,,,,,,110956,240235,,191.594583,-56.488889,4.65,,-0.16,B3V,-0.036,-0.013,,false
4849, 33    Vir,33,,,Vir,111028,119580,,191.59375,9.54,5.67,,0.99,K1III-IV,0.277,-0.446,0.021,false
4850,,,,,,111032,203797,,191.691667,-33.315556,5.86,,1.34,K3III,-0.007,-0.03,,false
4851, 27    Com,27,,,Com,111067,100252,,191.66125,16.5775,5.12,,1.35,K3III,0.009,0.007,,false
4852,,,,,,111112,2080,,191.108333,80.621111,6.4,,0.12,A5m,0.03,-0.042,,false
4853,   Bet Cru,,Bet,,Cru,111123,240259,Bet Cru,191.93,-59.688611,1.25,,-0.23,B0.5III,-0.048,-0.014,,false
4854,,,,,,111133,119585,EP Vir,191.759583,5.950833,6.34,,-0.05,A0pSrEuCr,0.035,-0.043,,false
4855, 34    Vir,34,,,Vir,111164,100260,,191.806667,11.958056,6.07,,0.12,A3V,0.042,-0.018,,false
4856,,,,,,111199,138967,,191.889167,-6.301944,6.26,,0.55,F7V,0.001,-0.044,,false
4857,,,,,,111226,181105,,191.97375,-24.851667,6.44,,-0.06,B8III,-0.041,0.04,,false
4858, 35    Vir,35,,,Vir,111239,119596,5947,191.964167,3.572778,6.41,,1.6,M3IIIb,-0.006,-0.003,,false
4859,,,,,,111270,15901,,191.82875,62.780833,5.89,R,,A9V,0.016,-0.001,,false
4860,,,,,,111295,181114,,192.11,-27.5975,5.66,,0.95,G5III-IV,-0.139,-0.063,,false
4861, 28    Com,28,,,Com,111308,100269,,192.059583,13.553056,6.56,,0.01,A1V,-0.047,-0.028,,false
4862,,,,,,111315,256983,,192.437083,-71.986389,5.55,,1.17,G8Ib-II,0.001,-0.005,,false
4863,  7    Dra,7,,,Dra,111335,15902,,191.893333,66.790278,5.43,,1.56,gK5,0.01,-0.005,0.023,false
4864,,,,,,111395,82511,,192.195833,24.840278,6.31,,0.7,G7V,-0.339,-0.108,0.043,false
4865, 29    Com,29,,,Com,111397,100283,,192.225833,14.1225,5.7,,0.02,A1V,0.026,-0.019,,false
4866, 11    CVn,11,,,CVn,111421,44332,,192.174167,48.466944,6.27,,0.18,A6m,-0.065,0.016,,false
4867,,,,,,111456,15907,,192.164167,60.32,5.85,,0.46,F5V,0.105,0.001,0.041,false
4868,,,,,,111463,252047,,192.55,-60.400833,6.75,,0.35,A3II,-0.007,-0.017,,false
4869, 30    Com,30,,,Com,111469,82515,,192.3225,27.552222,5.78,,0.03,A2V,-0.096,0.021,,false
4870,   Iot Oct,,Iot,,Oct,111482,258654,,193.744167,-85.123333,5.46,,1.02,K0III,0.062,0.028,,false
4871,,,,,,111519,223698,,192.581667,-48.459722,6.24,,0.05,A0V,-0.037,0.002,,false
4872,,,,,,111588,240314,,192.74125,-52.7875,5.73,,0.13,A5V,-0.026,-0.012,,false
4873,,,,,,111591,82523,,192.5725,22.863333,6.43,,1.0,K0III,0.109,-0.069,,false
4874,,,,,,111597,203863,,192.671667,-33.999444,4.91,,-0.04,A0IV,-0.028,-0.02,0.02,false
4875,,,,,,111604,63217,5983,192.544583,37.516944,5.89,,0.15,A3V,-0.097,0.027,-0.0,false
4876,,,,,,111613,252054,5991,192.824167,-60.329722,5.72,,0.38,A2Iabe,-0.025,0.007,,false
4877,,,,,,111720,157550,5994,192.845417,-10.338333,6.41,,1.02,G8III,-0.008,-0.006,,false
4878, 37    Vir,37,,,Vir,111765,119633,,192.90375,3.056667,6.02,,1.29,gK4,-0.035,0.02,,false
4879,,,,,,111774,203881,5999,192.986667,-39.680833,5.98,,-0.1,B8V,-0.035,-0.028,,false
4880,,,,,,111775,223720,,193.022083,-48.094167,6.33,,0.03,A0IV,-0.06,0.013,,false
4881,,,,,,111786,181169,,192.99125,-26.738056,6.15,,0.23,A0III,-0.111,0.04,,false
4882,,,,,,111790,240338,,193.1025,-53.829444,6.24,,1.13,G8Ib-II,-0.02,0.012,,false
4883, 31    Com,31,,,Com,111812,82537,Var?,192.924583,27.540556,4.94,,0.67,G0III,-0.012,-0.008,0.011,false
4884, 32    Com,32,,,Com,111862,100309,,193.05125,17.073889,6.32,,1.59,M0III,0.001,-0.007,,false
4885,,,,,,111884,240347,,193.26625,-54.9525,5.93,,1.31,K2III,-0.119,0.011,,false
4886,,,,,,111893,100312,,193.115,16.1225,6.3,,0.16,A7V,-0.043,-0.019,,false
4887,,,,,,111904,252069,6008,193.340833,-60.328611,5.76,,0.33,B9Ia,-0.013,0.0,,false
4888,,,,,,111915,223731,,193.27875,-48.943333,4.33,,1.37,K3-4III,-0.076,-0.03,0.02,false
4889,,,,,,111968,203907,,193.359167,-40.178889,4.27,,0.21,A7III,0.063,-0.022,0.056,false
4890,   Kap Cru,,Kap,,Cru,111973,252077,,193.454583,-60.376944,5.9,,0.2,B5Ia,0.004,-0.021,,false
4891, 38    Vir,38,,,Vir,111998,139022,,193.296667,-3.553056,6.11,,0.5,F5V,-0.262,-0.003,0.042,false
4892,,,,,,112014,2101,,192.2775,83.418056,5.85,,-0.06,A0V+A2V,-0.026,0.022,0.001,false
4893,,,,,,112028,2102,,192.306667,83.412778,5.28,,-0.03,A1IIIShell,-0.029,0.02,0.001,false
4894, 35    Com,35,,,Com,112033,82550,,193.324167,21.245,4.9,,0.9,G8III+F6V,-0.047,-0.022,0.021,false
4895,,,,,,112044,240362,S Cru,193.591667,-58.430556,6.58,,0.76,F7Ib-II,-0.014,-0.001,,false
4896,,,,,,112048,139027,,193.40875,-4.223889,6.44,,1.1,K0,0.001,-0.041,,false
4897,   Lam Cru,,Lam,,Cru,112078,240368,Lam Cru,193.663333,-59.146667,4.62,,-0.15,B4Vne,-0.036,-0.01,,false
4898,   Mu 1Cru,,Mu,1,Cru,112092,240366,,193.648333,-57.177778,4.03,,-0.17,B2IV-V,-0.033,-0.006,,false
4899,   Mu 2Cru,,Mu,2,Cru,112091,240367,Mu2 Cru,193.653333,-57.168333,5.17,,-0.12,B5Vne,-0.035,-0.001,,false
4900, 41    Vir,41,,,Vir,112097,100322,,193.457083,12.418611,6.25,,0.27,A7III,0.051,-0.024,,false
4901,,,,,,112131,157584,6019,193.577917,-11.648611,6.0,,0.08,A2V,-0.141,0.013,,false
4902, 40Psi Vir,40,Psi,,Vir,112142,139033,Psi Vir,193.588333,-9.538889,4.79,,1.6,M3-IIICa-1,-0.024,-0.015,0.021,false
4903,,,,,,112164,223753,,193.74375,-44.151944,5.89,,0.64,G1V,-0.223,-0.225,0.044,false
4904,,,,,,112171,63244,,193.554583,33.534444,6.26,,0.2,A7IV,-0.09,0.032,,false
4905, 77Eps UMa,77,Eps,,UMa,112185,28553,Eps UMa,193.507083,55.959722,1.77,,-0.02,A0pCr,0.112,-0.006,0.009,false
4906,,,,,,112213,223760,,193.830833,-42.915833,5.47,,1.68,M0III,-0.038,-0.012,,false
4907,,,,,,112219,256992,,194.13125,-72.185278,5.93,,1.13,G8III,-0.027,-0.011,,false
4908,,,,,,112244,240385,6024,193.9875,-56.836111,5.32,,0.01,O9Ib,-0.024,-0.01,,false
4909,,,,,,112264,44383,TU CVn,193.735417,47.196667,5.84,,1.55,M5III,-0.016,-0.006,,false
4910, 43Del Vir,43,Del,,Vir,112300,119674,6026,193.900833,3.3975,3.38,,1.58,M3+III,-0.469,-0.054,0.022,false
4911,,,,,,112304,157599,,193.972083,-15.326944,6.17,,0.0,A0Vn,-0.017,0.003,,false
4912,,,,,,112374,181244,LN Hya,194.125417,-26.460278,6.62,,0.68,F3Ia,0.013,-0.015,,false
4913,,,,,,112409,240407,,194.268333,-51.198611,5.16,,-0.06,B8-9V,-0.026,-0.015,,false
4914, 12Alp1CVn,12,Alp,1,CVn,112412,63256,,194.001667,38.314722,5.6,,0.34,F0V,-0.236,0.062,0.027,false
4915, 12Alp2CVn,12,Alp,2,CVn,112413,63257,Alp2 CVn,194.007083,38.318333,2.9,,-0.12,A0pSiEuHg,-0.234,0.056,0.027,false
4916,  8    Dra,8,,,Dra,112429,15941,,193.86875,65.438611,5.24,,0.28,F0V,-0.005,-0.029,0.032,false
4917,,,,,,112486,28572,,194.073333,54.099444,5.82,,0.19,A5m,-0.077,0.001,0.012,false
4918,,,,,,112519,181265,,194.388333,-22.753889,6.31,,1.07,G5,-0.052,-0.029,,false
4919,,,,,,112570,44398,,194.282083,46.176944,6.12,,1.01,K0III-IV,-0.022,-0.047,,false
4920, 36    Com,36,,,Com,112769,100357,6046,194.730833,17.409444,4.78,,1.56,M1-IIIb,-0.039,0.034,,false
4921, 44    Vir,44,,,Vir,112846,139086,,194.914583,-3.811944,5.79,,0.18,A3V,-0.037,0.008,,false
4922,,,,,,112935,204029,,195.135833,-33.505278,6.02,,0.38,F0V,-0.078,-0.079,,false
4923,   Del Mus,,Del,,Mus,112985,257000,,195.5675,-71.548889,3.62,,1.18,K2III,0.256,-0.021,0.03,false
4924, 37    Com,37,,,Com,112989,63288,Var?,195.06875,30.785,4.9,,1.17,G9IIICH-2Fe1Ca1,-0.018,-0.013,0.016,false
4925, 46    Vir,46,,,Vir,112992,139096,6053,195.149583,-3.368611,5.99,,1.12,K2III,-0.025,0.05,,false
4926,,,,,,113022,100366,,195.161667,18.373056,6.2,,0.42,F6V s,-0.226,0.06,0.02,false
4927,,,,,,113049,7714,,194.697083,75.4725,6.01,,0.99,K0III,0.008,0.01,,false
4928,  9    Dra,9,,,Dra,113092,15960,,194.979583,66.597222,5.32,,1.29,K2III,-0.139,-0.013,0.005,false
4929, 38    Com,38,,,Com,113095,100374,,195.29,17.123056,5.96,,0.96,K0III,-0.005,-0.025,,false
4930,,,,,,113120,257003,6063,195.771667,-71.476111,6.03,,0.05,B1.5IIIne,-0.023,-0.014,,false
4931, 78    UMa,78,,,UMa,113139,28601,6058,195.1825,56.366389,4.93,,0.36,F2V,0.114,-0.009,0.034,false
4932, 47Eps Vir,47,Eps,,Vir,113226,100384,6064,195.544167,10.959167,2.83,,0.94,G8IIIab,-0.273,0.02,0.043,false
4933,   Xi 1Cen,,Xi,1,Cen,113314,223870,,195.888333,-49.527222,4.85,,0.02,A0V,-0.059,-0.014,0.012,false
4934,,,,,,113337,15962,,195.445,63.610278,6.0,,0.41,F6V,-0.18,0.029,0.033,false
4935,,,,,,113415,181357,,195.942083,-20.583056,5.58,,0.56,F7V,0.142,0.018,0.003,false
4936,,,,,,113436,28613,,195.668333,59.716111,6.53,,0.05,A3Vn,-0.029,-0.016,,false
4937, 48    Vir,48,,,Vir,113459,139131,,195.976667,-3.663333,6.59,,0.29,F0V,-0.035,-0.036,0.005,false
4938,,,,,,113523,223881,V789 Cen,196.200417,-41.196667,6.26,,1.68,M3-4III,-0.028,-0.034,,false
4939,,,,,,113602,240535,6084,196.378333,-52.115,6.43,,1.7,M1III,-0.048,0.032,,false
4940,,,,,,113703,223900,,196.569583,-48.463611,4.71,,-0.14,B5V,-0.03,-0.023,,false
4941,,,,,,113778,223905,6092,196.64625,-41.588611,5.59,,1.05,K0II-III,0.046,-0.017,,false
4942,   Xi 2Cen,,Xi,2,Cen,113791,223909,,196.7275,-49.906111,4.27,,-0.19,B1.5V,-0.026,-0.012,,false
4943, 14    CVn,14,,,CVn,113797,63338,6089,196.435417,35.798889,5.25,,-0.08,B9V,-0.03,0.021,0.011,false
4944,,,,,,113823,240566,,196.850833,-59.860556,5.99,,0.48,F8-G2+B9IV,-0.027,-0.012,,false
4945,,,,,,113847,44465,,196.467917,45.268611,5.63,,1.13,K1III,-0.012,0.028,0.012,false
4946, 39    Com,39,,,Com,113848,82650,,196.588333,21.153333,5.99,,0.39,F4V,-0.069,-0.046,0.03,false
4947,,,,,,113852,204132,,196.72625,-35.861944,6.54,,-0.02,A0IV-III,0.041,-0.078,,false
4948,,,,,,113865,82648,,196.5425,29.029444,6.54,,0.05,A3IV,-0.069,0.001,,false
4949, 40    Com,40,,,Com,113866,82651,FS Com,196.594167,22.616111,5.6,,1.59,M5III,0.025,-0.049,0.045,false
4950,,,,,,113889,7741,,196.207083,73.025278,6.31,R,,F0V,-0.019,0.02,0.007,false
4951,,,,,,113902,240573,,196.909583,-53.459722,5.71,,-0.07,B8V,-0.039,-0.024,,false
4952,   The Mus,,The,,Mus,113904,252162,The Mus,197.029167,-65.306389,5.51,,-0.02,B0Ia+WC5:,-0.016,-0.009,,false
4953,,,,,,113994,15985,,196.594583,62.041944,6.14,,0.99,G7III,0.005,-0.037,,false
4954, 41    Com,41,,,Com,113996,82659,,196.794583,27.624722,4.8,,1.48,K5III,0.031,-0.07,0.008,false
4955, 49    Vir,49,,,Vir,114038,157739,,196.974167,-10.740278,5.19,,1.14,K2III,0.017,-0.006,0.025,false
4956,,,,,,114092,82665,,196.973333,27.555833,6.19,,1.36,K4III,-0.041,-0.064,,false
4957,,,,,,114113,139175,,197.135417,-8.984444,5.55,,1.18,K3III,-0.032,-0.062,,false
4958, 45Psi Hya,45,Psi,,Hya,114149,181410,,197.26375,-23.118056,4.95,,1.05,K1III,-0.024,-0.036,0.012,false
4959,,,,,,114203,139183,,197.31,-9.538333,6.32,,1.02,K0,-0.033,-0.009,,false
4960,,,,,,114256,100436,,197.301667,10.022222,5.78,,1.0,K0III,0.017,-0.003,,false
4961, 50    Vir,50,,,Vir,114287,157760,6114,197.43875,-10.329444,5.94,,1.49,K5III,-0.008,-0.012,,false
4962,,,,,,114326,100439,,197.449167,16.848611,5.91,,1.45,K5III,-0.069,-0.012,,false
4963, 51The Vir,51,The,,Vir,114330,139189,,197.4875,-5.538889,4.38,,-0.01,A1IV s+Am,-0.032,-0.033,0.026,false
4964,,,,,,114357,63372,,197.41125,37.423056,6.02,,1.15,K3III,-0.103,0.005,,false
4965,,,,,,114365,240627,V824 Cen,197.743333,-52.566944,6.06,,-0.09,ApSi,-0.041,-0.017,,false
4966,,,,,,114371,252185,,197.965,-69.941944,5.91,,0.42,F3IV-V,0.036,0.006,,false
4967, 15    CVn,15,,,CVn,114376,63374,,197.425,38.533889,6.28,,-0.12,B7III,-0.016,0.003,,false
4968, 42Alp Com,42,Alp,,Com,114378,100443,6116,197.497083,17.529444,5.22,H,0.45,F5V,-0.431,0.136,0.054,false
4969, 42Alp Com,42,Alp,,Com,114379,100443,6116,197.497083,17.529444,5.22,H,,F5V,-0.43,0.136,0.054,false
4970,,,,,,114435,223960,,197.786667,-42.233056,5.79,,0.52,F7IV,-0.08,-0.024,,false
4971, 17    CVn,17,,,CVn,114447,63380,,197.513333,38.498889,5.91,,0.29,A9III-IV,-0.07,0.044,,false
4972,,,,,,114461,252187,,197.97125,-63.302778,6.33,,0.44,A8II-III,-0.006,0.003,,false
4973,,,,,,114474,223966,,197.846667,-43.368889,5.25,,1.05,K1-2III,-0.117,-0.027,0.011,false
4974,,,,,,114504,15999,,197.459167,62.229167,6.54,,-0.02,A1V,-0.03,-0.008,,false
4975,,,,,,114529,240645,V831 Cen,198.0725,-59.920833,4.6,,-0.08,B8V,-0.049,-0.024,0.014,false
4976,,,,,,114533,257019,,198.571667,-78.447222,5.85,,1.07,F8Ib,-0.018,0.004,,false
4977,,,,,,114570,252196,,198.20375,-66.226944,5.9,,0.06,A0Vm:,0.024,0.006,,false
4978,,,,,,114576,181446,,197.913333,-26.551667,6.5,,0.19,A5Vn,-0.068,0.004,,false
4979,,,,,,114613,204227,,198.013333,-37.803056,4.85,,0.7,G3V,-0.385,0.047,0.053,false
4980,,,,,,114630,240653,,198.233333,-59.816667,6.16,,0.6,G0V,0.014,-0.107,,false
4981, 53    Vir,53,,,Vir,114642,157788,6136,198.014583,-16.198611,5.04,,0.46,F5III-IV,0.098,-0.286,0.04,false
4982,,,,,,114707,223980,,198.212083,-42.699722,6.22,,1.06,K0III,-0.02,0.003,,false
4983, 43Bet Com,43,Bet,,Com,114710,82706,,197.968333,27.878056,4.26,,0.57,F9.5V,-0.801,0.882,0.12,false
4984,,,,,,114724,82708,,198.035,24.258056,6.33,,0.98,K1III,-0.008,-0.041,,false
4985,,,,,,114772,240655,,198.347917,-50.7,5.89,,-0.02,B9V,-0.019,-0.027,,false
4986,,,,,,114780,100460,,198.137083,11.556111,5.77,,1.51,M0III,-0.05,-0.033,,false
4987,,,,,,114793,100461,,198.149583,18.751667,6.53,,0.88,G8III,-0.065,-0.003,,false
4988,,,,,,114835,240663,,198.550417,-58.683889,5.89,,1.08,K0-1III,-0.051,-0.012,,false
4989,,,,,,114837,240666,,198.561667,-59.103333,4.92,,0.48,F7IV,-0.265,-0.157,0.053,false
4990, 54    Vir,54,,,Vir,114846,157798,,198.361667,-18.826667,6.28,,0.09,B9III,-0.02,-0.017,0.011,false
4991,,,,,,114873,223989,,198.489583,-43.138889,6.16,,1.38,K4III,-0.17,0.028,,false
4992,,,,,,114889,100467,,198.301667,18.726944,6.11,,1.2,G8III,-0.215,-0.049,,false
4993,   Eta Mus,,Eta,,Mus,114911,252224,Eta Mus,198.812083,-67.894444,4.8,,-0.08,B8V,-0.041,-0.008,,false
4994,,,,,,114912,252225,,198.857083,-69.679722,6.37,,1.21,K2-3III,-0.101,-0.048,,false
4995, 55    Vir,55,,,Vir,114946,157806,,198.545417,-19.930833,5.33,,0.87,G6V,-0.122,0.167,0.01,false
4996,,,,,,114971,224000,,198.679583,-48.956667,5.89,,1.06,K1III,-0.129,-0.081,,false
4997,,,,,,115004,44519,,198.429167,40.152778,4.92,,1.06,G8IIIaCN0.5,-0.048,0.015,0.004,false
4998,,,,,,115046,100473,,198.630417,11.331667,5.67,,1.5,M0III,0.074,-0.052,,false
4999,,,,,,115050,204282,,198.790417,-36.371111,6.19,,0.97,K1III,-0.012,-0.015,,false
5000,,,,,,115149,252236,,199.186667,-65.138333,6.07,,0.44,F5V,-0.103,-0.052,,false
5001, 57    Vir,57,,,Vir,115202,157823,,198.995,-19.943056,5.22,,1.03,K1III-IV,0.306,-0.116,0.048,false
5002,,,,,,115211,252240,6164,199.304167,-66.783611,4.87,,1.5,K2Ib-II,-0.02,-0.014,0.007,false
5003,,,,,,115227,7782,,198.383333,72.798889,6.59,,0.08,A2V,0.017,-0.016,,false
5004, 19    CVn,19,,,CVn,115271,44531,,198.883333,40.855278,5.79,,0.19,A7V,-0.108,0.015,,false
5005,,,,,,115308,139254,DK Vir,199.10625,-1.390556,6.68,,0.31,F1IV,-0.035,-0.028,,false
5006,,,,,,115310,204312,,199.22125,-31.506111,5.1,,0.96,K1III,0.034,-0.048,0.016,false
5007,,,,,,115319,100484,,199.059583,19.051667,6.45,,0.98,G8III,-0.102,0.002,,false
5008,,,,,,115331,224032,,199.307917,-43.979444,5.84,,0.2,Am,0.0,-0.008,,false
5009,,,,,,115337,2164,6153,198.105833,80.471389,6.25,,0.94,K0Ib,-0.009,0.012,,false
5010,,,,,,115365,82751,,199.134583,19.785278,6.45,,0.25,F0V,-0.11,0.023,,false
5011, 59    Vir,59,,,Vir,115383,119847,,199.19375,9.424167,5.22,,0.59,G0V s,-0.334,0.19,0.079,false
5012,,,,,,115439,257028,,199.82875,-72.035556,6.04,,1.35,K3III,-0.013,-0.056,,false
5013,,,,,,115478,100497,,199.315,13.675556,5.33,,1.31,K3III,0.007,0.039,,false
5014,,,,,,115488,139264,6171,199.374583,-0.676667,6.37,,0.26,F0V,-0.058,-0.025,,false
5015, 60Sig Vir,60,Sig,,Vir,115521,119855,6173,199.40125,5.469722,4.8,,1.67,M1III,-0.005,0.013,0.011,false
5016,,,,,,115529,240721,,199.644167,-51.286111,6.19,,0.01,A0V,-0.048,-0.023,,false
5017, 20    CVn,20,,,CVn,115604,44549,AO CVn,199.385417,40.5725,4.73,,0.3,F3III,-0.125,0.021,0.019,false
5018,,,,,,115612,16033,,199.119167,68.408056,6.2,,-0.06,B9.5V,-0.013,0.016,,false
5019, 61    Vir,61,,,Vir,115617,157844,,199.60125,-18.311389,4.74,,0.71,G6V,-1.07,-1.065,0.115,false
5020, 46Gam Hya,46,Gam,,Hya,115659,181543,6180,199.730417,-23.171667,3.0,,0.92,G8-IIIa,0.064,-0.045,0.027,false
5021,,,,,,115709,119867,,199.712917,3.687778,6.62,,0.06,A1IV,-0.05,-0.011,,false
5022,,,,,,115723,63462,,199.615833,34.098056,5.82,,1.35,K4.5III,0.033,0.003,,false
5023, 21    CVn,21,,,CVn,115735,44556,BK CVn,199.560417,49.681944,5.15,,-0.07,A0V,-0.033,0.015,0.02,false
5024,,,,,,115778,240756,,200.145417,-59.773333,6.18,,0.43,F3-F5II,-0.042,-0.024,,false
5025,,,,,,115810,63468,,199.7675,35.128056,6.02,,0.24,F0IV,-0.03,0.019,,false
5026,,,,,,115823,240762,6190,200.1575,-52.748056,5.48,,-0.13,B6V,-0.03,-0.019,,false
5027,,,,,,115842,240765,6193,200.20125,-55.800556,6.02,,0.29,B0.5Ia,-0.009,0.004,,false
5028,   Iot Cen,,Iot,,Cen,115892,204371,,200.149167,-36.712222,2.75,,0.04,A2V,-0.341,-0.085,0.062,false
5029,,,,,,115912,224080,,200.240417,-46.880556,5.77,,1.12,K1III,-0.075,0.004,,false
5030,,,,,,115967,257033,,200.719167,-72.146667,6.05,,0.09,B6V,-0.023,-0.013,,false
5031,,,,,,115995,119889,,200.173333,2.941667,6.26,,0.1,A3V,-0.059,-0.029,0.005,false
5032, 23    CVn,23,,,CVn,116010,44570,,200.079167,40.150556,5.6,,1.2,K1III,-0.058,-0.002,,false
5033,,,,,,116061,157879,6206,200.374583,-19.488889,6.21,,0.09,A2V,-0.066,0.008,,false
5034,,,,,,116072,252283,V790 Cen,200.64875,-60.972222,6.18,,0.01,B2.5Vn,-0.02,-0.013,,false
5035,,,,,,116087,252284,,200.657917,-60.988333,4.53,,-0.13,B3V,-0.039,-0.014,,false
5036,,,,,,116084,240782,,200.5675,-52.183056,5.83,,0.12,B2.5Ib,-0.01,0.001,,false
5037,,,,,,116160,119899,,200.423333,2.087222,5.69,,0.06,A2V,-0.061,-0.053,,false
5038,,,,,,116197,224095,,200.719583,-47.943056,6.16,,0.18,A4V,0.036,0.005,,false
5039,,,,,,116226,224096,,200.760833,-48.562778,6.38,,-0.07,B6IV,-0.006,-0.001,,false
5040, 64    Vir,64,,,Vir,116235,119905,,200.540417,5.154722,5.87,,0.12,A2m,-0.065,-0.036,,false
5041,,,,,,116243,252293,,201.002083,-64.535833,4.53,,0.85,G6II,0.029,-0.026,0.002,false
5042,   Iot1Mus,,Iot,1,Mus,116244,257041,,201.279583,-74.887778,5.05,,1.11,K0III,-0.115,-0.13,0.016,false
5043,,,,,,116278,204420,6212,200.78625,-33.19,6.22,,1.65,M1III,-0.005,-0.005,,false
5044, 63    Vir,63,,,Vir,116292,157899,6213,200.754583,-17.735278,5.37,,0.99,KIII,-0.047,-0.029,0.004,false
5045,,,,,,116303,44582,6210,200.515833,43.903056,6.35,,0.24,A7m,-0.071,0.01,,false
5046,,,,,,116338,224104,,200.967917,-49.823056,6.48,,0.96,G8III,-0.067,-0.044,,false
5047, 65    Vir,65,,,Vir,116365,139308,,200.82875,-4.924444,5.89,,1.43,K3III,-0.019,-0.015,,false
5048,,,,,,116457,252304,,201.307917,-64.485278,5.31,,0.4,F2III,-0.157,-0.022,0.008,false
5049,,,,,,116458,257042,,201.45875,-70.6275,5.67,,-0.03,ApHgMn:,-0.067,-0.009,,false
5050, 66    Vir,66,,,Vir,116568,139324,,201.138333,-5.163889,5.75,,0.42,F3-4V s,0.159,-0.03,,false
5051,   Iot2Mus,,Iot,2,Mus,116579,257047,,201.82625,-74.691944,6.63,,-0.06,B9V,-0.049,-0.017,,false
5052,,,,,,116581,63514,6220,200.975,37.033889,6.07,,1.68,M3III,0.022,-0.006,,false
5053,,,,,,116594,100553,,201.127083,12.431944,6.44,,1.06,K0III,-0.016,0.041,,false
5054, 79Zet UMa,79,Zet,,UMa,116656,28737,6224,200.98125,54.925278,2.27,,0.02,A1VpSrSi,0.122,-0.02,0.047,false
5055, 79Zet UMa,79,Zet,,UMa,116657,28738,6225,200.985,54.921667,3.95,,0.13,A1m,0.119,-0.028,0.047,false
5056, 67Alp Vir,67,Alp,,Vir,116658,157923,Alp Vir,201.298333,-11.161389,0.98,,-0.23,B1III-IV+B2V,-0.041,-0.028,0.023,false
5057,,,,,,116706,82825,,201.277917,23.854444,5.78,,0.06,A3IV,-0.013,-0.009,,false
5058,,,,,,116713,204465,,201.5325,-39.755278,5.09,,1.2,K0.5III:Ba3,0.184,-0.052,0.012,false
5059,,,,,,116831,139337,6242,201.5475,-1.1925,5.97,,0.19,A7III,-0.111,0.004,,false
5060,,,,,,116835,224148,,201.73375,-41.498056,5.69,,1.47,K3III,-0.004,-0.019,,false
5061,,,,,,116836,224149,,201.77625,-49.143889,6.31,,,A0III-IV,-0.021,-0.006,,false
5062, 80    UMa,80,,,UMa,116842,28751,6238,201.30625,54.988056,4.01,,0.16,A5V,0.118,-0.016,0.045,false
5063,,,,,,116862,224151,,201.836667,-49.380833,6.28,,-0.12,B3IV,0.011,0.01,,false
5064, 68    Vir,68,,,Vir,116870,157938,6244,201.68,-12.707778,5.25,,1.52,M0III,-0.13,-0.02,,false
5065,,,,,,116873,204483,,201.81125,-40.163056,6.4,,0.98,G8/K0III,-0.007,-0.002,,false
5066,,,,,,116890,252321,EZ Mus,202.193333,-69.628056,6.2,,0.02,ApSi,-0.047,-0.045,,false
5067,,,,,,116957,44611,,201.569167,46.028056,5.88,,0.97,gK0,0.024,-0.021,,false
5068, 69    Vir,69,,,Vir,116976,157946,6253,201.863333,-15.973611,4.76,,1.09,K0-III-IVCN2Fe0.5,-0.119,0.024,0.059,false
5069,,,,,,117025,252329,,202.281667,-64.675833,6.11,,0.11,ApSrEuCr,-0.083,-0.005,,false
5070,,,,,,117043,16071,,201.499583,63.261111,6.5,,0.74,G6V,-0.392,0.216,0.028,false
5071,,,,,,117150,240883,,202.355,-51.165278,5.06,,0.07,A1V,-0.002,-0.017,0.011,false
5072, 70    Vir,70,,,Vir,117176,100582,,202.1075,13.778889,4.98,,0.71,G4V,-0.236,-0.577,0.043,false
5073,,,,,,117187,7814,6254,201.53375,72.391389,5.79,,1.63,M1IIIab,0.022,-0.009,,false
5074,,,,,,117200,16078,,201.769167,64.735556,6.66,,0.37,F0,-0.068,0.028,,false
5075,,,,,,117201,16079,,201.794583,64.719444,7.04,,0.39,F0,-0.063,0.032,,false
5076,,,,,,117242,28763,,201.997917,52.745833,6.34,,0.23,F0,-0.114,-0.008,,false
5077,,,,,,117261,44621,,202.109167,40.729722,6.47,,0.92,G8III,0.009,-0.056,,false
5078,,,,,,117267,139359,,202.312083,-1.364444,6.43,,1.11,K0III,-0.043,-0.062,,false
5079,,,,,,117281,28766,,202.04875,50.587222,6.8,R,,F1IV,-0.113,0.041,,false
5080,,,,,,117287,181695,R Hya,202.428333,-23.281389,4.97,,1.6,M7IIIe,-0.056,0.016,,false
5081, 71    Vir,71,,,Vir,117304,100592,,202.304167,10.818333,5.65,,1.05,K0III,-0.061,-0.035,,false
5082,,,,,,117360,257060,S Cha,203.311667,-77.568333,6.48,,0.48,F6V,-0.344,-0.112,0.034,false
5083,,,,,,117361,28771,,202.190417,50.718333,6.43,,0.37,F0IV,0.029,-0.083,,false
5084,   Kap Oct,,Kap,,Oct,117374,258674,,205.23125,-85.786111,5.58,,0.18,Am,-0.09,-0.018,,false
5085,,,,,,117376,16080,,202.112917,59.945833,5.4,,-0.01,A1Vn,-0.08,0.037,0.025,false
5086,,,,,,117404,119962,,202.500417,7.178889,6.17,,1.47,K5,0.004,0.003,,false
5087,,,,,,117405,119961,,202.49,6.013333,6.51,,0.96,K0,-0.017,0.05,,false
5088, 72    Vir,72,,,Vir,117436,139370,6281,202.607083,-6.470278,6.09,,0.33,F2V,0.042,0.017,,false
5089,,,,,,117440,204545,6283,202.76125,-39.4075,3.88,,1.17,G9Ib*,-0.012,-0.015,0.012,false
5090,,,,,,117558,181723,,202.88875,-28.112778,6.47,,0.1,A1V,-0.062,0.002,,false
5091,,,,,,117566,7821,,201.73625,78.643889,5.77,,0.77,G2.5IIIbCH1,-0.146,0.029,,false
5092,,,,,,117597,204561,,203.022083,-38.399167,6.16,,1.04,K1III,0.035,-0.043,,false
5093,,,,,,117651,252361,,203.39875,-65.6325,6.37,,-0.02,A0V,-0.048,-0.012,,false
5094, 73    Vir,73,,,Vir,117661,157987,HX Vir,203.011667,-18.728889,6.01,,0.18,F0IV-V,-0.099,-0.014,,false
5095, 74    Vir,74,,,Vir,117675,139390,6297,202.99125,-6.255833,4.69,,1.62,M2III,-0.104,-0.045,0.02,false
5096,,,,,,117710,44637,,202.815833,42.106111,6.08,,1.05,K2III,-0.093,0.026,0.012,false
5097,,,,,,117716,181737,,203.149583,-28.692778,5.69,,0.04,A1Vn,-0.095,-0.022,,false
5098,,,,,,117718,181735,,203.14375,-29.565278,6.45,,0.44,F3IV,-0.072,0.004,,false
5099, 75    Vir,75,,,Vir,117789,157998,,203.215417,-15.363056,5.55,,1.23,K1.5IIIb,-0.073,-0.002,,false
5100, 76    Vir,76,,,Vir,117818,139401,,203.242083,-10.165,5.21,,0.96,K0III,-0.029,-0.036,0.021,false
5101,,,,,,117833,139403,S Vir,203.252917,-7.195,6.68,,1.28,M7IIIe,0.05,-0.005,,false
5102,,,,,,117876,82875,,203.200417,24.346389,6.11,,0.96,G8III,0.049,-0.206,,false
5103,,,,,,117919,224254,,203.620417,-48.272222,6.33,,-0.05,B8III,-0.029,-0.012,,false
5104,,,,,,118010,204612,6315,203.681667,-33.310833,6.44,,1.26,K2III,-0.049,-0.012,,false
5105, 78    Vir,78,,,Vir,118022,120004,CW Vir,203.532917,3.658889,4.94,,0.03,A1pSrCrEu,0.044,-0.024,0.021,false
5106,,,,,,118054,158021,6316,203.66875,-13.214444,5.91,,0.02,A2pSrEu:Cr:,-0.044,-0.01,0.007,false
5107, 79Zet Vir,79,Zet,,Vir,118098,139420,,203.673333,-0.595833,3.37,,0.11,A3V,-0.285,0.042,0.044,false
5108,,,,,,118156,63616,,203.590833,38.789167,6.37,,0.21,F0IV,0.013,0.024,,false
5109, 81    UMa,81,,,UMa,118214,28803,6319,203.530417,55.348611,5.6,,-0.03,A0V,-0.022,-0.002,0.013,false
5110,,,,,,118216,63623,BH CVn,203.699167,37.1825,4.98,,0.4,F2IV,0.086,-0.009,0.022,false
5111, 80    Vir,80,,,Vir,118219,139428,,203.880417,-5.396111,5.73,,0.95,G6III,0.017,0.085,,false
5112, 24    CVn,24,,,CVn,118232,44668,6322,203.61375,49.016111,4.7,,0.12,A5V,-0.127,0.03,0.034,false
5113,,,,,,118261,252387,,204.300833,-61.691944,5.63,,0.5,F6V,0.135,-0.113,0.032,false
5114,,,,,,118266,100630,,203.88875,10.204722,6.49,,1.03,K1III+F6V,0.077,-0.061,,false
5115,,,,,,118285,257069,,204.799583,-75.683889,6.34,,0.01,B8IV,-0.027,-0.006,,false
5116,,,,,,118295,44675,,203.80875,44.196944,6.84,,0.2,A7-F0III,-0.016,0.015,,false
5117,,,,,,118319,204653,,204.210417,-34.467778,6.5,,1.03,K0III,-0.011,-0.028,,false
5118,,,,,,118338,224275,,204.275,-44.143333,5.98,,0.94,G8-K0III,-0.05,-0.02,,false
5119,,,,,,118344,257070,,204.690417,-70.445,6.1,,1.42,K3III,-0.068,-0.032,,false
5120,,,,,,118349,181790,,204.201667,-26.495,5.78,,0.22,A7III,-0.091,0.021,0.021,false
5121,,,,,,118354,224283,,204.34875,-46.428333,5.9,,-0.12,B8V,-0.009,-0.033,,false
5122,,,,,,118384,241013,,204.531667,-58.415,6.42,,1.12,K1III,-0.008,-0.036,,false
5123,,,,,,118508,82905,6342,204.24625,24.613333,5.74,,1.55,M2III,-0.024,-0.005,,false
5124,,,,,,118520,241026,,204.704583,-57.623056,6.01,,1.14,G5Ib,-0.006,-0.014,,false
5125,,,,,,118522,257074,,205.0025,-70.788333,6.59,,1.3,K0III,-0.026,-0.028,,false
5126,,,,,,118536,44682,,204.165833,49.486667,6.49,R,,K1III,-0.004,-0.012,,false
5127, 25    CVn,25,,,CVn,118623,63648,,204.365,36.295,4.82,,0.23,A7III,-0.099,0.027,0.03,false
5128,,,,,,118646,181825,,204.675,-29.560833,5.83,,0.4,F5V,-0.078,-0.069,,false
5129,,,,,,118660,100644,,204.532917,14.301667,6.52,,0.25,A9V s,0.036,-0.019,,false
5130,,,,,,118666,252400,,205.045417,-64.576944,5.79,,0.39,F3III-IV,-0.059,-0.012,,false
5131,,,,,,118686,7848,,203.678333,76.546667,6.57,R,,K5III:,-0.026,-0.003,,false
5132,   Eps Cen,,Eps,,Cen,118716,241047,Eps Cen,204.971667,-53.466389,2.3,,-0.22,B1III,-0.028,-0.016,,false
5133,,,,,,118741,28819,,204.429167,50.714722,6.48,,1.55,M2II-III+K3III:,-0.012,0.001,0.003,false
5134,,,,,,118767,224317,V744 Cen,204.99875,-49.950278,6.0,,1.5,M5III,-0.113,0.011,,false
5135,,,,,,118781,204708,V765 Cen,204.92,-39.748056,6.27,,1.66,M4III,-0.02,-0.025,,false
5136,,,,,,118799,204712,,204.9525,-40.051944,5.6,,1.3,K2/3III,-0.044,-0.061,,false
5137,,,,,,118839,100650,,204.759583,18.265278,6.48,,1.2,K3III,-0.045,-0.018,,false
5138,,,,,,118889,100654,6363,204.894167,10.746111,5.57,,0.33,F0V,-0.112,-0.013,0.011,false
5139,,,,,,118904,7854,,204.295833,71.242222,5.5,,1.2,gK2,-0.038,-0.006,,false
5140,,,,,,118978,241080,,205.504583,-58.787222,5.38,,-0.03,B9III,-0.035,-0.01,,false
5141,,,,,,118991,241076,,205.43625,-54.56,5.01,,-0.05,B8Vn,-0.048,-0.047,0.003,false
5142, 82    UMa,82,,,UMa,119024,28832,,204.876667,52.921389,5.46,,0.1,A3Vn,-0.142,0.06,0.011,false
5143,,,,,,119035,63676,,205.065,31.011944,6.21,,0.96,G5II:,-0.078,0.087,,false
5144,  1    Boo,1,,,Boo,119055,82942,,205.16875,19.955556,5.75,,0.01,A1V,-0.049,0.023,0.018,false
5145,,,,,,119081,82944,,205.162917,28.065278,6.23,,1.28,K3III,-0.066,0.014,,false
5146,,,,,,119086,181863,,205.37875,-23.449722,6.59,,0.06,A0,-0.009,0.003,,false
5147,,,,,,119090,204739,T Cen,205.440417,-33.596944,6.05,,1.44,K0e-M4IIe,-0.014,0.026,,false
5148,,,,,,119124,28836,,205.096667,50.519444,6.32,,0.54,F7-9V,-0.132,0.06,0.049,false
5149,  2    Boo,2,,,Boo,119126,82946,,205.259583,22.495833,5.62,,1.01,G9III,-0.02,-0.025,,false
5150, 82    Vir,82,,,Vir,119149,139490,6390,205.403333,-8.703056,5.01,,1.63,M1.5III,-0.094,0.04,0.013,false
5151,,,,,,119159,241096,,205.73375,-56.768056,6.0,,-0.08,B0.5III,-0.011,-0.004,,false
5152,,,,,,119193,241098,,205.7275,-50.790556,6.41,,1.67,M0III,-0.007,-0.027,,false
5153,,,,,,119213,28838,CQ UMa,205.08875,57.2075,6.29,,0.1,A2VpSrCrEu,-0.057,0.024,,false
5154, 83    UMa,83,,,UMa,119228,28843,6389,205.184583,54.681667,4.66,,1.64,M2IIIabBa0.5,-0.022,-0.009,0.014,false
5155,,,,,,119250,224359,,205.729167,-41.401111,5.98,,1.02,K0III,-0.059,-0.049,,false
5156,,,,,,119288,120075,Var,205.552917,8.388333,6.16,,0.42,F3Vp,-0.382,-0.09,0.035,false
5157,,,,,,119361,224365,,205.916667,-42.0675,5.98,,-0.08,B8III,-0.026,-0.006,,false
5158,,,,,,119419,241120,V827 Cen,206.06625,-51.013056,6.47,,-0.13,A0pSiCr,-0.036,-0.041,,false
5159, 84    Vir,84,,,Vir,119425,120082,6401,205.765417,3.538056,5.36,,1.11,K2III,-0.291,-0.071,0.006,false
5160,,,,,,119445,44720,,205.62,41.674167,6.3,,0.86,G6III,-0.09,0.007,,false
5161,,,,,,119458,63701,,205.680833,34.988889,5.98,,0.85,G5III,0.013,0.012,,false
5162,,,,,,119476,16142,,205.374583,64.8225,5.85,,0.07,A2V,0.054,-0.012,,false
5163,,,,,,119537,139516,,205.97625,-5.498889,6.51,,0.05,A1V,-0.05,-0.018,,false
5164,,,,,,119584,82969,,205.938333,22.700278,6.13,,1.42,K4III,0.049,-0.036,,false
5165, 83    Vir,83,,,Vir,119605,158131,,206.124167,-16.179167,5.6,,0.81,G0Ib-IIa,0.013,-0.004,,false
5166,,,,,,119623,181921,,206.190417,-25.500833,6.21,,1.38,K0,-0.053,-0.016,,false
5167,,,,,,119752,181931,,206.40375,-26.116111,5.81,,0.02,A1Vn,-0.071,-0.01,,false
5168,  1    Cen,1,,,Cen,119756,204812,Var?,206.421667,-33.043889,4.23,,0.38,F3IV,-0.462,-0.146,0.051,false
5169,,,,,,119765,28866,,205.977917,52.064444,6.02,,0.0,A1V,-0.026,-0.003,,false
5170, 85    Vir,85,,,Vir,119786,158147,,206.39625,-15.7675,6.19,,0.05,A2Vn,-0.044,-0.024,,false
5171,,,,,,119796,252448,V766 Cen,206.794583,-62.59,6.51,,1.98,K00-Iae,-0.023,-0.011,,false
5172,,,,,,119834,241157,6434,206.66375,-51.432778,4.65,,0.96,G8-K0III,0.006,-0.033,0.018,false
5173, 86    Vir,86,,,Vir,119853,158152,,206.484583,-12.426667,5.51,,0.9,G8III,-0.017,0.008,,false
5174,,,,,,119921,204835,,206.735,-36.251944,5.15,,-0.02,A0V,-0.011,-0.009,0.019,false
5175,,,,,,119938,241173,,206.865,-50.249444,5.91,,0.29,A3mA5F0,0.058,0.013,,false
5176,,,,,,119971,241177,,206.91,-50.321111,5.45,,1.36,K2III,-0.151,-0.023,0.013,false
5177,,,,,,119992,28878,,206.305,55.879444,6.5,,0.47,F7IV-V,0.102,-0.36,0.024,false
5178,,,,,,120033,139544,,206.80625,-9.709167,6.05,,1.42,K5III,0.008,-0.037,,false
5179,,,,,,120047,44742,,206.55625,41.088611,5.87,,0.21,A5V,-0.114,-0.043,0.012,false
5180,,,,,,120048,63735,,206.579167,38.503889,5.94,,0.94,G9III,-0.051,-0.002,,false
5181, 87    Vir,87,,,Vir,120052,158165,6442,206.855833,-17.86,5.43,,1.62,M2IIIab,0.059,-0.034,,false
5182,  3    Boo,3,,,Boo,120064,82993,,206.680417,25.702222,5.95,,0.49,G5III+A7V:,-0.02,-0.061,,false
5183,,,,,,120066,120108,,206.737917,6.350556,6.33,,0.63,G0-1IV-V,-0.51,-0.108,0.026,false
5184,,,,,,120084,7876,,205.66375,78.064444,5.91,,1.01,gG7,-0.062,0.049,0.034,false
5185,  4Tau Boo,4,Tau,,Boo,120136,100706,6444,206.815417,17.456667,4.5,,0.48,F6IV,-0.482,0.041,0.059,false
5186,,,,,,120164,63739,,206.749167,38.542778,5.5,,1.03,K0III+F8V,-0.131,-0.016,,false
5187, 84    UMa,84,,,UMa,120198,28885,CR UMa,206.64875,54.432778,5.7,,-0.08,B9pEuCr,-0.019,0.001,,false
5188,,,,,,120213,258683,,208.91125,-82.666111,5.95,,1.46,K2.5IIIaCH-3Ba0.5,-0.036,-0.023,,false
5189,,,,,,120237,204867,,207.229583,-35.703889,6.53,,0.57,G3IV-V,-0.516,-0.174,0.039,false
5190,   Nu  Cen,,Nu,,Cen,120307,224469,Nu  Cen,207.37625,-41.687778,3.41,,-0.22,B2IV,-0.022,-0.021,,false
5191, 85Eta UMa,85,Eta,,UMa,120315,44752,6450,206.885,49.313333,1.86,,-0.19,B3V,-0.122,-0.011,0.035,false
5192,  2    Cen,2,,,Cen,120323,204875,V806 Cen,207.36125,-34.450833,4.19,,1.5,M4.5III,-0.042,-0.057,0.031,false
5193,   Mu  Cen,,Mu,,Cen,120324,224471,Mu  Cen,207.404167,-42.473889,3.04,,-0.17,B2IV-Ve,-0.023,-0.02,,false
5194,,,,,,120404,252481,,207.9475,-69.401389,5.75,,1.73,K5-M0III,0.004,-0.003,,false
5195,,,,,,120420,63760,,207.16125,31.190278,5.62,,1.01,K0III,-0.007,0.037,,false
5196, 89    Vir,89,,,Vir,120452,158186,,207.467917,-18.134167,4.97,,1.06,K0.5III-IIIb,-0.1,-0.038,0.046,false
5197,,,,,,120455,181999,6460,207.527083,-29.081389,6.18,,-0.03,A0V,-0.048,-0.032,,false
5198,,,,,,120457,204888,,207.580833,-39.901111,6.44,,0.99,K1III,0.007,-0.012,,false
5199,,,,,,120499,63763,R CVn,207.238333,39.542778,7.4,,,M6IIIe,0.023,-0.002,-0.006,false
5200,  5Ups Boo,5,Ups,,Boo,120477,100725,6458,207.369167,15.797778,4.07,,1.52,K5.5III,-0.095,0.042,0.011,false
5201,  6    Boo,6,,,Boo,120539,83015,,207.428333,21.264167,4.91,,1.43,K4III,0.024,0.017,,false
5202,,,,,,120544,158192,,207.64375,-19.897222,6.53,,0.51,G5III-IV:+A5:,-0.046,0.034,,false
5203,,,,,,120565,2266,,205.59625,82.7525,5.98,,1.01,G9III,0.035,-0.041,,false
5204,,,,,,120600,63772,,207.4375,36.632778,6.38,R,,A7IV-V,-0.074,0.022,,false
5205,,,,,,120602,120132,,207.602917,5.497222,6.01,,0.9,K0,0.009,-0.003,,false
5206,,,,,,120640,224489,,207.946667,-46.899167,5.77,,-0.16,B2Vp,-0.018,-0.03,,false
5207,,,,,,120642,241239,,208.02,-52.811667,5.25,,-0.09,B9V,-0.045,-0.035,-0.001,false
5208,,,,,,120672,204911,,207.9025,-36.433333,6.35,,0.48,F6IV-V,-0.1,-0.117,,false
5209,,,,,,120690,182026,,207.835,-24.390833,6.45,,0.69,G5V,-0.572,-0.302,0.062,false
5210,  3    Cen,3,,,Cen,120709,204916,,207.956667,-32.994444,4.56,,-0.13,B5IIIp,-0.033,-0.038,0.017,false
5211,  3    Cen,3,,,Cen,120710,204917,,207.95875,-32.994722,6.06,,-0.04,B8V,-0.056,-0.027,0.017,false
5212,,,,,,120759,204922,,208.00375,-31.619444,6.12,,0.48,F7V,-0.053,-0.052,0.016,false
5213,,,,,,120787,16186,,207.439583,61.489167,5.96,,0.96,G3V,0.065,-0.099,,false
5214,,,,,,120818,63779,,207.76875,34.7725,6.65,,0.12,A5IV,0.031,-0.01,,false
5215,,,,,,120819,63781,6468,207.788333,34.664444,5.87,,1.62,M2III,0.005,-0.054,0.014,false
5216,,,,,,120874,28901,,207.615417,58.539444,6.46,,0.09,A3V,-0.029,0.011,,false
5217,,,,,,120908,241262,,208.429583,-53.373611,5.89,,0.01,B5III,-0.024,-0.029,,false
5218,,,,,,120913,252511,,208.70375,-67.6525,5.71,,1.49,K2III,-0.034,-0.027,,false
5219,,,,,,120933,63793,AW CVn,207.947917,34.444167,4.74,,1.66,K5III,-0.019,-0.032,0.026,false
5220,,,,,,120934,100745,,208.076667,12.165278,6.04,,0.04,A1V,0.028,-0.005,,false
5221,  4    Cen,4,,,Cen,120955,204944,,208.302083,-31.927778,4.73,,-0.14,B4IV,-0.015,-0.012,,false
5222,,,,,,120987,204955,,208.386667,-35.664167,5.54,,0.44,F4V,-0.078,-0.019,0.009,false
5223,,,,,,120991,224514,V767 Cen,208.487083,-47.128056,6.1,,-0.07,B2IIIe,-0.037,-0.001,,false
5224,,,,,,121056,204963,,208.4675,-35.314444,6.19,,1.02,K1IV-V,-0.27,-0.075,,false
5225,  7    Boo,7,,,Boo,121107,100751,,208.30375,17.932778,5.7,,0.84,G5III,-0.039,0.004,,false
5226, 10    Dra,10,,,Dra,121130,16199,CU Dra,207.857917,64.723333,4.65,,1.58,M3.5III,0.001,-0.002,0.014,false
5227,,,,,,121146,16197,,207.746667,68.315278,6.4,,1.17,K2IV,-0.172,-0.055,0.025,false
5228,,,,,,121156,182065,,208.569167,-28.569722,6.04,,1.13,K2III,-0.17,-0.069,,false
5229,,,,,,121164,83055,,208.292917,28.648056,5.9,,0.2,A7V,-0.125,0.027,,false
5230,,,,,,121190,241294,,208.800833,-52.161111,5.71,,-0.08,B9V,-0.027,-0.024,,false
5231,   Zet Cen,,Zet,,Cen,121263,224538,,208.885,-47.288333,2.55,,-0.22,B2.5IV,-0.057,-0.042,,false
5232, 90    Vir,90,,,Vir,121299,139613,,208.675417,-1.503056,5.15,,1.08,K2III,-0.088,-0.018,0.027,false
5233,,,,,,121325,139618,,208.7425,-8.058889,6.19,,0.53,F8V+G0,-0.172,-0.03,0.02,false
5234,,,,,,121336,241309,,209.0825,-54.131944,6.14,,0.07,A1V,-0.038,-0.014,0.012,false
5235,  8Eta Boo,8,Eta,,Boo,121370,100766,,208.67125,18.397778,2.68,,0.58,G0IV,-0.063,-0.358,0.108,false
5236,,,,,,121384,241315,,209.1375,-54.704444,6.0,,0.78,G6IV-V,-0.038,-0.216,,false
5237,,,,,,121397,204994,,208.935417,-31.285,6.51,,0.9,G8III,-0.047,0.009,,false
5238, 86    UMa,86,,,UMa,121409,28928,,208.4625,53.728611,5.7,,-0.05,A0V,-0.03,-0.003,0.012,false
5239,,,,,,121416,224555,,209.08125,-46.5925,5.83,,1.14,K1III,-0.164,-0.076,0.025,false
5240,,,,,,121439,257107,,210.136667,-78.59,6.09,,0.03,B9III,-0.021,-0.005,,false
5241,,,,,,121474,252531,,209.412083,-63.686667,4.71,,1.11,K1.5III,-0.044,-0.03,0.033,false
5242,,,,,,121557,252534,,209.63,-65.800556,6.2,,1.05,K0III,-0.033,-0.036,,false
5243,,,,,,121560,100776,,208.958333,14.056389,6.16,,0.5,F6V,-0.292,0.007,,false
5244, 92    Vir,92,,,Vir,121607,120185,,209.11625,1.050556,5.91,,0.2,A8V,-0.026,0.014,,false
5245,,,,,,121682,63837,,209.04375,32.0325,6.32,,0.37,F4IV-V,-0.118,0.048,0.014,false
5246,,,,,,121699,182123,,209.365417,-23.022778,6.14,,1.43,K0,-0.041,0.006,,false
5247,  9    Boo,9,,,Boo,121710,83084,6502,209.1425,27.491944,5.01,,1.42,K3III,0.028,-0.048,0.008,false
5248,   Phi Cen,,Phi,,Cen,121743,224577,6509,209.567917,-42.100833,3.83,,-0.21,B2IV,-0.024,-0.021,,false
5249,   Ups1Cen,,Ups,1,Cen,121790,224585,,209.67,-44.803611,3.87,,-0.2,B2IV-V,-0.025,-0.024,,false
5250, 47    Hya,47,,,Hya,121847,182134,,209.629583,-24.972222,5.15,,-0.1,B8VpShell,-0.049,-0.029,,false
5251,,,,,,121853,241352,,209.822083,-50.37,5.91,,0.96,G8-K0III,0.011,-0.034,,false
5252,,,,,,121901,252552,,210.072083,-61.481389,6.49,,0.33,F1III-IV,-0.072,-0.04,,false
5253,,,,,,121932,252554,,210.2175,-66.268611,5.97,,0.35,F2III,-0.136,-0.016,,false
5254,,,,,,121980,100801,,209.66625,14.649444,6.0,,1.44,K5III,-0.061,-0.056,,false
5255, 10    Boo,10,,,Boo,121996,83103,,209.662083,21.696111,5.76,,-0.03,A0V s,-0.009,-0.045,0.013,false
5256,,,,,,122064,16230,,209.38375,61.492778,6.37,R,,K3V,-0.034,0.21,,false
5257, 48    Hya,48,,,Hya,122066,182152,,210.000417,-25.010278,5.77,,0.48,F7V,-0.196,-0.091,0.029,false
5258,,,,,,122106,139666,,209.955417,-3.549722,6.4,,0.49,F8V,-0.025,-0.058,,false
5259,,,,,,122210,205096,,210.329167,-40.222222,6.13,,1.25,K1III,-0.037,-0.006,,false
5260,   Ups2Cen,,Ups,2,Cen,122223,224621,,210.430833,-45.603611,4.34,,0.6,F6II,0.002,-0.019,0.013,false
5261,   The Aps,,The,,Aps,122250,257112,The Aps,211.3325,-76.796667,5.5,,1.55,M6.5III:,-0.094,-0.032,,false
5262,,,,,,122365,120228,,210.335,8.894722,5.99,,0.09,A2V,0.036,-0.007,,false
5263, 11    Boo,11,,,Boo,122405,83130,,210.29375,27.386667,6.23,,0.17,A7III,-0.08,0.017,,false
5264, 93Tau Vir,93,Tau,,Vir,122408,120238,,210.411667,1.544444,4.26,,0.1,A3V,0.018,-0.021,0.024,false
5265,,,,,,122430,182182,,210.595,-27.43,5.48,,1.34,K3III,-0.033,-0.008,,false
5266,,,,,,122438,241403,,210.859167,-56.213611,5.92,,1.22,K2III,-0.083,-0.031,,false
5267,   Bet Cen,,Bet,,Cen,122451,252582,Bet Cen,210.955833,-60.373056,0.61,,-0.23,B1III,-0.032,-0.019,0.009,false
5268,,,,,,122510,205123,,210.757083,-31.683889,6.18,,0.48,F8V,0.022,0.083,0.018,false
5269,,,,,,122532,224641,V828 Cen,210.864583,-41.423333,6.11,,-0.11,ApSi,-0.034,-0.017,,false
5270,,,,,,122563,120251,6526,210.6325,9.686389,6.2,,0.9,F8IV,-0.196,-0.063,,false
5271,,,,,,122675,44858,,210.550833,45.753611,6.27,,1.32,K2III,0.033,-0.076,,false
5272,,,,,,122703,182204,,210.97125,-22.421667,6.3,,0.45,F5III,-0.012,0.013,,false
5273,,,,,,122742,100832,,210.884583,10.786667,6.3,,0.74,G8V,0.083,-0.307,0.059,false
5274,,,,,,122744,120261,,210.903333,7.546389,6.26,,0.94,G9III,-0.038,-0.012,,false
5275,,,,,,122797,120265,,210.9825,4.900833,6.24,,0.39,F4V,-0.011,-0.003,,false
5276,,,,,,122815,139711,,211.060833,-5.381389,6.39,,1.32,K0,-0.009,-0.011,,false
5277,,,,,,122837,158325,,211.1125,-14.971667,6.28,,1.08,G6III,-0.036,-0.019,,false
5278,,,,,,122844,241430,,211.44375,-54.669444,6.17,,0.23,A5III-IV,-0.05,-0.019,,false
5279,,,,,,122862,257116,,212.112917,-74.850278,6.02,,0.58,G2-3IV,-0.252,0.179,0.041,false
5280,,,,,,122866,28989,,210.74875,50.971944,6.15,,0.01,A2V,-0.021,0.0,,false
5281,,,,,,122879,241439,6544,211.604583,-59.715556,6.42,,0.12,B0Ia,-0.011,0.019,,false
5282,,,,,,122909,16254,,210.460833,68.678611,6.34,,1.4,K5,-0.035,-0.001,,false
5283,,,,,,122910,120269,,211.15625,2.2975,6.28,,1.02,K0,-0.03,-0.003,,false
5284,,,,,,122958,158331,,211.308333,-16.335833,6.56,,0.1,A4V,0.002,0.006,,false
5285,   Chi Cen,,Chi,,Cen,122980,224673,Chi Cen,211.511667,-41.179722,4.36,,-0.19,B2V,-0.017,-0.02,,false
5286,,,,,,123004,224676,,211.545417,-43.091944,6.2,,0.98,G8III,-0.006,-0.037,,false
5287, 49Pi  Hya,49,Pi,,Hya,123123,182244,,211.592917,-26.6825,3.27,,1.12,K2-III-IIIbFe-0.5,0.044,-0.139,0.049,false
5288,  5The Cen,5,The,,Cen,123139,205188,,211.670833,-36.37,2.06,,1.01,K0-IIIb,-0.519,-0.519,0.065,false
5289,,,,,,123151,252616,,212.059583,-63.208056,6.4,,1.02,G8-K0III,0.025,0.038,,false
5290, 95    Vir,95,,,Vir,123255,139736,,211.678333,-9.313333,5.46,,0.34,F2IV,-0.139,0.011,,false
5291, 11Alp Dra,11,Alp,,Dra,123299,16273,6546,211.097083,64.375833,3.65,,-0.05,A0III,-0.055,0.018,0.018,false
5292,,,,,,123335,241478,,212.234583,-59.276667,6.34,,0.05,B5IV,-0.01,-0.011,,false
5293,,,,,,123377,257119,,212.62875,-70.305556,6.05,,1.74,K4II,-0.006,-0.01,,false
5294,,,,,,123445,224721,,212.21625,-43.471111,6.17,,-0.06,B9V,-0.019,-0.028,,false
5295,,,,,,123492,252636,,212.757917,-69.719722,6.06,,0.18,A6IV,-0.035,-0.026,,false
5296,,,,,,123515,241491,6565,212.395833,-51.504722,6.0,,-0.06,B9IV,-0.03,-0.007,,false
5297,,,,,,123569,241496,,212.478333,-53.439167,4.75,,0.94,G9-III,-0.146,-0.096,0.017,false
5298, 96    Vir,96,,,Vir,123630,158385,,212.2525,-10.334444,6.47,,1.0,G8III,-0.005,0.025,,false
5299,,,,,,123657,44901,BY Boo,211.9825,43.854444,5.27,,1.59,M4.5:III,0.011,-0.028,0.024,false
5300, 13    Boo,13,,,Boo,123782,44905,CF Boo,212.072083,49.458056,5.25,,1.65,M1.5III,-0.061,0.059,0.02,false
5301,,,,,,123934,158401,ET Vir,212.710417,-16.301944,4.91,,1.72,M2IIIa,0.006,-0.006,0.012,false
5302,,,,,,123977,29019,,212.191667,59.337778,6.46,,1.02,K0III,-0.123,-0.017,,false
5303,   Eta Aps,,Eta,,Aps,123998,258693,,214.5575,-81.007778,4.91,,0.25,A2m,-0.031,-0.063,,false
5304, 12    Boo,12,,,Boo,123999,83203,,212.599583,25.091667,4.83,,0.54,F9IV w,-0.022,-0.061,0.042,false
5305,  3    UMi,3,,,UMi,124063,7953,,211.735,74.593611,6.45,,0.14,A7V,-0.052,0.012,,false
5306,,,,,,124099,257131,,214.22875,-77.663889,6.47,,1.42,K2IIp,-0.017,0.009,,false
5307,,,,,,124115,120334,,212.88,1.362222,6.43,,0.48,F7V,-0.125,0.028,,false
5308,,,,,,124147,241543,,213.318333,-53.665833,5.56,,1.44,K5III+B-A,-0.012,-0.018,0.009,false
5309,,,,,,124162,182343,,213.102083,-24.364167,6.34,,1.35,K0,0.011,-0.028,,false
5310,,,,,,124186,63979,,212.812917,32.295556,6.11,,1.26,K4III,-0.025,0.022,,false
5311,,,,,,124195,241552,V716 Cen,213.41625,-54.625833,6.11,,0.05,B5Ve,-0.019,-0.015,,false
5312, 50    Hya,50,,,Hya,124206,182349,,213.191667,-27.261111,5.08,,1.16,K3III,-0.012,-0.034,0.048,false
5313,,,,,,124224,120339,CU Vir,213.065833,2.409444,5.01,,-0.12,A0VpSi,-0.042,-0.026,0.009,false
5314,,,,,,124281,182354,,213.305,-26.612222,6.24,,1.08,K0III,0.009,-0.014,,false
5315, 98Kap Vir,98,Kap,,Vir,124294,158427,,213.224167,-10.273611,4.19,,1.33,K2.5IIIFe-0.5,0.008,0.14,0.022,false
5316,,,,,,124367,241563,V795 Cen,213.7375,-57.085833,5.07,,-0.08,B4Vne,-0.039,-0.009,,false
5317,,,,,,124425,139798,Var,213.42,-0.845556,5.91,,0.47,F7V w,0.207,-0.141,0.027,false
5318,,,,,,124433,224791,,213.6775,-41.8375,5.61,,0.93,G8III,-0.133,-0.021,,false
5319,,,,,,124454,241569,,213.838333,-53.509722,6.39,,1.57,K3III,-0.03,0.002,,false
5320,,,,,,124471,252678,,214.160833,-66.587778,5.75,,-0.06,B1.5III,-0.015,-0.005,,false
5321,  4    UMi,4,,,UMi,124547,7958,,212.212083,77.5475,4.82,,1.36,K3III,-0.032,0.034,0.01,false
5322,,,,,,124553,139806,,213.58875,-5.9475,6.36,,0.6,F9V,-0.306,0.088,0.023,false
5323, 14    Boo,14,,,Boo,124570,100925,6597,213.521667,12.959444,5.54,,0.54,F6IV,-0.256,-0.052,0.022,false
5324,,,,,,124576,182374,,213.755417,-29.281944,6.08,,,A1V,-0.03,-0.015,,false
5325,,,,,,124580,224798,,213.911667,-45.000833,6.31,,0.6,F9V,0.137,-0.142,,false
5326,,,,,,124601,241580,R Cen,214.1425,-59.913889,6.39,,2.04,M5IIe,-0.019,-0.018,,false
5327,,,,,,124639,258697,,216.097083,-82.848611,6.42,,0.02,B8Ve,0.001,-0.019,,false
5328, 17Kap1Boo,17,Kap,1,Boo,124674,29045,,213.365417,51.787778,6.69,,0.39,F1V,0.054,-0.019,0.01,false
5329, 17Kap2Boo,17,Kap,2,Boo,124675,29046,Kap2 Boo,213.370833,51.790278,4.54,,0.2,A8IV,0.063,-0.002,0.01,false
5330, 15    Boo,15,,,Boo,124679,100934,,213.711667,10.100556,5.29,,1.0,K1III,-0.028,-0.167,,false
5331,,,,,,124681,120364,FS Vir,213.720833,3.336111,6.45,,1.6,M4IIIab,-0.045,-0.014,,false
5332,,,,,,124683,158448,,213.850417,-18.200833,5.43,,-0.03,A1V,-0.039,-0.012,,false
5333,,,,,,124713,83242,,213.670833,21.873333,6.39,,0.18,A7V,0.039,-0.006,,false
5334,,,,,,124730,16305,6593,213.016667,69.4325,5.24,,1.58,M2IIIab,-0.027,-0.047,0.016,false
5335,,,,,,124755,44952,,213.597917,41.518889,6.24,,1.04,gK3,-0.024,-0.105,0.03,false
5336,   Eps Aps,,Eps,,Aps,124771,257142,,215.594583,-80.108889,5.06,,-0.1,B4V,-0.025,-0.009,,false
5337,,,,,,124780,205371,,214.07625,-33.241389,6.55,,0.3,F0V,0.022,0.004,,false
5338, 99Iot Vir,99,Iot,,Vir,124850,139824,6604,214.00375,-6.000556,4.08,,0.52,F6III,-0.004,-0.432,0.043,false
5339,   Del Oct,,Del,,Oct,124882,258698,6636,216.72875,-83.667778,4.32,,1.31,K2III,-0.105,-0.007,,false
5340, 16Alp Boo,16,Alp,,Boo,124897,100944,6603,213.915417,19.1825,-0.04,,1.23,K1.5IIIFe-0.5,-1.093,-1.998,0.09,false
5341,,,,,,124915,139828,,214.089583,-6.621944,6.44,,0.28,A9III,-0.032,-0.016,,false
5342,,,,,,124931,139830,6608,214.125417,-3.196389,6.15,,-0.01,A1V,-0.025,-0.038,,false
5343,,,,,,124953,100949,CN Boo,214.0175,18.911944,5.98,,0.26,A8III,0.043,-0.028,,false
5344,,,,,,124990,158462,,214.265833,-18.585278,6.22,,0.98,G5,0.001,0.005,,false
5345,,,,,,125019,29059,,213.820417,52.535833,6.58,,0.1,A4V,-0.032,-0.004,,false
5346,,,,,,125040,83259,,214.136667,20.121389,6.25,,0.49,F8V,-0.148,-0.103,0.031,false
5347,,,,,,125111,64040,,214.100833,39.744722,6.38,,0.36,F2IV,-0.147,0.008,,false
5348,,,,,,125150,205412,,214.599167,-33.220556,6.54,,0.27,F0V,-0.07,-0.042,,false
5349,,,,,,125158,252703,,214.964583,-61.273056,5.23,,0.29,Am,-0.171,-0.093,0.034,false
5350, 21Iot Boo,21,Iot,,Boo,125161,29071,Iot Boo,214.04125,51.367222,4.75,,0.2,A9V,-0.15,0.092,0.048,false
5351, 19Lam Boo,19,Lam,,Boo,125162,44965,6611,214.095833,46.088333,4.18,,0.08,A0p,-0.187,0.161,0.045,false
5352,,,,,,125180,100956,6613,214.368333,15.263333,5.8,,1.71,M3IIIa,0.012,0.011,,false
5353,,,,,,125184,139856,,214.5025,-7.5425,6.47,,0.73,G5IV,0.254,-0.24,,false
5354,   Iot Lup,,Iot,,Lup,125238,224833,6620,214.850833,-46.057778,3.55,,-0.18,B2.5IV,-0.013,0.002,,false
5355,,,,,,125248,158481,CS Vir,214.659583,-18.716111,5.9,,0.0,A0pCrEu,-0.059,-0.042,,false
5356,,,,,,125276,182433,,214.753333,-25.815556,5.87,,0.5,F5V,-0.372,0.35,0.051,false
5357,,,,,,125283,205430,,214.849583,-37.003611,5.94,,0.08,A2Vn,-0.047,-0.059,,false
5358,,,,,,125288,241641,,215.08125,-56.386667,4.33,,0.12,B6Ib,-0.014,-0.009,,false
5359,100Lam Vir,100,Lam,,Vir,125337,158489,6621,214.7775,-13.371111,4.52,,0.13,A2m,-0.015,0.03,0.017,false
5360,,,,,,125349,29086,,214.337917,51.307222,6.2,,0.04,A2IV,-0.025,-0.005,,false
5361,,,,,,125351,64053,,214.499167,35.509444,4.81,,1.06,K0III,0.004,0.016,,false
5362,,,,,,125383,224838,,215.040417,-43.058889,5.56,,0.92,G8III,-0.01,0.01,,false
5363,,,,,,125406,44982,,214.455,48.001667,6.32,,0.44,F5,-0.01,-0.045,,false
5364,,,,,,125442,224843,,215.177083,-45.187222,4.77,,0.31,F0IV,0.034,-0.08,0.02,false
5365, 18    Boo,18,,,Boo,125451,100975,,214.817917,13.004167,5.41,,0.38,F5IV,0.106,-0.03,,false
5366,102Ups Vir,102,Ups,,Vir,125454,139866,6629,214.885417,-2.265556,5.14,,1.02,G9III,-0.12,-0.074,0.018,false
5367,   Psi Cen,,Psi,,Cen,125473,205453,,215.139167,-37.885278,4.05,,-0.03,A0IV,-0.063,-0.012,0.003,false
5368,,,,,,125489,120400,6630,214.920417,0.384167,6.19,,0.2,A7V,-0.041,-0.013,,false
5369,,,,,,125538,64064,,214.732083,38.7675,6.86,,1.06,G9IV,-0.001,0.031,,false
5370, 20    Boo,20,,,Boo,125560,100980,6631,214.938333,16.306944,4.86,,1.23,K3III,-0.142,0.06,,false
5371,,,,,,125628,241673,,215.654167,-58.459444,4.92,,0.86,G8III+F5V,-0.052,0.013,0.024,false
5372,,,,,,125632,29098,,214.7325,54.864167,6.53,R,,A5Vn,-0.028,0.011,,false
5373,,,,,,125642,64072,,214.94875,38.793889,6.33,,0.05,A2V,0.022,-0.013,,false
5374,,,,,,125658,64074,6633,215.03625,30.429167,6.44,,0.15,A5III,-0.01,-0.005,,false
5375,,,,,,125721,224870,,215.66125,-48.320278,6.09,,-0.13,B1III,-0.013,-0.013,,false
5376,,,,,,125745,205485,,215.582083,-34.786944,5.56,,-0.09,B8V,-0.025,0.001,,false
5377,,,,,,125810,241686,,215.834583,-50.772222,6.02,,1.36,K2III,-0.005,-0.004,,false
5378,,,,,,125823,205497,V761 Cen,215.759167,-39.512222,4.42,,-0.18,B7IIIp,-0.027,-0.032,,false
5379,,,,,,125835,252735,,216.27625,-68.195278,5.61,,0.49,A3Ib,-0.012,-0.003,,false
5380,,,,,,125869,241691,,215.951667,-53.176667,6.0,,1.1,K1III,-0.071,-0.024,,false
5381, 51    Hya,51,,,Hya,125932,182483,6648,215.774167,-27.753889,4.77,,1.31,K4III,-0.193,-0.112,0.04,false
5382,,,,,,125990,252737,,216.414583,-66.173333,6.36,,0.13,A3V,-0.059,-0.026,,false
5383,  2    Lib,2,,,Lib,126035,158528,,215.856667,-11.714167,6.21,,0.99,G7III,-0.009,-0.058,,false
5384,,,,,,126053,120424,,215.81375,1.241667,6.27,,0.63,G1V,0.226,-0.477,0.061,false
5385,,,,,,126128,,,215.844167,8.445,6.86,,0.43,F0V+F2V,-0.075,-0.008,0.016,false
5386,,,,,,126129,120426,,215.844583,8.446667,5.12,,-0.02,A0V,-0.075,-0.008,0.016,false
5387,,,,,,126141,83321,6653,215.778333,25.338056,6.22,,0.37,F5V,-0.155,0.064,,false
5388,,,,,,126200,120433,6654,216.00375,8.243611,5.95,,0.06,A3V,0.003,-0.025,,false
5389,,,,,,126209,257163,,217.403333,-76.729167,6.07,,1.18,K0-1III,-0.039,-0.026,,false
5390,,,,,,126218,182517,,216.2025,-24.806389,5.32,,0.96,G8III,-0.055,-0.016,0.024,false
5391,,,,,,126241,252745,,216.779583,-65.821667,5.85,,1.5,K3III,-0.018,-0.013,,false
5392,,,,,,126248,120434,,216.047083,5.82,5.1,,0.12,A5V,-0.077,0.005,0.023,false
5393,,,,,,126251,158550,,216.170417,-11.669722,6.49,,0.42,F4III,-0.071,-0.029,0.012,false
5394,,,,,,126271,120436,6655,216.07625,8.085,6.19,,1.2,K4III,-0.114,-0.092,0.015,false
5395,   Tau1Lup,,Tau,1,Lup,126341,224919,Tau1 Lup,216.534167,-45.221389,4.56,,-0.15,B2IV,-0.012,-0.013,,false
5396,   Tau2Lup,,Tau,2,Lup,126354,224920,,216.545,-45.379444,4.35,,0.43,F4IV+A7:,0.016,-0.008,0.002,false
5397,,,,,,126367,158558,,216.374167,-19.969722,6.61,,0.14,A2V,-0.039,-0.006,0.005,false
5398,,,,,,126386,224923,,216.555833,-42.319167,6.32,,1.19,K2III,-0.123,-0.071,,false
5399,,,,,,126400,182535,,216.44875,-26.8525,6.48,,0.94,G7IV,-0.019,-0.061,,false
5400,,,,,,126475,205561,,216.707917,-39.873889,6.35,,-0.08,B7IV,-0.019,-0.016,,false
5401,,,,,,126504,224929,,216.800833,-46.134444,5.83,,0.31,A1mA5/7-F2,-0.153,-0.082,,false
5402,,,,,,126597,64137,,216.371667,38.393056,6.27,,1.23,gK2,0.007,-0.013,,false
5403,,,,,,126610,241737,,217.18125,-59.197778,6.45,,0.14,A0II-III,-0.011,-0.015,,false
5404, 23The Boo,23,The,,Boo,126660,29137,6669,216.299167,51.850833,4.05,,0.5,F7V,-0.236,-0.397,0.072,false
5405, 22    Boo,22,,,Boo,126661,101025,,216.614167,19.226944,5.39,,0.23,F0m,-0.071,0.025,0.007,false
5406,104    Vir,104,,,Vir,126722,139942,,216.851667,-6.120278,6.17,,0.09,A2IV,-0.071,-0.058,,false
5407, 52    Hya,52,,,Hya,126769,182570,6674,217.043333,-29.491667,4.97,,-0.07,B8V,-0.024,-0.023,,false
5408,,,,,,126862,252767,,217.81875,-67.717222,5.83,,1.0,K1III,0.035,-0.066,,false
5409,105Phi Vir,105,Phi,,Vir,126868,139951,6675,217.050417,-2.228056,4.81,,0.7,G2IV,-0.139,-0.002,0.047,false
5410,106    Vir,106,,,Vir,126927,139957,,217.17375,-6.900556,5.42,,1.49,K5III,-0.019,-0.052,,false
5411,,,,,,126943,45058,,216.86375,41.025,6.63,,0.37,F1IV,-0.056,-0.019,,false
5412,,,,,,126981,224969,,217.535833,-45.321667,5.5,,-0.08,B8Vn,-0.046,-0.04,,false
5413,,,,,,126983,224972,,217.587083,-49.519167,5.37,,0.05,A1V+B,-0.052,-0.047,,false
5414,,,,,,127043,83373,,217.13125,28.289167,7.62,,-0.01,A1V,0.028,-0.013,,false
5415,,,,,,127067,83374,,217.13875,28.290833,7.12,,-0.03,A1V,0.017,0.008,,false
5416,,,,,,127065,64161,,217.068333,36.196944,6.1,R,,K0III,-0.024,0.002,,false
5417,,,,,,127152,224982,,217.735417,-40.845,6.39,,1.44,K3III,-0.03,0.003,,false
5418,,,,,,127167,120499,,217.460417,0.828889,5.94,,0.16,A5IV,0.01,0.002,,false
5419,,,,,,127193,205637,,217.795,-38.869722,5.97,,1.06,K1III,0.005,0.023,,false
5420, 24    Boo,24,,,Boo,127243,29165,,217.1575,49.844722,5.59,,0.85,G3IV,-0.305,-0.046,0.022,false
5421,,,,,,127297,241777,V Cen,218.137083,-56.887778,6.93,,0.91,F5Ia,-0.027,-0.012,,false
5422,,,,,,127304,64178,,217.457083,31.791111,6.06,,-0.03,A0V s,-0.018,0.004,,false
5423,,,,,,127334,45075,,217.403333,41.795833,6.35,,0.7,G5V,0.162,-0.218,0.031,false
5424,,,,,,127337,120504,,217.689167,4.772222,6.02,,1.42,gK4,0.009,-0.012,,false
5425,   Sig Lup,,Sig,,Lup,127381,241781,,218.15375,-50.456944,4.42,,-0.19,B2III,-0.043,-0.01,,false
5426,,,,,,127486,241792,,218.385,-54.998333,5.87,,0.48,F6IV-V,-0.095,0.004,,false
5427,,,,,,127501,241793,,218.374583,-52.68,5.87,,1.09,K0III,-0.006,-0.031,,false
5428,,,,,,127624,205681,,218.29,-30.714167,6.09,,1.03,K0III,0.04,-0.015,0.006,false
5429, 25Rho Boo,25,Rho,,Boo,127665,64202,6697,217.9575,30.371389,3.58,,1.3,K3-III,-0.1,0.119,0.029,false
5430,  5    UMi,5,,,UMi,127700,8024,6687,216.88125,75.696111,4.25,,1.44,K4-IIIBa0.3,0.009,0.023,0.019,false
5431,,,,,,127716,225027,,218.533333,-42.099722,6.6,,0.06,A2IV,-0.016,-0.029,,false
5432,,,,,,127724,241811,,218.821667,-60.015833,6.4,,1.26,K2III,-0.021,-0.031,,false
5433,,,,,,127726,83394,6699,218.084167,26.677222,6.01,,0.22,A7Vn,-0.064,-0.029,0.011,false
5434, 26    Boo,26,,,Boo,127739,83395,,218.135417,22.26,5.92,,0.35,F2IV,-0.127,0.039,,false
5435, 27Gam Boo,27,Gam,,Boo,127762,64203,Gam Boo,218.019583,38.308333,3.03,,0.19,A7III,-0.114,0.153,0.025,false
5436,,,,,,127821,16406,,217.692083,63.185556,6.09,,0.41,F4IV,-0.178,0.0,,false
5437,,,,,,127929,16411,,217.928333,60.225556,6.27,,0.24,F0III,-0.049,0.021,,false
5438,,,,,,127964,182676,,218.71125,-20.439167,6.5,,0.14,A4V,0.017,0.002,,false
5439,,,,,,127971,225046,,218.88125,-41.517222,5.87,,-0.08,B7V,-0.02,-0.017,,false
5440,   Eta Cen,,Eta,,Cen,127972,225044,Eta Cen,218.876667,-42.157778,2.31,,-0.19,B1.5Vne,-0.035,-0.035,,false
5441,,,,,,127986,64212,CP Boo,218.334583,36.959444,6.43,R,,F8IV w,-0.004,-0.057,,false
5442,,,,,,128000,29191,,218.12875,55.397778,5.76,,1.5,gK5,0.006,-0.015,,false
5443,,,,,,128020,252824,,219.442917,-67.932222,6.04,,0.5,F7V,-0.343,-0.29,0.051,false
5444,,,,,,128068,225054,6724,219.079167,-46.245278,5.55,,1.48,K3III,-0.038,0.019,0.019,false
5445,,,,,,128093,64221,,218.54875,32.534444,6.33,,0.4,F5V,0.108,0.007,,false
5446,,,,,,128152,205744,,219.100833,-39.597222,6.13,,1.05,K1III,-0.037,-0.018,,false
5447, 28Sig Boo,28,Sig,,Boo,128167,83416,6717,218.67,29.745,4.46,,0.36,F2V,0.189,0.132,0.068,false
5448,,,,,,128198,64227,6718,218.660417,36.625833,6.03,,1.38,gK5,-0.029,-0.054,,false
5449,,,,,,128207,205751,,219.184167,-40.211667,5.74,,-0.12,B8n,-0.016,-0.025,,false
5450,,,,,,128266,225062,,219.33375,-46.133889,5.41,,1.01,G8III,-0.014,-0.02,0.023,false
5451,,,,,,128332,29202,,218.56625,57.065278,6.48,,0.49,F6-8V,0.217,-0.229,0.025,false
5452,,,,,,128333,45121,CH Boo,218.665,49.368333,5.74,,1.56,M1IIIab,-0.045,0.054,,false
5453,   Rho Lup,,Rho,,Lup,128345,225071,6733,219.471667,-49.425833,4.05,,-0.15,B5V,-0.024,-0.031,,false
5454,,,,,,128402,83427,,219.02875,23.250278,6.38,,1.06,K0,-0.012,0.027,,false
5455,,,,,,128429,158677,,219.249167,-12.305278,6.2,,0.46,F5V,-0.872,0.365,0.034,false
5456,,,,,,128488,205786,,219.581667,-38.794167,6.02,,1.43,K3III,0.066,-0.023,,false
5457,,,,,,128582,225089,,219.795833,-46.584167,6.07,,0.51,F7V,-0.182,-0.211,0.021,false
5458,,,,,,128617,225091,,219.852917,-49.055556,6.39,,0.44,F3IV,-0.167,-0.132,0.009,false
5459,   Alp1Cen,,Alp,1,Cen,128620,252838,,219.899583,-60.835278,-0.01,,0.71,G2V,-3.642,0.699,0.751,false
5460,   Alp2Cen,,Alp,2,Cen,128621,,,219.900417,-60.835556,1.33,,0.88,K1V,-3.646,0.7,0.751,false
5461,,,,,,128713,241898,,220.136667,-56.440833,6.3,,1.18,K0-1II,-0.007,-0.011,,false
5462,,,,,,128750,101121,,219.558333,18.298333,5.91,,1.1,gK2,-0.029,-0.068,0.038,false
5463,   Alp Cir,,Alp,,Cir,128898,252853,Alp Cir,220.626667,-64.975278,3.19,,0.24,ApSrEuCr:,-0.192,-0.232,0.056,false
5464,,,,,,128902,45145,,219.552083,43.641944,5.7,,1.48,K2III,-0.113,0.03,,false
5465,,,,,,128917,241912,,220.482083,-58.616111,6.22,,0.45,F4V,0.019,-0.042,,false
5466,,,,,,128974,205823,,220.255833,-36.135,5.67,,-0.08,A0p:,-0.022,-0.008,,false
5467,,,,,,128998,29227,,219.563333,54.023333,5.85,,-0.01,A1V,0.018,-0.016,,false
5468, 33    Boo,33,,,Boo,129002,45153,,219.709167,44.404444,5.39,,0.0,A1V,-0.067,-0.017,0.012,false
5469,   Alp Lup,,Alp,,Lup,129056,225128,Alp Lup,220.4825,-47.388333,2.3,,-0.2,B1.5III/Vn,-0.021,-0.018,,false
5470,   Alp Aps,,Alp,,Aps,129078,257193,,221.965,-79.044722,3.83,,1.43,K3IIIa,-0.012,-0.015,0.029,false
5471,,,,,,129116,205839,,220.49,-37.793611,4.0,,-0.17,B3V,-0.023,-0.032,,false
5472,,,,,,129132,83458,,220.09125,21.975556,6.1,,0.4,G0V,-0.018,0.034,,false
5473,,,,,,129153,101137,,220.176667,13.534167,5.91,,0.21,F0V,0.055,-0.025,,false
5474,,,,,,129161,205841,,220.462917,-30.933333,6.37,,-0.09,ApSi,-0.031,-0.022,0.003,false
5475, 29Pi 1Boo,29,Pi,1,Boo,129174,101138,6762,220.181667,16.418333,4.94,,-0.03,B9pMnHgSi,0.015,0.015,0.002,false
5476, 29Pi 2Boo,29,Pi,2,Boo,129175,101139,6763,220.182917,16.417778,5.88,,0.24,A6V,0.001,0.01,0.002,false
5477, 30Zet Boo,30,Zet,,Boo,129246,101145,6766,220.287083,13.728333,4.83,H,,A2III,0.053,-0.016,0.009,false
5478, 30Zet Boo,30,Zet,,Boo,129247,101145,6766,220.287083,13.728333,4.43,H,0.05,A2III,0.053,-0.016,0.009,false
5479,,,,,,129245,8054,,218.409583,79.660278,6.26,,1.3,K3III,-0.101,0.081,0.015,false
5480, 31    Boo,31,,,Boo,129312,120601,6769,220.411667,8.161667,4.86,,1.0,G7+IIIHdel -0.5,-0.009,0.003,0.011,false
5481, 32    Boo,32,,,Boo,129336,101152,,220.43125,11.660556,5.56,,0.94,G8III,-0.157,-0.114,0.023,false
5482,,,,,,129422,252869,,221.322083,-62.875833,5.36,,0.29,A9V,0.063,-0.084,0.011,false
5483,,,,,,129430,83474,,220.475833,21.123611,6.38,R,,G8III-IV,-0.01,-0.053,,false
5484,  4    Lib,4,,,Lib,129433,182795,,220.806667,-24.9975,5.73,,-0.01,B9,-0.019,-0.001,,false
5485,,,,,,129456,205871,,220.914167,-35.173611,4.05,,1.35,K3IIIb,-0.064,-0.18,0.014,false
5486,,,,,,129462,241966,,221.23125,-58.477778,6.11,,1.02,K0III,-0.083,-0.053,,false
5487,107Mu  Vir,107,Mu,,Vir,129502,140090,,220.765,-5.658333,3.88,,0.38,F2III,0.109,-0.316,0.045,false
5488,,,,,,129557,241971,BU Cir,221.295417,-55.601944,6.1,,-0.06,B2III,-0.015,-0.013,,false
5489,,,,,,129685,205899,,221.246667,-35.191944,4.92,,0.01,A0V,0.003,-0.004,0.019,false
5490, 34    Boo,34,,,Boo,129712,83488,W Boo,220.855833,26.527778,4.81,,1.66,M3-III,-0.013,-0.017,0.002,false
5491,,,,,,129723,258720,BP Oct,232.079583,-88.133056,6.48,,0.3,Am,-0.091,-0.077,,false
5492,,,,,,129798,16466,DL Dra,220.513333,61.261944,6.25,,0.41,F2V,0.07,-0.03,0.017,false
5493,,,,,,129846,45190,,220.935,40.459167,5.73,,1.39,K4III,-0.014,0.023,,false
5494,,,,,,129858,225178,,221.62125,-47.441111,5.74,,0.07,A1V,-0.022,-0.015,,false
5495,,,,,,129893,241992,,221.755417,-52.383611,5.21,,0.98,G8III,-0.016,-0.082,0.021,false
5496,,,,,,129902,140116,,221.29875,-1.417778,6.07,,1.61,M1III,-0.053,-0.004,,false
5497, 54    Hya,54,,,Hya,129926,182855,,221.500417,-25.443056,4.94,,0.35,F2III-IV,-0.15,-0.104,0.049,false
5498,,,,,,129932,241995,,221.80125,-52.205556,6.07,,0.09,A1III-IV,-0.025,-0.017,,false
5499,,,,,,129944,182857,,221.528333,-23.153056,5.81,,0.98,gG5,0.027,-0.058,,false
5500,,,,,,129954,252894,,222.185,-66.593889,5.91,,-0.07,B2.5Ve,-0.021,-0.025,,false
5501,108    Vir,108,,,Vir,129956,120642,,221.375833,0.717222,5.69,,-0.03,B9.5V,-0.038,-0.007,,false
5502, 35Omi Boo,35,Omi,,Boo,129972,101184,,221.310417,16.964444,4.6,,0.98,G8.5III,-0.058,-0.049,0.045,false
5503,  5    Lib,5,,,Lib,129978,158788,,221.490833,-15.459722,6.33,,1.19,K1III,-0.032,0.0,,false
5504,,,,,,129980,182858,,221.545417,-21.176111,6.4,,0.58,F7V,-0.062,-0.104,0.026,false
5505, 36Eps Boo,36,Eps,,Boo,129988,,,221.246667,27.075,5.12,H,,A2V,-0.05,0.021,0.016,false
5506, 36Eps Boo,36,Eps,,Boo,129989,83500,,221.246667,27.074167,2.7,H,0.97,K0-II-III,-0.049,0.021,0.016,false
5507,,,,,,130025,101187,,221.33625,18.884722,6.13,,0.83,K0,0.032,0.014,,false
5508,,,,,,130055,205937,,221.77125,-38.290833,5.94,,1.33,K3III,0.052,-0.09,,false
5509,,,,,,130073,225183,,221.88375,-43.5575,6.3,,1.08,G8III,-0.013,-0.032,,false
5510,,,,,,130084,64306,,221.307083,32.788333,6.28,,1.58,M1IIIb,0.045,-0.072,,false
5511,109    Vir,109,,,Vir,130109,120648,6794,221.562083,1.892778,3.72,,-0.01,A0V,-0.114,-0.026,0.037,false
5512,,,,,,130144,101200,6796,221.525,15.131944,5.63,,1.57,M5IIIab,-0.084,0.02,,false
5513,,,,,,130157,182873,,221.807083,-21.324722,6.06,,1.65,K5III,-0.013,0.004,,false
5514, 55    Hya,55,,,Hya,130158,182875,,221.84375,-25.624444,5.63,,,A0IIIp,-0.008,-0.016,,false
5515,,,,,,130227,242026,6807,222.27875,-56.667778,6.23,,1.13,K1III,-0.11,-0.123,,false
5516, 56    Hya,56,,,Hya,130259,182882,,221.936667,-26.0875,5.24,,0.94,G5III,0.041,-0.007,0.034,false
5517, 57    Hya,57,,,Hya,130274,182883,,221.989583,-26.646389,5.77,,-0.02,B9V,-0.013,-0.011,,false
5518,,,,,,130325,158808,,221.97875,-12.839722,6.35,,1.1,K0III,0.043,-0.085,,false
5519,,,,,,130328,205966,V768 Cen,222.15875,-36.634722,6.04,,1.54,M3III,-0.014,-0.048,,false
5520,,,,,,130458,257206,,223.307083,-73.19,5.6,,0.82,G7IIIa+F9IV,0.021,0.033,,false
5521,,,,,,130529,182898,,222.327917,-24.251667,5.68,,1.3,gK1,-0.023,-0.003,,false
5522,,,,,,130557,140152,,222.225417,-0.847778,6.14,,-0.04,B9VSi:Cr:,-0.008,0.017,,false
5523,  7Mu  Lib,7,Mu,,Lib,130559,158821,6816,222.329583,-14.148889,5.31,,0.07,A1pSrCrEu,-0.061,-0.014,0.006,false
5524,,,,,,130603,83535,,222.097083,24.366667,6.14,,0.48,F2-6V,-0.11,0.045,0.01,false
5525,   Pi 1Oct,,Pi,1,Oct,130650,258713,,225.461667,-83.227778,5.65,,0.95,G8-K0III,0.016,0.053,,false
5526, 58    Hya,58,,,Hya,130694,182911,,222.572083,-27.960278,4.41,,1.4,K4III,-0.241,-0.059,0.011,false
5527,,,,,,130701,252928,AX Cir,223.145833,-63.81,5.87,,0.72,G3II+B8V,-0.024,-0.009,,false
5528,   Omi Lup,,Omi,,Lup,130807,225248,,222.91,-43.575556,4.32,,-0.15,B5IV,-0.02,-0.027,,false
5529,,,,,,130817,64344,,222.277917,37.811111,6.16,,0.36,F2V,-0.253,0.111,0.021,false
5530,  8Alp1Lib,8,Alp,1,Lib,130819,158836,,222.671667,-15.997222,5.15,,0.41,F4IV,-0.098,-0.066,0.05,false
5531,  9Alp2Lib,9,Alp,2,Lib,130841,158840,6827,222.719583,-16.041667,2.75,,0.15,A3IV,-0.106,-0.067,0.058,false
5532,,,,,,130917,83551,,222.493333,28.615833,5.8,,0.05,A4V,0.017,0.003,,false
5533, 38    Boo,38,,,Boo,130945,45226,,222.327917,46.116111,5.74,,0.48,F7IV w,-0.002,-0.076,,false
5534,,,,,,130948,83553,,222.565833,23.911944,5.85,,0.56,G0-2V,0.143,0.034,0.069,false
5535, 11    Lib,11,,,Lib,130952,140176,,222.754167,-2.299167,4.94,,0.98,G8III-IV,0.084,-0.123,0.016,false
5536,,,,,,130970,140177,,222.750417,-0.257222,6.18,,1.4,K3III,-0.026,0.015,,false
5537,,,,,,131040,29296,,222.384583,51.374722,6.51,,0.4,F5IV,0.012,0.008,,false
5538, 39    Boo,39,,,Boo,131041,45231,,222.422083,48.720556,5.69,,0.47,F6V+F5V,-0.076,0.096,0.009,false
5539,   Zet Cir,,Zet,,Cir,131058,252951,,223.676667,-65.991389,6.09,,-0.06,B3Vn,-0.022,-0.022,,false
5540,,,,,,131109,257212,R Aps,224.470417,-76.662778,5.34,,1.45,K4III:,-0.074,-0.015,0.008,false
5541,,,,,,131111,64355,,222.623333,37.271944,5.48,,1.02,K0III-IV,-0.211,0.094,0.026,false
5542,,,,,,131117,206035,,223.137917,-30.576944,6.29,,0.6,G1V,-0.329,-0.027,0.031,false
5543,,,,,,131120,206037,,223.212917,-37.803333,5.03,,-0.16,B7IIIp,-0.018,-0.021,,false
5544, 37Xi  Boo,37,Xi,,Boo,131156,101250,Xi  Boo,222.847083,19.101111,4.55,,0.76,G8Ve+K4Ve,0.137,-0.098,0.156,false
5545,   Pi 2Oct,,Pi,2,Oct,131246,258714,,226.194583,-83.038333,5.65,,1.3,G8Ib,-0.016,-0.01,,false
5546,,,,,,131342,242111,,223.894167,-60.114167,5.2,,1.16,K2III,-0.125,-0.115,0.031,false
5547,,,,,,131425,257218,,225.049167,-77.160278,5.93,,1.05,G8II,-0.003,0.004,,false
5548, 12    Lib,12,,,Lib,131430,182983,,223.58375,-24.642222,5.3,,1.32,K2III,-0.01,-0.027,0.041,false
5549,,,,,,131432,206079,,223.658333,-33.300556,5.82,,1.42,K2III,0.0,0.002,,false
5550,,,,,,131473,101273,,223.347083,15.704444,6.4,,0.57,F9V,-0.022,0.009,0.021,false
5551,   The Cir,,The,,Cir,131492,252965,The Cir,224.183333,-62.780833,5.11,,0.0,B4Vnpe,-0.011,0.0,,false
5552,,,,,,131507,29315,,222.86,59.293889,5.46,,1.36,K4III,-0.122,0.139,,false
5553,,,,,,131511,101276,6847,223.34875,19.152778,6.01,,0.83,K2V,-0.452,0.216,0.087,false
5554, 13Xi 1Lib,13,Xi,1,Lib,131530,158887,,223.595417,-11.898333,5.8,,0.97,G7III,-0.052,-0.01,,false
5555,,,,,,131551,257219,,224.983333,-75.0325,6.2,,-0.04,B9V,-0.006,-0.014,,false
5556,,,,,,131562,242120,,224.072083,-52.809722,5.38,,0.13,A2III,0.026,0.005,,false
5557,   Ome Oct,,Ome,,Oct,131596,258717,,227.784583,-84.7875,5.91,,-0.06,B9.5V,-0.008,0.009,,false
5558,,,,,,131625,206099,,223.93625,-33.855833,5.32,,0.04,A0V,0.02,0.0,0.007,false
5559,,,,,,131657,225306,,224.133333,-47.879167,5.64,,-0.04,B9V,-0.04,-0.02,,false
5560,,,,,,131705,242128,,224.255833,-51.446944,6.64,,1.7,M2III,-0.076,-0.009,,false
5561,,,,,,131752,206110,,224.149167,-39.416111,6.36,,0.06,A0-1V,-0.026,-0.024,,false
5562,,,,,,131774,206112,,224.12875,-32.636667,6.06,,1.41,K3III,-0.008,-0.028,,false
5563,  7Bet UMi,7,Bet,,UMi,131873,8102,6846,222.67625,74.155556,2.08,,1.47,K4-III,-0.031,0.012,0.039,false
5564, 15Xi 2Lib,15,Xi,2,Lib,131918,158915,,224.192083,-11.409722,5.46,,1.49,K4III,0.011,0.008,,false
5565,,,,,,131919,183030,,224.306667,-29.157778,6.29,,-0.04,B9V,-0.027,-0.031,,false
5566,,,,,,131923,225328,,224.536667,-48.863056,6.35,,0.71,G3-5V,-0.007,-0.333,0.051,false
5567,,,,,,131951,101293,,224.055,14.446389,5.77,,-0.06,A0V,-0.013,0.0,,false
5568,,,,,,131977,183040,,224.366667,-21.415556,5.74,,1.11,K4V,1.045,-1.729,0.173,false
5569,,,,,,132029,64408,,223.994583,32.300278,6.12,,0.1,A2V,-0.043,0.004,,false
5570, 16    Lib,16,,,Lib,132052,140240,,224.295833,-4.346389,4.49,,0.32,F0V,-0.094,-0.15,0.047,false
5571,   Bet Lup,,Bet,,Lup,132058,225335,,224.632917,-43.133889,2.68,,-0.22,B2III/IV,-0.035,-0.039,,false
5572,,,,,,132096,206154,,224.653333,-39.906667,6.15,,1.23,K2III,-0.047,-0.063,,false
5573,,,,,,132132,120758,,224.38875,-0.1675,5.53,,1.13,K1III,0.062,-0.026,0.034,false
5574,,,,,,132145,83596,,224.265,21.555278,6.49,,-0.01,A1V,-0.023,-0.028,,false
5575,,,,,,132146,101299,,224.29875,16.388333,5.71,,0.94,gG5,0.005,0.001,,false
5576,   Kap Cen,,Kap,,Cen,132200,225344,6873,224.790417,-42.104167,3.13,,-0.2,B2IV,-0.019,-0.024,,false
5577, 59    Hya,59,,,Hya,132219,183058,,224.663333,-27.657222,5.65,,0.24,A4V+A6V,-0.042,-0.01,0.008,false
5578, 17    Lib,17,,,Lib,132230,158935,,224.555833,-11.155,6.6,,0.01,A1V,-0.011,-0.014,,false
5579,,,,,,132238,206167,,224.807917,-37.881389,6.47,,-0.08,B8V,-0.017,-0.02,,false
5580,,,,,,132242,225351,,224.862917,-43.16,6.1,,0.6,F5III,-0.018,-0.013,,false
5581,,,,,,132254,45288,,224.095833,49.628611,5.63,,0.5,F7V,0.115,-0.223,0.027,false
5582, 18    Lib,18,,,Lib,132345,158946,,224.723333,-11.144167,5.87,,1.26,K3-IIICN1,-0.101,-0.061,,false
5583,,,,,,132375,140256,,224.72,-4.989167,6.09,,0.5,F8V,-0.357,-0.097,0.026,false
5584,,,,,,132525,120774,,224.84625,4.567778,5.93,,1.6,M2III,0.005,-0.008,,false
5585,,,,,,132604,206208,,225.304167,-38.058333,5.89,,1.24,K2-3III,0.013,-0.034,,false
5586, 19Del Lib,19,Del,,Lib,132742,140270,Del Lib,225.243333,-8.518889,4.92,,0.0,B9.5V,-0.063,-0.005,0.02,false
5587,,,,,,132763,206223,,225.492083,-34.358889,6.22,,0.24,A8IV,-0.025,-0.02,,false
5588, 40    Boo,40,,,Boo,132772,64449,,224.90375,39.265278,5.64,,0.31,F0-2IV-III,-0.032,0.042,,false
5589,,,,,,132813,16558,RR UMi,224.395833,65.9325,4.6,,1.59,M4.5III,-0.079,0.032,0.01,false
5590,,,,,,132833,140276,6889,225.3325,-2.755,5.52,,1.68,M0III,0.027,-0.023,,false
5591, 60    Hya,60,,,Hya,132851,183099,,225.526667,-28.060556,5.85,,0.16,A4IV,0.085,-0.029,,false
5592,,,,,,132879,83616,,225.218333,22.045556,6.38,R,,K0,0.01,0.006,,false
5593,   Eta Cir,,Eta,,Cir,132905,253005,,226.200833,-64.031667,5.17,,0.93,G8III,0.099,0.004,0.032,false
5594,,,,,,132933,120798,6890,225.45375,-0.140556,5.71,,1.52,M0.5IIb,0.009,-0.024,0.002,false
5595,,,,,,132955,206239,,225.747083,-32.643333,5.44,,-0.12,B3V,-0.015,-0.021,,false
5596,,,,,,133002,2459,,222.585,82.511944,5.64,,0.68,F9V,0.176,-0.222,0.016,false
5597,,,,,,133029,45326,BX Boo,225.16125,47.277778,6.37,,-0.14,B9pSiSrCr,-0.009,0.024,,false
5598,,,,,,133049,257238,,226.78625,-71.905278,6.52,,1.59,K4III,0.023,-0.015,,false
5599,,,,,,133112,140286,,225.687083,-3.031389,6.61,,0.2,A5m,-0.039,-0.02,,false
5600, 41Ome Boo,41,Ome,,Boo,133124,83624,,225.527083,25.008056,4.81,,1.5,K4-IIIabCa0.5,-0.007,-0.051,0.025,false
5601,110    Vir,110,,,Vir,133165,120809,,225.725,2.091389,4.4,,1.04,K0.5IIIbFe-0.5,-0.054,0.016,0.025,false
5602, 42Bet Boo,42,Bet,,Boo,133208,45337,6898,225.486667,40.390556,3.5,,0.97,G8IIIaBa0.3Fe-0.5,-0.041,-0.028,0.037,false
5603, 20Sig Lib,20,Sig,,Lib,133216,183139,Sig Lib,226.0175,-25.281944,3.29,,1.7,M3-III,-0.073,-0.043,0.064,false
5604,,,,,,133220,225422,GM Lup,226.17875,-40.861389,6.41,,1.46,M6III,-0.015,-0.039,,false
5605,   Pi  Lup,,Pi,,Lup,133242,225426,,226.28,-47.051111,4.72,H,-0.14,B5V,-0.02,-0.019,0.009,false
5606,   Pi  Lup,,Pi,,Lup,133243,225426,,226.28,-47.051111,4.82,H,,B5IV,-0.019,-0.019,0.009,false
5607,,,,,,133340,225435,,226.329583,-41.067222,5.15,,1.01,G8III,0.02,-0.003,0.019,false
5608,,,,,,133388,16574,6899,225.362917,60.204444,5.93,,0.09,A4V,-0.017,0.015,,false
5609,,,,,,133392,64476,6908,225.775417,35.205833,5.51,,1.02,gG8,-0.038,0.012,,false
5610,,,,,,133408,120822,,226.026667,5.4925,6.5,,0.31,F0V,-0.01,-0.041,0.017,false
5611,,,,,,133456,253024,6932,226.986667,-65.275556,6.17,,1.47,K3III,0.007,-0.009,,false
5612,,,,,,133484,45348,,225.7775,44.644444,6.65,,0.46,F6IV,-0.093,0.024,,false
5613,,,,,,133485,64484,,225.902083,34.566111,6.59,,1.02,G8III-IV,-0.002,-0.016,,false
5614,,,,,,133529,183163,,226.44875,-25.789722,6.67,,-0.01,B8V,-0.002,-0.02,,false
5615,,,,,,133550,206292,,226.557917,-36.264167,6.27,,1.65,K5III,-0.017,0.008,,false
5616, 43Psi Boo,43,Psi,,Boo,133582,83645,,226.11125,26.9475,4.54,,1.24,K2III,-0.174,-0.006,0.018,false
5617,,,,,,133631,225456,,226.857917,-49.088333,5.77,,0.92,G8III,0.014,0.017,,false
5618, 44    Boo,44,,,Boo,133640,45357,i Boo,225.9475,47.654444,4.76,,0.65,F9-G1Vn,-0.407,0.033,0.086,false
5619,,,,,,133652,206300,,226.63875,-30.918889,5.96,,-0.08,A0pSi,-0.016,-0.038,,false
5620,,,,,,133670,183176,6931,226.612917,-22.031944,6.17,,1.05,gK1,0.063,-0.058,,false
5621,,,,,,133683,253031,,227.374583,-67.084167,5.76,,0.69,F6II,-0.005,-0.001,,false
5622, 21Nu  Lib,21,Nu,,Lib,133774,159028,,226.656667,-16.256944,5.2,,1.58,K5-III,-0.033,-0.022,0.02,false
5623,,,,,,133792,253034,,227.35625,-63.642778,6.28,,0.06,A0pSrCrEu,-0.015,-0.018,,false
5624,,,,,,133880,225474,HR Lup,227.050417,-40.583889,5.79,,-0.14,B8IVSi,-0.03,-0.032,,false
5625,,,,,,133937,225479,,227.162917,-42.867778,5.85,,-0.11,B7V,-0.027,-0.018,,false
5626,   Lam Lup,,Lam,,Lup,133955,225483,,227.210833,-45.279722,4.05,,-0.18,B3V,-0.016,-0.019,0.012,false
5627, 47    Boo,47,,,Boo,133962,45370,6934,226.3575,48.151111,5.57,,0.0,A1V,-0.066,0.031,0.026,false
5628,,,,,,133981,257247,,228.140833,-72.770278,6.01,,0.0,B8-9III,-0.024,-0.007,,false
5629,,,,,,133994,16587,,225.990833,65.919722,6.13,R,,A2V s,0.023,-0.007,,false
5630,,,,,,134044,64503,,226.64625,36.455556,6.35,,0.52,F8V,-0.063,0.028,,false
5631,,,,,,134047,120852,,226.917917,5.498056,6.16,,0.94,K0III,-0.003,-0.017,,false
5632,,,,,,134060,253043,,227.685833,-61.4225,6.3,,0.63,G2V,-0.198,-0.021,,false
5633,,,,,,134064,101379,,226.835,18.441667,6.02,,0.06,A3V,0.043,-0.055,0.015,false
5634, 45    Boo,45,,,Boo,134083,83671,6945,226.825417,24.869167,4.93,,0.43,F5V,0.185,-0.165,0.064,false
5635,,,,,,134190,29407,,226.569583,54.556389,5.25,,0.96,G7.5IIIFe-1,0.048,0.015,0.029,false
5636,,,,,,134255,206352,,227.53125,-38.7925,5.98,,,G8III,-0.006,-0.023,,false
5637,,,,,,134270,242287,,227.816667,-55.346111,5.54,,1.14,G2Ib-II,-0.002,-0.008,,false
5638, 46    Boo,46,,,Boo,134320,83682,,227.099167,26.301111,5.67,,1.24,gK2,0.005,-0.014,,false
5639,,,,,,134323,101403,,227.2225,13.235,6.1,,0.96,dG6,-0.056,0.064,,false
5640,,,,,,134335,83685,,227.147917,25.108611,5.81,,1.24,K1III,-0.008,-0.001,,false
5641,,,,,,134373,183237,,227.5775,-26.332778,5.76,,1.05,K0III,-0.032,-0.01,,false
5642,,,,,,134444,225517,,227.895417,-45.2775,6.44,,1.04,K1III,-0.009,0.014,,false
5643,,,,,,134443,225516,,227.882917,-45.279444,7.39,,1.08,K0III,0.025,-0.055,,false
5644,,,,,,134453,253062,X TrA,228.579583,-70.079444,5.81,,3.38,"C5,5",-0.001,-0.006,,false
5645,,,,,,134468,253059,,228.254167,-61.743889,6.32,,1.9,K4Ib,-0.01,-0.008,,false
5646,   Kap1Lup,,Kap,1,Lup,134481,225525,,227.98375,-48.737778,3.87,,-0.05,B9.5Vne,-0.095,-0.049,,false
5647,   Kap2Lup,,Kap,2,Lup,134482,225526,,227.99,-48.743611,5.69,,0.14,A3IV,-0.103,-0.04,,false
5648,,,,,,134493,29420,,227.08125,50.055,6.39,,1.03,K0III,-0.004,-0.018,,false
5649,   Zet Lup,,Zet,,Lup,134505,242304,,228.07125,-52.099167,3.41,,0.92,G8III,-0.112,-0.073,0.043,false
5650,,,,,,134597,225533,,228.130417,-48.218611,6.33,,1.12,K2III,-0.014,-0.028,,false
5651,,,,,,134687,225539,Var?,228.20625,-44.500556,4.82,,-0.17,B3IV,-0.034,-0.028,,false
5652, 24Iot1Lib,24,Iot,1,Lib,134759,159090,6981,228.055417,-19.791667,4.54,,-0.08,A0pSi,-0.036,-0.039,0.03,false
5653,,,,,,134837,206418,,228.280833,-36.091389,6.1,,-0.08,B8V,-0.043,-0.021,,false
5654,,,,,,134943,101429,FL Ser,228.017917,18.975833,5.89,,1.53,M4IIIab,-0.017,0.005,0.006,false
5655,,,,,,134946,183269,,228.322917,-24.008333,6.47,,-0.04,B9,-0.011,-0.02,,false
5656, 25Iot2Lib,25,Iot,2,Lib,134967,159105,,228.33,-19.6475,6.08,,0.12,A3Vn,-0.051,-0.037,,false
5657, 23    Lib,23,,,Lib,134987,183275,,228.369583,-25.309167,6.45,,0.7,G4V,-0.398,-0.071,0.034,false
5658,,,,,,135051,183285,,228.472083,-26.193611,5.84,,1.14,gG5,-0.015,0.0,,false
5659,,,,,,135101,101437,,228.18125,19.285833,6.68,,0.68,G5V,-0.59,0.29,0.024,false
5660,  1    Lup,1,,,Lup,135153,206445,,228.655417,-31.519167,4.91,,0.37,F1II,-0.005,0.001,0.014,false
5661,,,,,,135160,253082,,229.151667,-60.903889,5.73,,-0.08,B0.5Ve,-0.026,0.0,,false
5662, 26    Lib,26,,,Lib,135230,159122,,228.640417,-17.768611,6.17,,-0.05,B9.5III,-0.022,-0.014,,false
5663,,,,,,135235,225590,,228.974167,-48.074167,5.95,,0.21,A3m,0.018,-0.032,,false
5664,   Del Cir,,Del,,Cir,135240,253084,6998,229.23625,-60.9575,5.09,,-0.06,O8.5V,-0.019,-0.009,,false
5665,,,,,,135263,83723,,228.382917,22.983333,6.3,,0.06,A2V,0.049,0.093,,false
5666,   Eps Cir,,Eps,,Cir,135291,253088,,229.412083,-63.610556,4.86,,1.25,K2.5III,0.001,0.008,0.004,false
5667,,,,,,135345,225600,,229.016667,-41.491111,5.16,,0.58,G5Ia+B,-0.005,-0.006,-0.003,false
5668,,,,,,135348,225602,,229.04375,-43.484722,6.04,,-0.14,B3IV,-0.007,0.003,,false
5669,,,,,,135367,140408,,228.71125,-5.502778,6.28,,1.47,K2,-0.018,0.005,,false
5670,   Bet Cir,,Bet,,Cir,135379,242384,,229.378333,-58.801111,4.07,,0.09,A3V,-0.1,-0.137,0.053,false
5671,   Gam TrA,,Gam,,TrA,135382,253097,7008,229.7275,-68.679444,2.89,,0.0,A1V,-0.072,-0.031,0.01,false
5672,,,,,,135384,16630,,227.68375,67.781389,6.17,R,,A8Vn,0.001,0.0,,false
5673,,,,,,135402,64572,,228.398333,38.264722,6.2,,1.2,gK2,-0.01,-0.047,,false
5674,,,,,,135438,64574,,228.525417,31.788056,5.99,,1.52,K5,0.043,-0.018,,false
5675,  3    Ser,3,,,Ser,135482,120916,,228.7975,4.939444,5.33,,1.09,K0III,-0.018,0.005,0.021,false
5676, 48Chi Boo,48,Chi,,Boo,135502,83729,,228.621667,29.164167,5.26,,0.03,A2V,-0.066,0.03,0.026,false
5677,,,,,,135530,45445,,228.542917,42.171389,6.13,,1.66,M2IIIa,0.019,-0.014,,false
5678,,,,,,135534,183328,,229.095833,-22.399444,5.5,,1.38,K5III,-0.034,0.003,,false
5679,  4    Ser,4,,,Ser,135559,120920,,228.954583,0.372222,5.63,,0.18,A4V,-0.107,0.015,0.02,false
5680,,,,,,135591,253101,,229.70375,-60.496389,5.46,,-0.1,O7.5III((f)),-0.027,-0.002,,false
5681, 49Del Boo,49,Del,,Boo,135722,64589,7002,228.875833,33.314722,3.47,,0.95,G8IIIFe-1,0.086,-0.112,0.03,false
5682,,,,,,135730,225631,,229.539167,-41.060833,6.28,,0.18,Am,0.028,0.007,,false
5683,   Mu  Lup,,Mu,,Lup,135734,225638,,229.633333,-47.875,4.27,,-0.08,B8Ve,-0.026,-0.038,0.013,false
5684,,,,,,135737,253115,,230.169583,-67.481389,6.28,,-0.09,B3V,-0.003,-0.008,,false
5685, 27Bet Lib,27,Bet,,Lib,135742,140430,7009,229.251667,-9.383056,2.61,,-0.11,B8V,-0.096,-0.019,-0.003,false
5686,  2    Lup,2,,,Lup,135758,183346,7012,229.457917,-30.148889,4.34,,1.1,G9IIIaFe1,-0.008,-0.01,0.018,false
5687,,,,,,135876,225647,GG Lup,229.735,-40.788333,5.59,,-0.1,B7V,-0.014,-0.024,,false
5688,,,,,,135896,206509,,229.672083,-31.209444,6.18,,1.23,G6-8III,-0.006,-0.008,,false
5689,,,,,,136014,206523,,229.881667,-37.096667,6.2,,0.96,G6III-IV,-0.092,-0.124,,false
5690,,,,,,136028,140444,,229.609167,-0.461389,5.89,,1.51,K5III,0.006,-0.007,,false
5691,,,,,,136064,16660,,228.659583,67.346667,5.13,,0.53,F9IV,0.221,-0.39,0.046,false
5692,,,,,,136138,83755,,229.602083,20.572778,5.7,,0.97,G8IIIaBa0.3,-0.012,-0.02,,false
5693,,,,,,136174,16662,,228.71625,68.945278,6.51,R,,A1Vn,0.024,-0.009,,false
5694,  5    Ser,5,,,Ser,136202,120946,MQ Ser,229.828333,1.765278,5.06,,0.54,F8III-IV,0.374,-0.514,0.037,false
5695,   Del Lup,,Del,,Lup,136298,225691,Del Lup,230.342917,-40.6475,3.22,,-0.22,B1.5IV,-0.015,-0.026,,false
5696,,,,,,136334,225695,,230.397083,-40.749722,6.2,,0.07,A1V,-0.01,-0.032,,false
5697,,,,,,136347,206543,,230.375417,-38.219167,6.48,,-0.06,A0pSi,-0.013,-0.041,,false
5698,   Nu 1Lup,,Nu,1,Lup,136351,225703,,230.534583,-47.927778,5.0,,0.5,F8V,-0.14,-0.137,0.032,false
5699,   Nu 2Lup,,Nu,2,Lup,136352,225697,,230.450833,-48.317778,5.65,,0.65,G3-5V,-1.617,-0.277,0.066,false
5700,,,,,,136359,253136,,230.793333,-60.656944,5.67,,0.48,F7V,-0.09,-0.02,,false
5701, 28    Lib,28,,,Lib,136366,159187,,230.22375,-18.158611,6.17,,1.02,G8III,-0.011,-0.061,,false
5702,,,,,,136403,64630,,229.875833,32.515278,6.32,,0.24,A2m,-0.015,0.016,,false
5703, 29Omi Lib,29,Omi,,Lib,136407,159191,,230.255833,-15.548333,6.3,,0.41,F0III,0.024,0.026,,false
5704,   Gam Cir,,Gam,,Cir,136415,242463,,230.844583,-59.320833,4.51,,0.19,B5IV+F8,-0.016,-0.038,0.01,false
5705,   Phi1Lup,,Phi,1,Lup,136422,206552,,230.451667,-36.261389,3.56,,1.54,K5III,-0.089,-0.084,0.014,false
5706,,,,,,136442,140473,,230.19625,-2.413333,6.35,,1.06,K0V,-0.253,-0.177,0.033,false
5707,,,,,,136479,140474,,230.281667,-5.824722,5.54,,1.04,K1III,-0.05,-0.008,,false
5708,   Eps Lup,,Eps,,Lup,136504,225712,Var?,230.670417,-44.689444,3.37,,-0.18,B2IV-V,-0.019,-0.013,0.009,false
5709,  1Omi CrB,1,Omi,,CrB,136512,83768,7032,230.035417,29.616111,5.51,,1.02,K0III,-0.12,-0.047,0.001,false
5710,  6    Ser,6,,,Ser,136514,120955,7037,230.258333,0.715278,5.35,,1.19,K3III,-0.042,-0.106,0.007,false
5711,,,,,,136643,83778,,230.27875,24.957778,6.39,,1.23,K0,-0.026,-0.026,,false
5712,   Phi2Lup,,Phi,2,Lup,136664,206580,,230.789167,-36.858611,4.54,,-0.15,B4V,-0.018,-0.023,,false
5713,,,,,,136672,253155,7058,231.56125,-68.309167,5.89,,1.02,G8-K0III,0.121,0.011,,false
5714, 11    UMi,11,,,UMi,136726,8207,,229.274583,71.823889,5.02,,1.37,K4III,0.007,0.011,0.015,false
5715,,,,,,136729,29487,,230.021667,51.958611,5.66,,0.11,A4V,0.014,0.012,,false
5716,,,,,,136751,45497,,230.173333,44.434167,6.19,,0.39,F3-4IV s,0.027,-0.106,,false
5717,  7    Ser,7,,,Ser,136831,101508,,230.596667,12.5675,6.28,,-0.02,A0V,-0.004,-0.004,,false
5718, 50    Boo,50,,,Boo,136849,64656,,230.4525,32.933889,5.37,,-0.07,B9Vn,-0.051,0.017,0.005,false
5719,   Ups Lup,,Ups,,Lup,136933,206597,,231.187083,-39.710278,5.37,,-0.11,A0pSi,-0.037,-0.047,0.008,false
5720,,,,,,136956,159227,,230.9675,-12.369444,5.72,,1.04,gG6,-0.038,-0.039,,false
5721,  8    Ser,8,,,Ser,137006,140502,,230.932083,-1.0225,6.12,,0.25,F0V,0.076,-0.03,,false
5722,,,,,,137015,206607,,231.2775,-38.169444,7.03,,0.09,A2V,-0.01,-0.029,,false
5723, 31Eps Lib,31,Eps,,Lib,137052,159234,,231.049583,-10.322222,4.94,,0.44,F5IV,-0.067,-0.154,0.035,false
5724,,,,,,137058,206616,,231.334167,-38.733611,4.6,,0.0,A0IV,-0.052,-0.016,0.012,false
5725,,,,,,137066,253174,,231.887917,-64.531389,5.71,,1.64,K5-M0III,-0.015,-0.019,,false
5726,,,,,,137071,64667,,230.655833,39.581389,5.5,,1.59,gK4,0.002,-0.015,,false
5727,  2Eta CrB,2,Eta,,CrB,137107,64673,7054,230.80125,30.287778,5.58,H,0.58,G0V,0.138,-0.187,0.061,false
5728,  2Eta CrB,2,Eta,,CrB,137108,,7054,230.80125,30.287778,6.08,H,,G3V,0.137,-0.187,0.061,false
5729,   Rho Oct,,Rho,,Oct,137333,258731,,235.82,-84.465278,5.57,,0.11,A2V,0.131,0.097,,false
5730,   Kap1Aps,,Kap,1,Aps,137387,257289,Kap1 Aps,232.878333,-73.389444,5.49,,-0.12,B3IVe,-0.006,-0.013,,false
5731,,,,,,137389,16712,Var?,230.655417,62.047222,5.98,,-0.03,A0pSi,0.01,-0.034,,false
5732,,,,,,137390,45521,,231.02125,45.271111,6.01,,1.2,K2III,-0.014,0.008,,false
5733, 51Mu 1Boo,51,Mu,1,Boo,137391,64686,7063,231.1225,37.377222,4.31,,0.31,F2IVa,-0.146,0.087,0.039,false
5734, 51Mu 2Boo,51,Mu,2,Boo,137392,64687,,231.12875,37.347778,6.5,,0.59,G1V,-0.144,0.094,0.039,false
5735, 13Gam UMi,13,Gam,,UMi,137422,8220,Gam UMi,230.182083,71.833889,3.05,,0.05,A3II-III,-0.019,0.02,0.003,false
5736,,,,,,137432,206660,,231.825833,-36.767778,5.45,,-0.15,B4Vp,-0.012,-0.035,,false
5737,,,,,,137443,16713,,230.66,63.341389,5.79,,1.27,gK4,-0.013,-0.091,0.005,false
5738,,,,,,137465,242569,,232.113333,-51.5975,6.1,,1.09,G2II,-0.007,0.005,,false
5739,  9Tau1Ser,9,Tau,1,Ser,137471,101545,7074,231.4475,15.428056,5.17,,1.66,M1III,-0.013,-0.007,0.013,false
5740,,,,,,137510,101548,,231.472083,19.480833,6.27,,0.6,G0IV-V,-0.057,-0.006,,false
5741,,,,,,137704,64701,,231.5725,34.335833,5.46,,1.4,K4III,-0.114,0.056,,false
5742,,,,,,137709,225825,,232.35125,-46.732778,5.24,,1.74,K4III,-0.01,-0.006,0.005,false
5743, 32Zet1Lib,32,Zet,1,Lib,137744,159280,,232.064167,-16.716389,5.64,,1.55,K5III,0.017,-0.032,,false
5744, 12Iot Dra,12,Iot,,Dra,137759,29520,7077,231.2325,58.966111,3.29,,1.16,K2III,-0.009,0.017,0.04,false
5745,,,,,,137853,83830,,231.912083,25.101667,6.02,,1.62,gM1,0.007,-0.014,,false
5746, 10    Ser,10,,,Ser,137898,121020,,232.159167,1.842222,5.17,,0.23,A8IV,-0.083,-0.029,0.031,false
5747,  3Bet CrB,3,Bet,,CrB,137909,83831,Bet CrB,231.957083,29.105833,3.68,,0.28,F0p,-0.179,0.086,0.032,false
5748,,,,,,137928,29527,,231.635417,54.02,6.45,,0.05,A2IV,0.048,-0.019,,false
5749,,,,,,138105,183533,7114,232.65125,-20.728333,6.22,,0.17,A5m,0.014,-0.019,,false
5750, 34Zet3Lib,34,Zet,3,Lib,138137,159307,,232.668333,-16.609444,5.82,,1.06,gG6,0.018,0.001,,false
5751,,,,,,138204,206736,,233.018333,-38.623056,6.25,,0.2,A7V,-0.026,-0.089,,false
5752,,,,,,138213,45562,,232.185417,47.201389,6.15,,0.1,AmA3-F0V:,-0.015,-0.002,,false
5753,,,,,,138221,206734,,232.959583,-32.881111,6.46,,0.09,B7V,-0.012,-0.024,,false
5754,,,,,,138245,16740,,231.92,62.275556,6.5,,0.14,A5IV,0.033,-0.024,,false
5755,,,,,,138265,16741,,231.964167,60.670278,5.9,,1.44,K5III,-0.019,-0.002,,false
5756,,,,,,138268,159317,,232.930833,-20.164722,6.22,,0.22,A8V,-0.075,-0.028,,false
5757,,,,,,138289,257303,,234.82625,-77.918056,6.18,,1.2,K2IIICN0.5Ba-1,-0.085,-0.123,,false
5758,,,,,,138290,121038,,232.730833,8.579167,6.57,,0.37,F4V w,0.034,-0.003,,false
5759,,,,,,138338,29540,,232.236667,55.195,6.43,,0.08,A3m,-0.007,0.036,,false
5760,,,,,,138341,64736,,232.594583,31.286111,6.46,,0.19,A4IV,-0.024,-0.012,,false
5761,,,,,,138383,64741,,232.61625,36.804167,6.37,R,,K0,-0.059,0.023,,false
5762,,,,,,138413,159330,,233.152917,-19.670556,5.52,,0.18,A2m,-0.021,-0.035,0.018,false
5763, 52Nu 1Boo,52,Nu,1,Boo,138481,45580,,232.7325,40.833056,5.02,,1.59,K4.5IIIbBa0.4,0.011,-0.007,0.02,false
5764, 35Zet4Lib,35,Zet,4,Lib,138485,159335,7126,233.23,-16.852778,5.5,,-0.14,B2Vn,-0.011,-0.014,,false
5765,,,,,,138488,183565,,233.287917,-24.489444,7.0,,0.27,A3+F0V:,-0.003,-0.038,,false
5766,,,,,,138498,253222,,234.0725,-65.613333,6.51,,0.35,F3IV-V,-0.092,-0.063,,false
5767,,,,,,138505,206763,,233.506667,-40.066111,5.82,,1.68,M2III,-0.055,-0.025,,false
5768,,,,,,138524,16746,,232.338333,62.099722,6.38,R,,K5,-0.024,-0.001,,false
5769,,,,,,138525,64754,,232.843333,36.616389,6.38,,0.5,F6III,0.006,-0.031,,false
5770, 12Tau2Ser,12,Tau,2,Ser,138527,101600,,233.040417,16.056111,6.22,,-0.05,B9V,0.001,0.009,,false
5771,   Eps TrA,,Eps,,TrA,138538,253226,,234.18,-66.316944,4.11,,1.17,K1-2III,0.023,-0.055,0.038,false
5772, 11    Ser,11,,,Ser,138562,140596,,233.24125,-1.186389,5.51,,1.09,K0III,-0.017,-0.042,,false
5773,,,,,,138564,206769,,233.587083,-39.349444,6.36,,-0.03,B9V,-0.028,-0.047,,false
5774, 53Nu 2Boo,53,Nu,2,Boo,138629,45590,,232.945833,40.899444,5.02,,0.07,A5V,-0.017,-0.009,0.02,false
5775, 36    Lib,36,,,Lib,138688,183580,,233.655417,-28.046944,5.15,,1.3,K4III,0.014,-0.033,0.011,false
5776,   Gam Lup,,Gam,,Lup,138690,225938,,233.785417,-41.166944,2.78,,-0.2,B2IV,-0.015,-0.028,0.008,false
5777, 37    Lib,37,,,Lib,138716,140609,,233.544583,-10.064444,4.62,,1.01,K1III-IV,0.309,-0.234,0.027,false
5778,  4The CrB,4,The,,CrB,138749,64769,7134/5,233.2325,31.359167,4.14,,-0.13,B6Vnne,-0.019,-0.011,0.027,false
5779,,,,,,138763,140613,,233.586667,-5.695,6.51,,0.58,F7V,-0.095,0.011,,false
5780,,,,,,138764,140614,,233.610833,-9.183333,5.17,,-0.09,B6IV,-0.016,-0.023,,false
5781,,,,,,138769,225950,Var?,233.971667,-44.958611,4.54,,-0.18,B3IVp,-0.025,-0.03,0.014,false
5782,   Kap2Aps,,Kap,2,Aps,138800,257307,,235.088333,-73.446667,5.65,,-0.04,B7III-IV,-0.021,-0.024,,false
5783,,,,,,138803,101618,,233.47,17.137778,6.45,R,,F3III,-0.042,-0.038,,false
5784,,,,,,138816,225957,,234.050417,-44.396944,5.43,,1.5,K4-5III,-0.045,-0.057,0.017,false
5785,,,,,,138852,16754,,232.732083,64.208611,5.79,,0.96,K0III-IV,-0.117,0.081,0.002,false
5786,,,,,,138867,257310,,235.4775,-76.081944,5.95,,-0.04,B9V,-0.018,-0.041,,false
5787, 38Gam Lib,38,Gam,,Lib,138905,159370,,233.881667,-14.789444,3.91,,1.01,G8.5III,0.065,0.009,0.041,false
5788, 13Del Ser,13,Del,,Ser,138917,101623,,233.700417,10.5375,3.8,,0.26,F0IV,-0.074,-0.005,0.021,false
5789, 13Del Ser,13,Del,,Ser,138918,101624,Del Ser,233.700417,10.539167,3.8,,0.26,F0IV,-0.074,0.012,0.021,false
5790,,,,,,138923,206795,7149,234.0475,-33.092778,6.24,,,B8V,-0.016,-0.017,,false
5791,,,,,,138936,121071,,233.769167,1.668889,6.56,,0.28,F0III,-0.074,-0.035,,false
5792,,,,,,138965,257308,,235.047917,-70.227778,6.44,,0.08,A1V,-0.049,-0.06,,false
5793,  5Alp CrB,5,Alp,,CrB,139006,83893,Alp CrB,233.672083,26.714722,2.23,,-0.02,A0V+G5V,0.121,-0.089,0.045,false
5794, 39Ups Lib,39,Ups,,Lib,139063,183619,,234.25625,-28.135,3.58,,1.38,K3III,-0.009,0.003,0.044,false
5795, 15Tau3Ser,15,Tau,3,Ser,139074,101631,,233.888333,17.655556,6.12,,0.94,gG8,-0.079,-0.014,,false
5796,,,,,,139087,101634,,233.9725,11.265556,6.07,,1.09,gK0,-0.03,-0.012,,false
5797,   Ome Lup,,Ome,,Lup,139127,226004,,234.513333,-42.5675,4.33,,1.42,K4.5III,-0.153,0.057,0.017,false
5798,,,,,,139129,242793,,234.70625,-52.372778,5.44,,0.0,A0V,-0.036,-0.035,0.015,false
5799, 14    Ser,14,,,Ser,139137,140643,,234.140417,-0.561667,6.51,,0.72,G8III+A,-0.027,-0.022,,false
5800,  6Mu  CrB,6,Mu,,CrB,139153,64790,,233.8125,39.01,5.11,,1.64,M1.5III-IIIb,0.029,0.006,0.003,false
5801,,,,,,139160,183631,,234.36875,-26.28,6.19,,0.01,B7IV,-0.01,-0.023,,false
5802, 16    Ser,16,,,Ser,139195,101640,,234.123333,10.01,5.26,,0.95,K0III:CN1Ba0.7Sr2,0.045,-0.129,0.03,false
5803,,,,,,139211,242803,,234.985417,-59.908333,5.95,,0.48,F6V,-0.122,-0.22,0.029,false
5804, 18Tau5Ser,18,Tau,5,Ser,139225,101642,,234.122083,16.118889,5.93,,0.29,F3V,0.076,-0.007,,false
5805,,,,,,139233,206826,,234.63625,-39.160833,6.57,,-0.07,B9V,-0.013,-0.032,,false
5806,,,,,,139254,183637,,234.450417,-23.141667,5.78,,1.1,K0III,-0.022,-0.08,,false
5807,,,,,,139271,206827,,234.67625,-39.128056,6.04,,0.21,A3-5mA3-F2,0.023,-0.008,,false
5808,,,,,,139284,64797,,233.955417,38.373889,6.42,R,,K2,0.029,-0.006,,false
5809,,,,,,139290,183641,,234.565417,-28.206667,6.32,,1.17,K1III,0.003,-0.026,,false
5810,,,,,,139329,183646,,234.567917,-21.016111,5.84,,1.08,gG9,0.068,-0.06,,false
5811,,,,,,139357,29583,,233.817917,53.921944,5.97,,1.18,gK4,-0.011,-0.004,,false
5812, 40Tau Lib,40,Tau,,Lib,139365,183649,,234.664167,-29.777778,3.66,,-0.17,B2.5V,-0.015,-0.03,,false
5813,,,,,,139389,64808,,234.2225,29.991111,6.52,,,F5V:,0.087,-0.06,,false
5814, 41    Lib,41,,,Lib,139446,159411,7169,234.727083,-19.301944,5.38,,0.86,G8III,0.085,-0.076,,false
5815,,,,,,139460,140671,,234.666667,-8.794444,6.5,,0.53,F6IV-V,0.022,-0.014,0.011,false
5816,,,,,,139461,140672,,234.667083,-8.791111,6.48,,0.52,F6V,0.028,-0.018,0.011,false
5817,,,,,,139478,29589,,234.017083,52.069722,6.74,,0.32,F4IIIp,-0.022,0.082,,false
5818,,,,,,139493,29588,7163,233.987917,54.630556,5.74,R,,A2V,-0.035,-0.01,,false
5819,,,,,,139518,183665,,234.83875,-23.150278,6.34,,0.02,A0V,-0.036,-0.029,,false
5820,  3Psi1Lup,3,Psi,1,Lup,139521,206843,,234.941667,-34.411944,4.67,,0.99,G8III,0.004,-0.015,0.032,false
5821,,,,,,139599,226059,,235.242917,-47.735556,6.23,,1.63,K5-M0III,-0.027,-0.025,,false
5822,,,,,,139613,206858,,235.064167,-31.213611,6.34,,1.43,K2III,-0.061,-0.02,,false
5823, 54Phi Boo,54,Phi,,Boo,139641,45643,,234.456667,40.353333,5.24,,0.88,G7III-IVFe-2,0.063,0.062,0.021,false
5824, 42    Lib,42,,,Lib,139663,183686,,235.070417,-23.818056,4.96,,1.33,K3IIICN1,-0.013,-0.012,0.049,false
5825,,,,,,139664,226064,,235.297083,-44.661111,4.64,,0.4,F5IV-V,-0.177,-0.262,0.06,false
5826, 15The UMi,15,The,,UMi,139669,8274,,232.85375,77.349444,4.96,,1.58,K5III,-0.049,0.01,0.021,false
5827,,,,,,139761,64825,,234.70375,34.675,6.11,,1.02,K0,-0.006,-0.016,,false
5828,,,,,,139778,29597,,234.383333,54.508889,5.87,,1.07,gK1,-0.037,-0.015,,false
5829,,,,,,139777,2556,,232.295833,80.448611,6.58,,0.67,G0IV-V+G8IV-V,-0.228,0.113,0.039,false
5830,,,,,,139798,45650,,234.5675,46.797778,5.75,,0.36,F2V,0.09,-0.126,0.009,false
5831,,,,,,139862,101673,,235.043333,12.053056,6.25,,0.94,G7.5IIIaFe-0.5,-0.007,-0.007,,false
5832,,,,,,139871,226089,,235.655,-49.489444,6.04,,1.31,K2III,-0.004,-0.018,,false
5833,  7Zet1CrB,7,Zet,1,CrB,139891,64833,,234.8425,36.636667,6.0,H,,B9V,-0.014,-0.013,0.015,false
5834,  7Zet2CrB,7,Zet,2,CrB,139892,64834,,234.844583,36.635833,5.07,H,-0.12,B7V,-0.013,-0.006,0.015,false
5835,,,,,,139906,29600,,234.642917,50.423333,5.84,,0.83,G8III,0.005,-0.038,,false
5836,,,,,,139915,253269,,235.979583,-60.287222,6.48,,1.05,G0Ib,-0.017,-0.005,,false
5837,,,,,,139980,206887,,235.659583,-37.425,5.24,,0.98,G8-K0III,-0.048,-0.021,0.008,false
5838, 43Kap Lib,43,Kap,,Lib,139997,159442,7200,235.486667,-19.678889,4.74,,1.57,M0-IIIb,-0.037,-0.103,0.04,false
5839,  4Psi2Lup,4,Psi,2,Lup,140008,206889,,235.670833,-34.710556,4.75,,-0.14,B5V,-0.021,-0.029,,false
5840, 19Tau6Ser,19,Tau,6,Ser,140027,101678,,235.246667,16.024722,6.01,,0.9,G8III,0.028,-0.013,,false
5841,,,,,,140117,29609,7192,234.789583,57.924444,6.45,,1.09,K1III,-0.005,0.011,,false
5842, 21Iot Ser,21,Iot,,Ser,140159,101682,,235.387917,19.670278,4.52,,0.04,A1V,-0.057,-0.046,0.011,false
5843, 20Chi Ser,20,Chi,,Ser,140160,101683,Chi Ser,235.4475,12.8475,5.33,,0.04,A0pSr,0.04,-0.003,0.032,false
5844,,,,,,140227,16794,,234.412917,69.283333,5.62,,1.35,K5IIIb,-0.047,0.058,,false
5845, 22Tau7Ser,22,Tau,7,Ser,140232,101686,,235.477917,18.463889,5.81,,0.2,A2m,-0.072,0.053,0.021,false
5846,,,,,,140285,226132,,236.094167,-41.819444,5.94,,0.0,A0V+B,-0.028,-0.047,,false
5847,,,,,,140301,159461,,235.85375,-15.043333,6.31,,1.16,K0IV,-0.004,-0.096,,false
5848, 44Eta Lib,44,Eta,,Lib,140417,159466,,236.018333,-15.672778,5.41,,0.23,F0IV,-0.034,-0.066,,false
5849,  8Gam CrB,8,Gam,,CrB,140436,83958,Gam CrB,235.685833,26.295556,3.84,,0.0,B9IV+A3V,-0.105,0.045,0.033,false
5850,,,,,,140438,101699,,235.794167,13.667778,6.48,,0.86,G5III,-0.01,-0.032,0.002,false
5851,,,,,,140483,253297,,236.973333,-65.4425,6.18,,0.22,A5III-IV,-0.005,-0.042,,false
5852,,,,,,140484,,,236.97375,-65.4425,6.39,,0.24,F0-2IV,-0.005,-0.042,,false
5853, 23Psi Ser,23,Psi,,Ser,140538,121152,,236.0075,2.515,5.88,,0.68,G2.5V,-0.054,-0.151,0.046,false
5854, 24Alp Ser,24,Alp,,Ser,140573,121157,,236.067083,6.425556,2.65,,1.17,K2IIIbCN1,0.137,0.047,0.053,false
5855,  9Pi  CrB,9,Pi,,CrB,140716,64870,,235.997083,32.515833,5.56,,1.06,gG9,-0.032,-0.01,,false
5856,,,,,,140722,183772,,236.553333,-28.061667,6.51,,0.32,F2IV,-0.067,-0.026,,false
5857,,,,,,140728,29628,BP Boo,235.71125,52.360833,5.51,,-0.07,B9pSiCr,-0.067,0.032,0.01,false
5858, 26Tau8Ser,26,Tau,8,Ser,140729,101712,,236.175417,17.264167,6.14,,0.0,A0V,-0.026,0.0,,false
5859,,,,,,140775,121170,,236.347917,5.446944,5.58,,0.04,A0V,0.027,-0.015,,false
5860,,,,,,140784,206962,7239,236.684167,-34.6825,5.61,,-0.11,B7Vn,-0.021,-0.028,,false
5861,,,,,,140815,121173,,236.415417,0.891389,6.33,,1.19,K0III,0.043,0.008,,false
5862,,,,,,140861,226206,,236.855833,-40.194167,6.42,,0.88,G5III-IV,-0.176,-0.037,,false
5863, 25    Ser,25,,,Ser,140873,140740,,236.523333,-1.804444,5.4,,-0.03,B8III,-0.027,-0.038,,false
5864,,,,,,140901,206976,,236.870833,-37.916389,6.01,,0.72,G6V,-0.43,-0.217,0.075,false
5865,,,,,,140979,243001,,237.209583,-52.438056,6.07,,1.38,K2-3III,-0.007,-0.002,,false
5866,,,,,,140986,140751,,236.689167,-6.120278,6.24,,1.17,K0,-0.009,-0.002,,false
5867, 28Bet Ser,28,Bet,,Ser,141003,101725,,236.547083,15.421944,3.67,,0.06,A2IV,0.067,-0.045,0.041,false
5868, 27Lam Ser,27,Lam,,Ser,141004,121186,7246,236.610833,7.353056,4.43,,0.6,G0-V,-0.223,-0.067,0.094,false
5869,,,,,,141168,243022,,237.52875,-53.209444,5.77,,-0.08,B9Vn:,-0.048,-0.03,,false
5870, 31Ups Ser,31,Ups,,Ser,141187,101739,,236.822083,14.115278,5.71,,0.09,A3V,-0.06,0.039,,false
5871,,,,,,141194,226254,,237.489583,-48.911944,5.84,,0.07,A1V,-0.032,-0.001,,false
5872,,,,,,141296,226263,,237.567917,-45.401667,6.12,,0.29,A9III,0.045,-0.033,,false
5873,,,,,,141318,243044,,237.778333,-55.055833,5.73,,0.06,B2II,-0.001,-0.014,,false
5874,,,,,,141353,101744,,237.055417,13.788611,6.0,,1.25,gK2,-0.006,-0.116,,false
5875,,,,,,141378,140775,,237.236667,-3.818611,5.53,,0.12,A5IV,-0.033,0.009,,false
5876,,,,,,141413,253323,,238.23625,-65.1525,6.54,,0.19,A5IV,0.035,0.008,,false
5877,,,,,,141456,64915,,237.008333,31.735833,6.44,R,,K5,0.032,-0.041,,false
5878,,,,,,141472,29655,,236.645,55.474722,5.92,,1.39,gK3,-0.125,0.076,,false
5879, 35Kap Ser,35,Kap,,Ser,141477,101752,7269,237.185,18.141667,4.09,,1.62,M0.5IIIab,-0.051,-0.088,0.021,false
5880,,,,,,141527,84015,R CrB,237.143333,28.156667,5.85,,0.77,G0Iep,-0.002,-0.015,0.01,false
5881, 32Mu  Ser,32,Mu,,Ser,141513,140787,,237.405,-3.430278,3.53,,-0.04,A0V,-0.086,-0.024,0.007,false
5882,,,,,,141544,226295,,237.88125,-47.060556,6.01,,1.16,K2III,-0.112,-0.03,,false
5883,  5Chi Lup,5,Chi,,Lup,141556,207040,,237.739583,-33.627222,3.95,,-0.04,B9IV,-0.006,-0.03,,false
5884,,,,,,141585,253328,7299,238.345,-62.606944,6.19,,1.47,K3III,-0.011,-0.023,,false
5885,  1    Sco,1,,,Sco,141637,183854,,237.744583,-25.751389,4.64,,-0.05,B3V,-0.018,-0.024,,false
5886,,,,,,141653,16848,,236.666667,62.599444,5.19,,0.04,A2IV,0.039,-0.055,0.018,false
5887,,,,,,141675,29668,,236.908333,55.376667,5.86,,0.25,A3m,0.011,0.01,0.013,false
5888, 34Ome Ser,34,Ome,,Ser,141680,121215,,237.572917,2.196389,5.23,,1.02,G8III,0.031,-0.051,0.027,false
5889, 10Del CrB,10,Del,,CrB,141714,84019,Del CrB,237.39875,26.068333,4.63,,0.8,G3.5III-IVFe-1,-0.076,-0.063,0.014,false
5890,,,,,,141724,243078,,238.214583,-50.615278,6.6,,1.53,K3III,0.015,0.011,,false
5891,   Kap TrA,,Kap,,TrA,141767,253342,,238.873333,-68.603056,5.09,,1.13,G5IIa,-0.012,-0.003,0.007,false
5892, 37Eps Ser,37,Eps,,Ser,141795,121218,,237.704167,4.477778,3.71,,0.15,A2Vm,0.128,0.063,0.041,false
5893,,,,,,141832,183873,7301,238.053333,-29.886667,6.4,,0.98,K1III,-0.135,-0.089,,false
5894,,,,,,141850,101771,R Ser,237.67375,15.133611,5.2,,,M7IIIe,-0.005,-0.041,,false
5895, 36    Ser,36,,,Ser,141851,140801,,237.815,-3.090556,5.11,,0.12,A3Vnp,-0.087,-0.027,0.01,false
5896,,,,,,141853,159544,,237.91,-14.133611,6.19,,1.0,G8III,-0.026,-0.005,,false
5897,   Bet TrA,,Bet,,TrA,141891,253346,,238.785417,-63.430556,2.85,,0.29,F2III,-0.191,-0.398,0.083,false
5898,,,,,,141913,253344,7310,238.719167,-60.743333,6.15,,0.1,B9II,-0.009,0.003,,false
5899, 38Rho Ser,38,Rho,,Ser,141992,84037,7300,237.81625,20.977778,4.76,,1.54,K5-III,-0.053,0.019,0.015,false
5900,,,,,,142049,253349,7318,238.884583,-60.177778,5.77,,0.35,G5II-III+A3,-0.052,-0.075,0.028,false
5901, 11Kap CrB,11,Kap,,CrB,142091,64948,,237.807917,35.6575,4.82,,1.0,K1IVa,-0.007,-0.347,0.034,false
5902, 45Lam Lib,45,Lam,,Lib,142096,183895,,238.33375,-20.167222,5.03,,-0.01,B2.5V,-0.011,-0.023,,false
5903, 16Zet UMi,16,Zet,,UMi,142105,8328,7263,236.014583,77.794444,4.32,,0.04,A3Vn,0.02,-0.001,0.016,false
5904,  2    Sco,2,,,Sco,142114,183896,,238.402917,-25.327222,4.59,,-0.07,B2.5Vn,-0.016,-0.025,0.006,false
5905,,,,,,142139,253353,,239.025,-60.482778,5.76,,0.06,A3V,-0.034,-0.081,,false
5906,,,,,,142165,183900,,238.474167,-24.533056,5.39,,-0.02,B6IVn,-0.024,-0.023,,false
5907,,,,,,142184,183901,7314,238.4825,-23.978056,5.42,,-0.04,B2.5Vne,-0.015,-0.025,,false
5908, 46The Lib,46,The,,Lib,142198,159563,,238.45625,-16.729444,4.15,,1.02,G8.5IIIb,0.099,0.133,0.036,false
5909,,,,,,142244,101789,,238.234167,17.403611,6.36,R,,K0,-0.041,0.002,,false
5910,,,,,,142250,183907,,238.625,-27.338611,6.14,,-0.07,B6Vp,-0.025,-0.023,,false
5911, 39    Ser,39,,,Ser,142267,101792,7313,238.300417,13.196667,6.1,,0.6,G0VFe-0.5,-0.151,-0.561,0.041,false
5912,  3    Sco,3,,,Sco,142301,183914,V927 Sco,238.664583,-25.243611,5.87,,-0.06,B8IIIp,-0.013,-0.022,,false
5913,,,,,,142357,101796,,238.395417,16.075,6.09,R,,F5II-III,0.027,-0.02,,false
5914,  1Chi Her,1,Chi,,Her,142373,45772,,238.16875,42.451667,4.62,,0.56,F8VFe-2Hdel -1,0.44,0.632,0.056,false
5915, 47    Lib,47,,,Lib,142378,159572,7327,238.75125,-19.383056,5.94,,-0.01,B5V,-0.016,-0.02,,false
5916,,,,,,142407,207119,,238.876667,-31.083611,6.21,,1.37,K4III,0.014,0.024,,false
5917,  4    Sco,4,,,Sco,142445,183931,,238.875417,-26.265833,5.62,,0.15,A3V,-0.045,-0.021,,false
5918,,,,,,142448,207128,,239.027083,-39.864167,6.03,,0.15,B6V,-0.035,-0.018,,false
5919, 40    Ser,40,,,Ser,142500,121254,FP Ser,238.667917,8.580278,6.29,,0.18,A7Vn,0.002,0.002,,false
5920,,,,,,142514,253362,,239.742083,-65.037778,5.75,,-0.06,B7III,-0.013,-0.019,,false
5921,,,,,,142529,226392,,239.265833,-48.162222,6.31,,0.38,F1IV,-0.109,-0.095,,false
5922,,,,,,142531,29698,,238.069167,55.826667,5.81,,0.96,gG8,-0.023,0.057,,false
5923,,,,,,142542,207134,,239.057917,-31.785833,6.29,,0.43,F6V,0.036,0.001,,false
5924,,,,,,142574,84070,,238.644167,20.310833,5.44,,1.59,M0III,-0.082,0.043,0.023,false
5925,   Xi 1Lup,,Xi,1,Lup,142629,207144,,239.222917,-33.966389,5.12,,0.12,A3V,0.018,-0.042,0.025,false
5926,   Xi 2Lup,,Xi,2,Lup,142630,207145,,239.225833,-33.964167,5.62,,0.05,B9V,0.02,-0.039,0.025,false
5927,,,,,,142640,159584,,239.06,-14.399444,6.37,,0.48,F7V:,0.031,-0.073,,false
5928,  5Rho Sco,5,Rho,,Sco,142669,183957,,239.22125,-29.214167,3.88,,-0.2,B2IV-V,-0.013,-0.025,,false
5929,,,,,,142691,207152,,239.33875,-36.185,5.8,,1.01,K0-1III,-0.018,-0.002,,false
5930,,,,,,142703,159587,,239.139167,-14.829167,6.13,,0.23,A2III,0.069,-0.027,,false
5931,,,,,,142763,101821,,238.915833,18.620556,6.26,,-0.11,B8III,-0.014,-0.015,,false
5932,  2    Her,2,,,Her,142780,45788,7335,238.657917,43.138611,5.37,,1.65,M3IIIBa0.3,-0.032,0.065,0.034,false
5933, 41Gam Ser,41,Gam,,Ser,142860,101826,7350,239.113333,15.661667,3.85,,0.48,F6V,0.312,-1.281,0.069,false
5934,,,,,,142883,183972,7359,239.418333,-20.983056,5.85,,0.02,B3V,-0.016,-0.018,,false
5935,,,,,,142889,207178,,239.627917,-37.503056,6.31,,1.01,K0III,-0.025,-0.002,,false
5936, 12Lam CrB,12,Lam,,CrB,142908,64974,,238.948333,37.946944,5.45,,0.33,F0IV,0.031,0.083,0.044,false
5937,,,,,,142919,243219,,239.975,-54.021111,6.1,,0.0,B5IV,-0.023,-0.017,,false
5938,  4    Her,4,,,Her,142926,45790,Var?,238.8775,42.566111,5.75,,-0.11,B9pe,-0.025,0.015,,false
5939,,,,,,142941,253377,S TrA,240.294583,-63.776667,6.41,,0.78,F8II,-0.009,-0.003,,false
5940,   Phi Ser,,Phi,,Ser,142980,101834,,239.310833,14.414444,5.54,,1.14,K1IV,-0.121,0.087,,false
5941, 48    Lib,48,,,Lib,142983,159607,FX Lib,239.5475,-14.279444,4.88,,-0.1,B5IIIp,-0.012,-0.015,,false
5942,,,,,,142990,183982,V913 Sco,239.645,-24.831389,5.43,,-0.09,B5IV,-0.014,-0.018,,false
5943,,,,,,143009,226425,,239.87625,-41.744444,4.99,,1.0,K0II-III,-0.04,-0.018,0.019,false
5944,  6Pi  Sco,6,Pi,,Sco,143018,183987,7371,239.712917,-26.114167,2.89,,-0.19,B1V+B2V,-0.011,-0.026,0.01,false
5945,,,,,,143084,226431,7375,239.991667,-40.652778,6.49,,1.52,K1II-III,0.021,0.008,,false
5946,,,,,,143101,243246,,240.276667,-54.577778,6.13,,0.25,A5V,-0.043,-0.039,,false
5947, 13Eps CrB,13,Eps,,CrB,143107,84098,,239.397083,26.877778,4.15,,1.23,K2IIIab,-0.076,-0.061,0.024,false
5948,   Eta Lup,,Eta,,Lup,143118,207208,,240.030417,-38.396944,3.41,,-0.22,B2.5IV,-0.022,-0.032,0.008,false
5949,,,,,,143187,29723,,238.957083,58.911667,6.31,,-0.02,A0V,-0.024,0.022,,false
5950,,,,,,143209,64988,,239.374583,39.695278,6.31,,1.07,K0,-0.063,0.06,,false
5951,,,,,,143238,253390,,240.718333,-62.541667,6.25,,-0.04,B9.5V,-0.042,-0.023,,false
5952,,,,,,143248,226442,,240.22375,-40.435278,6.21,,0.01,A0V,0.014,0.037,,false
5953,  7Del Sco,7,Del,,Sco,143275,184014,,240.083333,-22.621667,2.32,,-0.12,B0.3IV,-0.012,-0.022,,false
5954, 49    Lib,49,,,Lib,143333,159625,,240.081667,-16.533333,5.47,,0.52,F8V,-0.63,-0.394,0.035,false
5955,,,,,,143346,257357,,241.4825,-72.400833,5.7,,1.17,K1IIICNII,-0.037,0.069,,false
5956,,,,,,143404,207234,,240.33125,-31.889444,6.33,,1.45,K4III,0.01,-0.004,,false
5957,,,,,,143435,65001,,239.740417,36.643889,5.62,,1.49,gK5,0.022,0.029,,false
5958,,,,,,143454,84129,T CrB,239.875833,25.920278,2.0,H,0.1,sdBe+gM3+Q,-0.005,0.013,,false
5959, 50    Lib,50,,,Lib,143459,140897,,240.198333,-8.411389,5.55,,0.05,A0V s,-0.014,-0.013,,false
5960,,,,,,143466,29727,CL Dra,239.4475,54.749722,4.95,,0.26,F0IV,-0.15,0.11,0.022,false
5961,   Iot1Nor,,Iot,1,Nor,143474,243279,,240.882917,-57.775278,4.63,,0.24,A7IV,-0.124,-0.085,0.023,false
5962,   Eta Nor,,Eta,,Nor,143546,226466,,240.80375,-49.229722,4.65,,0.92,G8III,0.043,0.01,0.022,false
5963,,,,,,143553,121315,,240.212917,4.4275,5.83,,1.0,gK0,-0.041,0.075,,false
5964,,,,,,143584,29737,,239.768333,49.881111,6.05,,0.29,F0IV,0.023,-0.041,,false
5965,,,,,,143619,184049,,240.664167,-29.135833,6.03,,1.31,K3III,0.036,-0.013,,false
5966,  5    Her,5,,,Her,143666,101879,,240.309583,17.818333,5.12,,0.99,G8IIIbFe-0.5,-0.048,0.157,-0.007,false
5967,,,,,,143699,207276,,240.850833,-38.6025,4.89,,-0.14,B6IV,-0.016,-0.027,,false
5968, 15Rho CrB,15,Rho,,CrB,143761,65024,,240.26125,33.303611,5.41,,0.6,G0+VaFe-1,-0.192,-0.766,0.04,false
5969,,,,,,143787,184068,,240.835833,-25.865278,5.0,,1.22,K5III,-0.071,-0.038,0.032,false
5970,,,,,,143790,207282,,240.892917,-32.000556,6.01,,0.47,F4IV,-0.044,-0.028,,false
5971, 14Iot CrB,14,Iot,,CrB,143807,84152,7396,240.360833,29.851111,4.99,,-0.07,A0p:Hg:,-0.039,-0.009,0.01,false
5972, 44Pi  Ser,44,Pi,,Ser,143894,84155,,240.57375,22.804444,4.83,,0.07,A3V,0.002,0.028,0.012,false
5973,,,,,,143900,184075,,240.977917,-24.726389,6.21,,1.38,K0,0.001,0.009,,false
5974,,,,,,143902,207292,,241.074167,-33.214444,6.1,,0.34,A9IV,-0.031,-0.055,,false
5975,,,,,,143928,207297,,241.152917,-37.863056,5.9,,0.4,F3IV,-0.137,-0.117,,false
5976, 43    Ser,43,,,Ser,144046,121339,,240.940417,4.986667,6.08,,0.96,G9III,-0.041,0.012,,false
5977,   Xi  Sco,,Xi,,Sco,144069,159665,,241.092083,-11.373056,5.07,H,,F5IV,-0.06,-0.029,0.048,false
5978,   Xi  Sco,,Xi,,Sco,144070,159665,,241.092083,-11.373056,4.77,H,0.47,F5IV,-0.06,-0.029,0.048,false
5979,,,,,,144183,243339,,241.85,-56.191389,6.16,,0.58,F2II,-0.003,-0.011,,false
5980,   Del Nor,,Del,,Nor,144197,226500,,241.6225,-45.173333,4.72,,0.23,Am,0.002,0.028,0.035,false
5981,,,,,,144204,29763,,240.522917,52.915833,5.93,,1.48,gK5,-0.002,-0.034,,false
5982,  6Ups Her,6,Ups,,Her,144206,45865,,240.699583,46.036667,4.76,,-0.11,B9III,0.059,-0.058,,false
5983,,,,,,144208,65049,,240.830833,36.631667,5.83,,0.56,A2V+F7III,0.01,-0.017,,false
5984,  8Bet1Sco,8,Bet,1,Sco,144217,159682,7424,241.359167,-19.805556,2.62,,-0.07,B1V,-0.006,-0.019,0.009,false
5985,  8Bet2Sco,8,Bet,2,Sco,144218,159683,7424,241.360417,-19.801944,4.92,,-0.02,B2V,-0.019,-0.02,,false
5986, 13The Dra,13,The,,Dra,144284,29765,,240.472083,58.565278,4.01,,0.52,F8IV,-0.32,0.335,0.051,false
5987,   The Lup,,The,,Lup,144294,207332,,241.647917,-36.802222,4.23,,-0.17,B2.5Vn,-0.017,-0.029,,false
5988,,,,,,144334,184113,V929 Sco,241.52625,-23.606389,5.92,,-0.08,B8p,-0.013,-0.028,,false
5989,,,,,,144362,140945,,241.435417,-6.291667,6.53,,0.48,F2IV,0.037,-0.008,0.012,false
5990,,,,,,144390,140947,,241.499167,-6.139444,6.41,,1.03,K0,-0.03,0.004,,false
5991,,,,,,144415,207341,,241.818333,-36.755556,5.73,,0.29,F1IV,0.066,-0.043,,false
5992,,,,,,144426,121361,,241.4075,8.096111,6.29,,0.08,A3m,-0.009,-0.002,,false
5993,  9Ome1Sco,9,Ome,1,Sco,144470,184123,,241.701667,-20.669167,3.96,,-0.04,B1V,-0.009,-0.021,,false
5994,   Iot2Nor,,Iot,2,Nor,144480,243368,,242.3275,-57.934444,5.57,,-0.04,B9.5V,-0.013,-0.063,,false
5995,,,,,,144542,29777,,240.78875,59.410833,6.19,,1.58,M1III,-0.023,-0.022,,false
5996,,,,,,144585,159706,,241.764167,-14.070833,6.32,,0.66,G4IV-V,-0.258,0.024,,false
5997, 10Ome2Sco,10,Ome,2,Sco,144608,184135,7454,241.85125,-20.868611,4.32,,0.84,G3II-III,0.041,-0.038,0.021,false
5998,,,,,,144661,184142,,241.96625,-24.461944,6.33,,-0.06,B7IIIp:,-0.011,-0.007,,false
5999,,,,,,144668,207367,V856 Sco,242.1425,-39.105278,7.05,,0.36,A7IVe,-0.019,-0.031,,false
6000,,,,,,144667,207368,,242.143333,-39.093056,6.65,,-0.07,A0-3III,-0.027,-0.035,,false
6001,,,,,,144690,184144,,242.031667,-26.326667,5.38,,1.65,M2III,0.108,-0.003,,false
6002, 11    Sco,11,,,Sco,144708,159715,,241.901667,-12.745556,5.78,,0.01,B9.5Vnn,-0.045,-0.029,,false
6003,,,,,,144844,184164,7470,242.182083,-23.685556,5.88,,0.02,B9IVp:,-0.009,-0.025,,false
6004, 45    Ser,45,,,Ser,144874,101939,,241.90625,9.891667,5.63,,0.2,A7V,-0.021,-0.004,,false
6005,,,,,,144889,84202,,241.8425,21.8225,6.14,,1.37,K4III,-0.013,-0.041,,false
6006,,,,,,144927,207396,,242.382083,-32.649722,6.19,,0.79,K0-2III,-0.026,-0.053,,false
6007,,,,,,144987,207403,,242.469167,-33.545833,5.54,,-0.1,B8V,-0.023,-0.042,,false
6008,  7Kap Her,7,Kap,,Her,145001,101951,7471,242.01875,17.046944,5.0,,0.95,G8III,-0.032,-0.007,0.002,false
6009,  7Kap Her,7,Kap,,Her,145000,101952,,242.020417,17.054444,6.25,,1.14,K1III,-0.031,-0.028,0.002,false
6010, 47    Ser,47,,,Ser,145002,121383,FS Ser,242.116667,8.534167,5.73,,1.61,M3.5IIIa,-0.017,-0.01,,false
6011,,,,,,145085,121390,,242.245417,3.454444,5.91,,1.47,gK5,-0.028,0.016,,false
6012,,,,,,145100,159745,,242.48,-18.340833,6.47,,0.44,F4V,-0.084,-0.076,,false
6013,  8    Her,8,,,Her,145122,101962,7477,242.194167,17.205833,6.14,,0.0,A0Vnn,-0.021,-0.026,,false
6014,,,,,,145148,121392,,242.296667,6.378889,5.97,,1.0,K1.5IV,0.236,-0.738,0.03,false
6015,,,,,,145191,226564,,242.82375,-41.119722,5.86,,0.27,F0IV,-0.077,-0.127,,false
6016,,,,,,145206,141001,,242.460417,-3.466944,5.37,,1.45,K4III,-0.03,-0.007,0.008,false
6017,,,,,,145250,184197,,242.758333,-29.416389,5.13,,1.12,K3III,-0.093,-0.087,0.025,false
6018, 16Tau CrB,16,Tau,,CrB,145328,65108,7488,242.242917,36.490833,4.76,,1.01,K1-III-IV,-0.053,0.333,0.031,false
6019,   Zet Nor,,Zet,,Nor,145361,243449,,243.344167,-55.540833,5.81,,0.34,F2III,-0.105,-0.043,,false
6020,   Del1Aps,,Del,1,Aps,145366,257380,Del1 Aps,245.086667,-78.695833,4.68,,1.69,M5IIIb,-0.014,-0.035,0.02,false
6021,   Del2Aps,,Del,2,Aps,145388,257381,,245.111667,-78.667222,5.27,,1.41,K3III,-0.007,-0.025,0.02,false
6022,,,,,,145384,243448,7527,243.32,-53.671667,5.83,,1.96,M0Ib-II+F-G,-0.017,-0.016,,false
6023, 11Phi Her,11,Phi,,Her,145389,45911,7490,242.1925,44.935,4.26,,-0.07,B9p:Mn:,-0.025,0.038,0.02,false
6024,   Kap Nor,,Kap,,Nor,145397,243454,,243.369583,-54.630556,4.94,,1.04,G8III,-0.002,-0.024,0.022,false
6025,,,,,,145454,16962,,241.582083,67.810278,5.44,,-0.02,A0Vn,-0.035,0.066,0.01,false
6026, 14Nu  Sco,14,Nu,,Sco,145501,159763,,242.994167,-19.449722,6.3,,0.13,B8V+B9VpSi,-0.01,-0.009,0.03,false
6027, 14Nu  Sco,14,Nu,,Sco,145502,159764,,242.99875,-19.460556,4.01,,0.04,B3V,-0.01,-0.023,0.03,false
6028, 13    Sco,13,,,Sco,145482,184221,,243.075833,-27.926389,4.59,,-0.16,B2V,-0.013,-0.025,,false
6029, 12    Sco,12,,,Sco,145483,184217,7520,243.06625,-28.4175,5.67,,0.01,B9V,-0.032,-0.043,0.021,false
6030,   Del TrA,,Del,,TrA,145544,253474,,243.859583,-63.685556,3.85,,1.11,G2Ib-IIa,0.002,-0.011,0.029,false
6031, 15Psi Sco,15,Psi,,Sco,145570,141022,,243.0,-10.064167,4.94,,0.09,A3IV,-0.001,-0.014,0.02,false
6032,,,,,,145589,121414,,242.87375,9.7125,6.53,,0.24,F0IV,0.014,-0.005,,false
6033, 16    Sco,16,,,Sco,145607,141024,,243.030417,-8.5475,5.43,,0.12,A4V,0.042,0.003,-0.009,false
6034,,,,,,145622,8417,,240.880417,76.793611,5.56,R,,A3V,-0.021,0.016,,false
6035,,,,,,145647,101994,,242.869583,16.665556,6.08,,0.02,A0V,0.003,0.004,,false
6036,,,,,,145674,29823,,242.262083,57.937778,6.33,R,,A1V,-0.024,0.022,,false
6037,,,,,,145689,253481,,244.272917,-67.941389,5.75,,0.15,A4V,-0.046,-0.094,,false
6038,,,,,,145694,29825,,242.358333,55.828889,6.49,R,,K0,-0.033,0.025,,false
6039, 10    Her,10,,,Her,145713,84240,LQ Her,242.908333,23.494722,5.7,,1.56,M4.5IIIa,-0.029,-0.012,,false
6040,,,,,,145782,243509,,243.957083,-57.912222,5.63,,0.14,A3III,-0.022,-0.048,,false
6041,,,,,,145788,141031,,243.235417,-4.220833,6.25,,0.13,A1V,-0.032,-0.015,,false
6042,,,,,,145792,184241,,243.440417,-24.421944,6.41,,0.04,B5V,0.013,-0.013,,false
6043,,,,,,145802,65129,,242.915417,33.3425,6.29,,1.2,K2III,0.015,0.01,0.009,false
6044,,,,,,145838,207480,,243.592917,-33.011389,5.92,,1.02,K0III,-0.015,-0.034,,false
6045,   The Nor,,The,,Nor,145842,226600,,243.81375,-47.372222,5.14,,-0.13,B8V,-0.032,-0.051,,false
6046,,,,,,145849,65132,,242.95,36.425,5.63,,1.34,K3III,-0.011,-0.036,,false
6047,  9    Her,9,,,Her,145892,121431,,243.314167,5.021111,5.48,,1.47,gK5,0.04,-0.007,0.014,false
6048, 17Chi Sco,17,Chi,,Sco,145897,159793,,243.462083,-11.8375,5.22,,1.42,K3III,-0.01,-0.006,0.029,false
6049,,,,,,145921,226603,,243.85,-42.899722,6.14,,1.11,K2III,-0.026,-0.009,,false
6050,,,,,,145931,45957,,242.948333,42.374444,5.87,,1.45,K4II+F6-8V,-0.006,0.027,,false
6051,,,,,,145964,184253,,243.62,-21.1075,6.41,,-0.01,A0V,-0.027,-0.026,,false
6052,,,,,,145976,84247,,243.18875,26.670833,6.5,,0.39,F3V,0.049,-0.025,0.012,false
6053,,,,,,145997,159807,,243.662917,-18.535278,6.32,,1.09,K2III,-0.106,-0.109,,false
6054,,,,,,146001,184258,,243.723333,-25.476944,6.05,,0.04,B7IV,0.007,-0.019,,false
6055,,,,,,146003,243526,7574,244.179583,-53.811111,5.44,,1.73,M2III,-0.006,0.004,0.02,false
6056,  1Del Oph,1,Del,,Oph,146051,141052,7556,243.58625,-3.694444,2.74,,1.58,M0.5III,-0.044,-0.143,0.034,false
6057,,,,,,146084,121443,,243.55625,5.901944,6.31,,1.15,K2III,0.029,-0.012,,false
6058,   Gam1Nor,,Gam,1,Nor,146143,226619,,244.25375,-50.068333,4.99,,0.8,F9Ia,-0.005,-0.004,-0.001,false
6059,,,,,,146145,243544,,244.337083,-53.086667,6.33,,0.27,A8IV,-0.059,-0.058,,false
6060, 18    Sco,18,,,Sco,146233,141066,7577,243.905417,-8.369444,5.5,,0.65,G2Va,0.234,-0.501,0.062,false
6061,,,,,,146254,159821,7578,243.964583,-14.849167,6.09,,0.06,A0V,0.009,0.004,,false
6062,,,,,,146323,243586,S Nor,244.71625,-57.899722,6.49,,1.0,F8-G0Ib,0.0,-0.001,,false
6063, 17Sig CrB,17,Sig,,CrB,146361,65165,TZ CrB,243.67,33.858611,5.64,,0.51,G0VCaIIe,-0.271,-0.079,0.045,false
6064, 17Sig CrB,17,Sig,,CrB,146362,,,243.67,33.858333,6.66,H,,G1V,-0.271,-0.079,0.045,false
6065, 16    Her,16,,,Her,146388,102040,,243.869583,18.808333,5.69,,1.12,K3III,-0.064,-0.077,0.01,false
6066,,,,,,146416,184285,,244.245,-21.303889,6.61,,0.02,B9V,-0.015,-0.016,,false
6067,,,,,,146514,141075,,244.230417,-3.953333,6.18,,0.31,A9Vn,0.04,0.009,,false
6068,,,,,,146537,84269,,243.9475,27.422222,6.14,,1.31,K2,-0.029,-0.033,,false
6069,,,,,,146603,16993,,243.104583,67.144167,6.21,,0.99,G8III,-0.023,-0.043,,false
6070,,,,,,146624,184301,,244.574583,-28.613889,4.78,,0.02,A0V,-0.028,-0.099,0.031,false
6071,   Lam Nor,,Lam,,Nor,146667,226650,,244.82375,-42.673889,5.45,,0.1,A3Vn,0.016,-0.011,,false
6072,   Gam2Nor,,Gam,2,Nor,146686,243643,,244.96,-50.155556,4.02,,1.08,G8III,-0.155,-0.053,0.044,false
6073,,,,,,146690,243654,,245.105,-55.14,5.77,,0.97,K0III,0.019,-0.021,,false
6074, 18Ups CrB,18,Ups,,CrB,146738,84281,7596,244.186667,29.150278,5.78,,0.07,A3V,0.023,-0.016,,false
6075,  2Eps Oph,2,Eps,,Oph,146791,141086,,244.580417,-4.6925,3.24,,0.96,G9.5IIIbFe-0.5,0.085,0.041,0.043,false
6076,,,,,,146834,184309,,244.782083,-20.217778,6.29,,1.08,K5III,0.011,-0.005,,false
6077,,,,,,146836,207558,,244.88625,-30.906667,5.49,,0.47,F6III,0.085,0.023,0.03,false
6078,,,,,,146850,159846,,244.751667,-14.8725,5.94,,1.52,K4III,-0.028,0.015,,false
6079, 19    UMi,19,,,UMi,146926,8446,,242.70625,75.8775,5.48,,-0.11,B8V,-0.001,0.013,,false
6080,,,,,,146954,207574,,245.135833,-39.430833,6.12,,-0.07,B9V,-0.012,-0.064,,false
6081, 19Omi Sco,19,Omi,,Sco,147084,184329,7632,245.159167,-24.169444,4.55,,0.84,A5II,-0.003,-0.023,0.005,false
6082, 20    UMi,20,,,UMi,147142,8452,,243.134167,75.210556,6.39,R,,K2IV,-0.041,0.034,,false
6083,,,,,,147152,226693,,245.616667,-49.572222,5.33,,-0.04,B6IV,-0.011,-0.024,,false
6084, 20Sig Sco,20,Sig,,Sco,147165,184336,Sig Sco,245.297083,-25.592778,2.89,,0.13,B1III,-0.01,-0.021,,false
6085,,,,,,147225,226696,,245.620417,-43.912222,5.88,,1.16,G3II,-0.027,-0.014,,false
6086,,,,,,147232,29874,AT Dra,244.31375,59.755,5.4,,1.63,M4IIIa,0.007,0.028,,false
6087,,,,,,147266,84306,,245.017917,21.1325,6.05,,0.94,G8IIIb,-0.017,-0.05,,false
6088,,,,,,147321,8462,,243.639583,73.395,5.98,,0.08,A3V,-0.005,0.04,,false
6089,,,,,,147349,253539,,246.341667,-63.124722,6.15,,0.03,A1V,-0.027,0.023,,false
6090,,,,,,147352,46025,,244.796667,49.038056,5.91,,1.37,gK6,-0.023,0.033,,false
6091,,,,,,147365,65233,,244.979583,39.708611,5.46,,0.4,F3IV-V,-0.132,0.004,0.043,false
6092, 22Tau Her,22,Tau,,Her,147394,46028,7641,244.935,46.313333,3.89,,-0.15,B5IV,-0.011,0.04,0.03,false
6093, 50Sig Ser,50,Sig,,Ser,147449,121540,,245.518333,1.029167,4.82,,0.34,F0V,-0.155,0.05,0.043,false
6094,,,,,,147513,207622,7680,246.005417,-39.193056,5.4,,0.62,G5V,0.075,0.001,0.054,false
6095, 20Gam Her,20,Gam,,Her,147547,102107,7667,245.48,19.153056,3.75,,0.27,A9III,-0.047,0.043,0.024,false
6096,,,,,,147550,141129,,245.662083,-2.079722,6.23,,0.07,B9V,-0.013,0.003,,false
6097,,,,,,147553,207625,,245.98625,-33.199444,6.47,,0.01,A0V+A0V,-0.016,-0.031,0.009,false
6098,   Zet TrA,,Zet,,TrA,147584,253554,,247.117083,-70.084444,4.91,,0.55,F9V,0.196,0.108,0.094,false
6099,,,,,,147614,226730,,246.225833,-45.349167,6.33,,0.19,A2-3V,0.024,-0.001,,false
6100,,,,,,147628,207637,,246.132083,-37.565833,5.42,,-0.11,B8IV,-0.02,-0.024,,false
6101,,,,,,147662,17036,,244.539167,68.554444,6.41,R,,K0,-0.044,0.047,-0.004,false
6102,   Gam Aps,,Gam,,Aps,147675,257407,,248.3625,-78.897222,3.89,,0.91,G8-K0III,-0.131,-0.076,0.056,false
6103, 19Xi  CrB,19,Xi,,CrB,147677,65254,,245.524167,30.891944,4.85,,0.97,K0III,-0.096,0.109,0.016,false
6104,  4Psi Oph,4,Psi,,Oph,147700,159892,,246.025833,-20.0375,4.5,,1.01,K0II-III,-0.027,-0.047,-0.002,false
6105,,,,,,147722,184368,,246.165,-29.703333,6.63,,0.59,G0IV,0.063,-0.102,0.036,false
6106,,,,,,147723,184369,,246.165417,-29.704722,5.84,,0.59,G0IV,0.066,-0.08,0.036,false
6107, 20Nu 1CrB,20,Nu,1,CrB,147749,65257,7676,245.589167,33.799167,5.2,,1.6,M2IIIab,0.007,-0.037,0.003,false
6108, 21Nu 2CrB,21,Nu,2,CrB,147767,65259,,245.621667,33.703611,5.39,,1.53,K5III,-0.007,0.059,0.021,false
6109,   Iot TrA,,Iot,,TrA,147787,253555,,246.98875,-64.058056,5.27,,0.36,F4IV,0.046,0.027,0.029,false
6110,,,,,,147835,65262,,245.735417,32.333056,6.4,,0.08,A4Vn,0.023,-0.007,,false
6111, 21    Her,21,,,Her,147869,121568,,246.045,6.948056,5.85,,-0.01,A2pSr:,0.003,0.014,,false
6112,  5Rho Oph,5,Rho,,Oph,147933,184382,,246.396667,-23.447222,5.02,,0.24,B2IV,0.002,-0.018,0.013,false
6113,  5Rho Oph,5,Rho,,Oph,147934,184381,,246.39625,-23.446111,5.92,H,,B2V,-0.007,-0.017,0.013,false
6114,,,,,,147977,243836,,247.063333,-58.599722,5.69,,0.0,B9II-III,-0.021,-0.038,,false
6115,   Eps Nor,,Eps,,Nor,147971,226773,,246.79625,-47.555,4.47,,-0.07,B4V,-0.005,-0.03,,false
6116, 21Eta UMi,21,Eta,,UMi,148048,8470,,244.37625,75.755278,4.95,,0.37,F5V,-0.085,0.252,0.043,false
6117, 24Ome Her,24,Ome,,Her,148112,102153,Ome Her,246.354167,14.033333,4.57,,0.0,B9pCr,0.044,-0.059,0.041,false
6118,  7Chi Oph,7,Chi,,Oph,148184,159918,Chi Oph,246.755833,-18.456389,4.42,,0.28,B2IV:pe,-0.002,-0.022,,false
6119,,,,,,148206,102160,U Her,246.44875,18.8925,6.7,,,M7IIIe,0.022,-0.003,0.01,false
6120,,,,,,148218,243874,,247.4375,-57.755833,6.06,,1.48,G8Ib,-0.018,0.015,,false
6121,,,,,,148228,102165,,246.547917,11.4075,6.11,,1.03,G8III,-0.031,0.014,,false
6122,,,,,,148247,207688,,247.06125,-37.179444,5.79,,1.1,K1IIICNII,0.033,-0.008,,false
6123, 25    Her,25,,,Her,148283,65290,,246.350833,37.393889,5.54,,0.17,A5V,0.006,-0.012,,false
6124,,,,,,148287,121604,,246.70875,2.3475,6.07,,0.92,G8III,0.023,-0.027,,false
6125,,,,,,148291,253582,,247.705833,-61.633611,5.2,,1.23,K0II-IIICNIb-II,-0.013,-0.013,0.006,false
6126,,,,,,148293,17062,,245.452917,69.109444,5.25,,1.12,K2III,-0.019,-0.004,0.009,false
6127,,,,,,148330,29931,DQ Dra,246.105417,55.205,5.74,,0.0,A2Si3955 Sr,0.012,0.023,,false
6128,,,,,,148349,141186,V2105 Oph,246.93125,-7.598056,5.23,,1.72,M3-III,0.014,-0.155,0.008,false
6129,  3Ups Oph,3,Ups,,Oph,148367,141187,7738,246.950417,-8.371667,4.63,,0.17,A3m,-0.087,0.021,0.028,false
6130,,,,,,148374,17073,,245.945833,61.696667,5.67,,0.96,G8III,-0.037,0.034,0.003,false
6131,,,,,,148379,226813,QU Nor,247.42625,-46.243333,5.35,,0.56,B1.5Iape,-0.001,-0.005,,false
6132, 14Eta Dra,14,Eta,,Dra,148387,17074,7713,245.997917,61.514167,2.74,,0.91,G8-IIIab,-0.017,0.061,0.051,false
6133,,,,,,148451,258754,,258.997083,-87.566389,6.57,,0.91,G5III,-0.119,-0.155,,false
6134, 21Alp Sco,21,Alp,,Sco,148478,184415,Alp Sco,247.351667,-26.431944,0.96,,1.83,M1.5Iab-Ib+B4Ve,-0.01,-0.02,0.024,false
6135,,,,,,148488,257409,,248.580417,-70.988056,5.5,,1.22,K1IIICNIa-Ib,-0.017,-0.013,,false
6136,,,,,,148513,121623,,247.141667,0.665,5.39,,1.46,K4IIIp,0.004,-0.067,0.006,false
6137,,,,,,148515,141195,,247.20375,-8.128889,6.48,,0.4,F2V,-0.058,-0.073,,false
6138,,,,,,148527,258748,,251.473333,-83.238889,6.57,,1.57,K4III,0.009,0.013,,false
6139,,,,,,148542,258751,,255.24375,-86.364444,6.04,,0.05,A2V,0.005,-0.001,,false
6140,,,,,,148604,159948,,247.445417,-14.550833,5.68,,0.82,G2-6III,0.037,0.014,,false
6141, 22    Sco,22,,,Sco,148605,184429,,247.551667,-25.115,4.79,,-0.11,B2V,-0.008,-0.022,,false
6142,,,,,,148688,226855,7781,247.92375,-41.816944,5.33,,0.33,B1Iae,-0.016,0.0,,false
6143,,,,,,148703,207732,,247.845417,-34.704444,4.23,,-0.16,B2III-IV,-0.009,-0.017,,false
6144,,,,,,148743,141206,,247.624583,-7.515,6.5,,0.37,A7Ib,-0.015,-0.011,,false
6145,,,,,,148760,184437,,247.845,-26.537778,6.1,,1.08,K1III,-0.029,-0.034,,false
6146, 30    Her,30,,,Her,148783,46108,g Her,247.160417,41.881667,5.04,,1.52,M6-III,0.03,-0.009,0.018,false
6147,  8Phi Oph,8,Phi,,Oph,148786,159963,,247.784583,-16.612778,4.28,,0.92,G8+IIIa,-0.051,-0.035,0.014,false
6148, 27Bet Her,27,Bet,,Her,148856,84411,7778,247.555,21.489722,2.77,,0.94,G7IIIa,-0.098,-0.015,0.024,false
6149, 10Lam Oph,10,Lam,,Oph,148857,121658,7784,247.728333,1.983889,3.82,,0.01,A0V+A4V,-0.027,-0.073,0.01,false
6150,,,,,,148880,29956,,247.180833,51.407778,6.29,,1.05,G9III,0.034,0.006,,false
6151,   The TrA,,The,,TrA,148890,253614,,248.936667,-65.495278,5.52,,0.93,G8-K0III,0.032,-0.029,0.014,false
6152,,,,,,148897,84416,7785,247.64,20.479167,5.25,,1.29,G8IIICN-2CH-1,-0.078,-0.063,0.0,false
6153,  9Ome Oph,9,Ome,,Oph,148898,184450,Ome Oph,248.034167,-21.466389,4.45,,0.13,A7p,0.028,0.039,0.028,false
6154,,,,,,149009,84423,,247.805833,22.195278,5.76,,1.61,gK5,-0.012,0.003,,false
6155,   Mu  Nor,,Mu,,Nor,149038,226900,Mu  Nor,248.520833,-44.045278,4.94,,0.05,B0Ia,0.005,-0.004,,false
6156, 34    Her,34,,,Her,149081,46128,,247.525,48.960833,6.45,,0.03,A1V,-0.048,-0.062,,false
6157,,,,,,149084,65356,,247.761667,35.225,6.25,,1.64,K5,-0.008,-0.016,,false
6158, 28    Her,28,,,Her,149121,121676,,248.14875,5.521111,5.63,,-0.06,B9.5III,0.015,0.001,,false
6159, 29    Her,29,,,Her,149161,102234,7812,248.15125,11.488056,4.84,,1.49,K7III,-0.18,-0.078,-0.012,false
6160,,,,,,149174,226926,7829,248.782917,-45.244722,6.46,,1.34,K2-3III,-0.022,-0.073,,false
6161, 15    Dra,15,,,Dra,149212,17107,,246.995833,68.768056,5.0,,-0.06,A0III,-0.025,0.036,0.014,false
6162,,,,,,149303,46147,,247.947083,45.598333,5.65,,0.12,A4Vn,-0.007,0.043,0.022,false
6163,   Bet Aps,,Bet,,Aps,149324,257424,,250.769167,-77.5175,4.24,,1.06,K0III,-0.287,-0.35,0.034,false
6164,,,,,,149404,226953,V918 Sco,249.09375,-42.858889,5.47,,0.4,O9Ia,-0.006,-0.009,,false
6165, 23Tau Sco,23,Tau,,Sco,149438,184481,,248.970833,-28.216111,2.82,,-0.25,B0V,-0.008,-0.022,0.02,false
6166,,,,,,149447,207814,7844,249.09375,-35.255556,4.16,,1.57,K6III,0.022,0.0,0.022,false
6167,,,,,,149485,253638,,249.719583,-60.990278,6.18,,-0.08,B7Vn,-0.005,-0.023,,false
6168, 35Sig Her,35,Sig,,Her,149630,46161,7837,248.525833,42.436944,4.2,,-0.01,B9V,-0.011,0.046,0.01,false
6169,,,,,,149632,102259,,248.859583,17.057222,6.41,,0.05,A2V,-0.007,-0.004,,false
6170,,,,,,149650,17130,,248.107083,60.823333,5.94,,0.02,A2V,0.022,-0.01,,false
6171, 12    Oph,12,,,Oph,149661,141269,V2133 Oph,249.089583,-2.324722,5.75,,0.82,K2V,0.458,-0.31,0.093,false
6172,   Eta1TrA,,Eta,1,TrA,149671,253649,,250.347083,-68.296111,5.91,,-0.08,B7IVe,-0.006,-0.012,,false
6173,,,,,,149681,8527,,246.429583,78.963889,5.56,,0.26,F0V,-0.115,0.108,0.028,false
6174,,,,,,149711,226989,,249.609167,-43.398611,5.83,,-0.02,B2.5IV,-0.022,-0.027,,false
6175, 13Zet Oph,13,Zet,,Oph,149757,160006,Zet Oph,249.289583,-10.567222,2.56,,0.02,O9.5Vn,0.014,0.026,0.003,false
6176,,,,,,149822,102271,V773 Her,249.179167,15.498056,6.3,,-0.11,B9pSiCrSr:,-0.009,-0.008,,false
6177,,,,,,149837,253651,,250.210417,-60.446111,6.18,,0.48,F2III-IV,0.051,-0.07,,false
6178,,,,,,149886,207878,,249.771667,-37.2175,5.91,,0.0,B9-A0V+B,-0.012,-0.047,,false
6179,,,,,,149911,141284,Var,249.506667,-6.538056,6.09,,0.16,A0pCrEu,-0.007,-0.008,,false
6180,,,,,,150010,8544,,247.867083,72.611944,6.3,,1.32,K2III,-0.043,0.041,0.011,false
6181,,,,,,150012,102278,,249.45,13.686944,6.31,,0.41,F5IV,-0.035,-0.063,,false
6182,,,,,,150026,253673,,250.842083,-67.4325,6.03,,0.02,A0Vn,0.012,-0.037,,false
6183,,,,,,150030,46184,,249.046667,46.613333,5.79,,1.04,G8II,-0.011,0.004,,false
6184, 16    Dra,16,,,Dra,150100,30012,,249.047917,52.900278,5.53,,-0.07,B9.5Vn,-0.009,0.033,0.01,false
6185, 17    Dra,17,,,Dra,150117,30013,,249.057083,52.924444,5.08,,-0.04,B9V,-0.009,0.027,0.01,false
6186, 17    Dra,17,,,Dra,150118,,,249.05875,52.924167,6.53,,-0.06,A1Vnn,-0.009,0.027,0.01,false
6187,,,,,,150136,227049,,250.334583,-48.763056,5.65,,0.13,O5III(f),-0.008,-0.003,0.007,false
6188,,,,,,150168,227058,,250.4175,-49.651667,5.65,,-0.03,B1Iab-Ib,-0.001,-0.007,,false
6189,,,,,,150177,141298,,249.912917,-9.554444,6.35,,0.48,F3V,0.007,-0.145,,false
6190,,,,,,150259,184541,,250.14375,-20.408611,6.26,,1.08,gG9,0.012,0.034,,false
6191,,,,,,150275,8548,,247.661667,77.446667,6.34,,1.0,K1III,-0.104,0.276,0.017,false
6192,,,,,,150331,207930,,250.439583,-33.146389,5.87,,0.65,G3III,-0.059,-0.083,,false
6193,,,,,,150366,184549,,250.400833,-24.468056,6.09,,0.2,F0V,-0.049,-0.008,,false
6194, 36    Her,36,,,Her,150379,121774,,250.14625,4.207222,6.93,,0.13,A3IV,-0.002,-0.011,0.001,false
6195, 37    Her,37,,,Her,150378,121776,,250.16125,4.219722,5.77,,-0.02,A1V,-0.001,-0.013,0.001,false
6196,,,,,,150416,160046,,250.393333,-17.742222,4.96,,1.11,G7.5IICN1Ba0.4,-0.02,-0.001,0.047,false
6197,,,,,,150421,227092,,250.764167,-46.070556,6.23,,0.85,F5Iab,-0.015,-0.018,,false
6198,,,,,,150429,17165,,249.229167,63.072778,6.16,,1.53,K5,0.004,-0.087,,false
6199,,,,,,150449,30026,,249.501667,56.015556,5.29,,1.08,K1III,0.0,0.066,0.015,false
6200, 42    Her,42,,,Her,150450,46210,7896,249.687083,48.928333,4.9,,1.55,M2.5IIIab,-0.047,0.031,0.017,false
6201,,,,,,150451,141310,,250.297917,-1.000556,6.24,,0.3,A7III,0.006,-0.015,,false
6202,,,,,,150453,160052,,250.47375,-19.924444,5.57,,0.43,F4IV-III,0.022,0.041,,false
6203,,,,,,150483,102314,,250.214167,12.395,6.08,,0.05,A3Vn,-0.026,-0.01,,false
6204,,,,,,150549,253688,LP TrA,251.666667,-67.109722,5.13,,-0.08,ApSi,-0.014,-0.015,0.005,false
6205, 14    Oph,14,,,Oph,150557,121790,,250.427083,1.181111,5.74,,0.32,F2-4III-IV,-0.097,0.051,0.03,false
6206,,,,,,150573,227118,,250.939583,-41.118889,6.2,,0.14,A4V,-0.046,-0.016,,false
6207,,,,,,150576,244106,,251.165833,-53.1525,5.96,,1.26,G8III,-0.009,-0.018,,false
6208,,,,,,150580,84536,,250.2525,24.858611,6.06,,1.31,K2,-0.034,0.0,,false
6209,,,,,,150591,227123,,250.974583,-41.113056,6.12,,-0.07,B6-7V,-0.026,-0.013,,false
6210,,,,,,150608,207966,,250.948333,-38.156667,6.05,,-0.06,B9II-III,-0.009,-0.049,,false
6211,,,,,,150638,207967,,250.91125,-32.106111,6.46,,-0.08,B8V,-0.002,-0.023,,false
6212, 40Zet Her,40,Zet,,Her,150680,65485,7915,250.321667,31.603056,2.81,,0.65,G0IV,-0.47,0.394,0.102,false
6213, 39    Her,39,,,Her,150682,84543,,250.402917,26.916944,5.92,,0.4,F2III,0.002,-0.044,,false
6214,,,,,,150742,227146,,251.1775,-40.839722,5.71,,-0.12,B3V,-0.01,-0.024,,false
6215,,,,,,150745,244122,,251.588333,-58.503611,5.74,,-0.09,B2IV-V,-0.008,-0.016,,false
6216,,,,,,150768,184591,7935,251.072083,-27.456111,6.58,,0.1,A2V,-0.019,-0.007,0.012,false
6217,   Alp TrA,,Alp,,TrA,150798,253700,,252.16625,-69.027778,1.92,,1.44,K2IIb-IIIa,0.014,-0.034,0.031,false
6218,,,,,,150894,184602,7944,251.250833,-28.509722,6.02,,0.09,A3IV,-0.028,0.001,,false
6219,,,,,,150898,244133,,251.83125,-58.341389,5.58,,-0.08,B0.5Ia,-0.019,-0.02,,false
6220, 44Eta Her,44,Eta,,Her,150997,65504,7934,250.724167,38.922222,3.53,,0.92,G7.5IIIbFe-1,0.037,-0.083,0.034,false
6221,,,,,,151078,208020,,251.699167,-39.377222,5.48,,0.98,K0III,-0.032,-0.034,,false
6222,,,,,,151087,65512,,250.965417,34.038889,5.99,,0.29,F2-3III-IV,-0.071,0.058,,false
6223, 18    Dra,18,,,Dra,151101,17188,,250.229583,64.589167,4.83,,1.22,K0III*,0.001,-0.013,0.009,false
6224, 16    Oph,16,,,Oph,151133,121834,,251.37375,1.020278,6.03,,-0.02,B9.5III,0.002,0.013,,false
6225, 25    Sco,25,,,Sco,151179,184630,,251.71375,-25.528611,6.71,,1.18,gG6,-0.005,-0.014,,false
6226,,,,,,151199,30062,7945,250.743333,55.690278,6.16,,0.07,A2VpSr,0.049,0.085,,false
6227,,,,,,151203,102365,7950,251.34375,15.745278,5.56,,1.66,M3IIIab,0.027,-0.043,0.023,false
6228, 43    Her,43,,,Her,151217,121843,7952,251.457917,8.5825,5.15,,1.53,K5III,0.0,0.015,0.01,false
6229,   Eta Ara,,Eta,,Ara,151249,244168,,252.44625,-59.041389,3.76,,1.57,K5III,0.038,-0.028,0.025,false
6230,,,,,,151388,46262,,251.29875,43.217222,6.05,,1.4,K4III,-0.015,-0.045,,false
6231,,,,,,151404,253718,,253.0725,-67.681944,6.32,,1.28,K2III,-0.073,-0.064,,false
6232, 19    Oph,19,,,Oph,151431,121859,7962,251.790833,2.064444,6.1,,0.14,A3V,-0.01,-0.014,,false
6233,,,,,,151441,253717,,252.974583,-65.375556,6.13,,-0.02,B8II-III,-0.004,-0.014,,false
6234, 45    Her,45,,,Her,151525,121865,V776 Her,251.943333,5.246667,5.24,,-0.02,B9pCr:,-0.016,-0.041,0.014,false
6235,,,,,,151527,160104,,252.1125,-14.909444,6.03,,0.2,A0Vn,-0.011,-0.004,,false
6236,,,,,,151566,227281,,252.649583,-50.045556,6.47,,0.31,A5III+F7III,-0.018,-0.023,0.008,false
6237,,,,,,151613,30076,,251.324167,56.781944,4.85,,0.38,F2V,0.018,0.066,0.046,false
6238,,,,,,151623,8592,,249.470417,78.918333,6.32,,1.14,G9III,-0.02,0.038,0.047,false
6239,,,,,,151627,102393,,252.037083,13.590556,6.35,,0.87,G5III,0.016,-0.016,,false
6240,,,,,,151676,160116,V1010 Oph,252.365833,-15.6675,6.1,,,A5V,0.012,0.031,,false
6241, 26Eps Sco,26,Eps,,Sco,151680,208078,7983,252.540833,-34.293333,2.29,,1.15,K2.5III,-0.611,-0.255,0.022,false
6242,,,,,,151732,46288,V636 Her,251.8325,42.238889,5.87,,1.61,M4+III-IIIa,0.003,-0.026,,false
6243, 20    Oph,20,,,Oph,151769,160118,,252.458333,-10.783056,4.65,,0.47,F7IV,0.096,-0.093,0.016,false
6244,,,,,,151771,208089,Var?,252.749167,-37.514444,6.11,,0.12,B9pSi*,-0.029,-0.009,0.006,false
6245,,,,,,151804,227313,7992,252.890417,-41.230556,5.22,,0.07,O8Iaf,0.001,-0.001,,false
6246,,,,,,151862,102410,,252.394167,13.261389,5.91,,0.03,A1V,-0.029,-0.021,0.013,false
6247,   Mu 1Sco,,Mu,1,Sco,151890,208102,Mu1 Sco,252.9675,-38.0475,3.08,,-0.2,B1.5V+B6.5V,-0.011,-0.025,,false
6248,,,,,,151900,141393,,252.592917,-2.653889,6.32,,0.42,F1III-IV,0.009,-0.03,,false
6249,,,,,,151932,227328,V919 Sco,253.079583,-41.854444,6.49,,0.23,WN7-A,-0.018,-0.001,,false
6250, 47    Her,47,,,Her,151956,121895,7990,252.580833,7.247778,5.49,,0.1,A3m,0.053,-0.011,0.025,false
6251,,,,,,151967,244245,,253.502083,-57.909444,5.94,,1.59,M1III,-0.032,-0.126,,false
6252,   Mu 2Sco,,Mu,2,Sco,151985,208116,,253.08375,-38.0175,3.57,,-0.21,B2IV,-0.011,-0.024,,false
6253,,,,,,152082,253734,,253.852917,-63.269722,6.02,,0.05,A0III,0.008,-0.023,,false
6254, 52    Her,52,,,Her,152107,46305,V637 Her,252.309167,45.983333,4.82,,0.09,A2VpSrCrEu,0.026,-0.055,0.01,false
6255, 21    Oph,21,,,Oph,152127,121911,,252.85375,1.216111,5.51,,0.05,A2V s,-0.023,-0.005,0.021,false
6256,,,,,,152153,46311,,252.41875,43.430556,6.13,,1.26,K0IV,-0.017,-0.007,,false
6257,,,,,,152161,227359,8012,253.427083,-43.050833,5.96,,1.73,M3II-III,-0.016,-0.027,,false
6258, 50    Her,50,,,Her,152173,84641,,252.6625,29.806667,5.72,,1.6,M1IIIa,-0.005,0.0,,false
6259,,,,,,152224,65595,,252.679583,32.553611,6.13,,1.01,K0III,0.019,0.046,,false
6260,,,,,,152234,227377,,253.5075,-41.806389,5.45,,0.19,B0.5Ia,-0.008,-0.008,,false
6261,,,,,,152235,227374,V900 Sco,253.495,-41.994722,6.32,,0.5,B1Ia,-0.002,-0.018,,false
6262,   Zet1Sco,,Zet,1,Sco,152236,227375,Zet1 Sco,253.49875,-42.362222,4.73,,0.49,B1Iape,0.004,-0.004,,false
6263,,,,,,152249,227383,8023,253.549167,-41.850278,6.45,,0.2,O9Ib,0.012,-0.039,,false
6264,,,,,,152262,46317,,252.650417,41.896667,6.29,,1.08,gK3,-0.074,0.07,,false
6265,,,,,,152270,227390,Var?,253.581667,-41.82,6.59,,0.21,WC7+O5-8,-0.011,-0.011,,false
6266,,,,,,152293,227392,,253.612083,-42.478889,5.88,,0.64,F5Ib-II,-0.003,-0.005,,false
6267,,,,,,152303,8612,,250.775,77.514167,5.98,,0.42,F4V,0.048,0.212,0.03,false
6268, 49    Her,49,,,Her,152308,102435,V823 Her,253.020417,14.974167,6.52,,-0.05,B9.5pCr:,0.017,0.004,,false
6269,,,,,,152311,184754,,253.355,-20.415556,5.88,,0.68,G3V,-0.05,-0.029,,false
6270, 51    Her,51,,,Her,152326,84651,,252.93875,24.656389,5.04,,1.25,K0.5IIIaCa0.5,0.011,0.006,0.01,false
6271,   Zet2Sco,,Zet,2,Sco,152334,227402,8028,253.645833,-42.361389,3.62,,1.37,K4III,-0.124,-0.236,0.028,false
6272,,,,,,152408,227425,8031,253.743333,-41.151111,5.77,,0.15,O8:Iafpe,-0.017,-0.013,,false
6273,,,,,,152431,208176,,253.65,-30.587222,6.35,,0.21,A7IIIm:,0.039,0.002,,false
6274,,,,,,152478,244280,8047,254.037083,-50.675,6.33,,-0.02,B3Vnep,-0.006,-0.019,,false
6275,,,,,,152527,244285,,254.119583,-52.283889,5.94,,-0.08,B9V,-0.045,-0.046,,false
6276,,,,,,152564,253756,,254.890833,-69.268333,5.79,,-0.1,ApSi,-0.022,-0.016,,false
6277,,,,,,152569,141427,,253.544167,-1.612222,6.25,,0.28,F0V,0.015,-0.071,,false
6278,,,,,,152585,160159,,253.667917,-11.7925,6.57,,0.14,A2IV,0.022,-0.013,,false
6279, 53    Her,53,,,Her,152598,65627,,253.242083,31.701667,5.32,,0.29,F0-2V,-0.091,-0.017,0.012,false
6280, 23    Oph,23,,,Oph,152601,141431,,253.64875,-6.153889,5.25,,1.08,K2III,-0.031,-0.02,0.021,false
6281, 25Iot Oph,25,Iot,,Oph,152614,102458,8034,253.502083,10.165278,4.38,,-0.08,B8V,-0.051,-0.036,0.029,false
6282,,,,,,152636,208205,,253.990833,-33.507222,6.37,,1.71,K5III,0.023,-0.002,,false
6283,,,,,,152667,227473,V861 Sco,254.15,-40.823611,6.15,,0.26,B0.5Ia,0.005,-0.009,,false
6284,,,,,,152781,160171,,254.0075,-16.806111,6.37,,0.92,K0IV,0.081,0.04,,false
6285,   Zet Ara,,Zet,,Ara,152786,244315,,254.655,-55.990278,3.13,,1.6,K3III,-0.019,-0.036,0.044,false
6286,,,,,,152812,46349,,253.323333,47.416944,6.0,,1.32,K2III,-0.037,0.105,,false
6287,,,,,,152815,84687,,253.73,20.958611,5.41,,0.97,G8III,0.056,0.006,0.011,false
6288, 27    Sco,27,,,Sco,152820,208232,,254.29625,-33.259444,5.48,,1.59,K5III,-0.009,-0.005,,false
6289,,,,,,152824,244313,,254.575,-50.641111,5.55,,0.02,B9IV,-0.009,-0.041,,false
6290,,,,,,152830,102474,V644 Her,253.816667,13.619722,6.34,,0.34,F3V s,0.034,-0.036,,false
6291, 24    Oph,24,,,Oph,152849,184822,,254.2,-23.15,5.58,,-0.02,A0V,-0.004,0.001,0.009,false
6292, 56    Her,56,,,Her,152863,84692,,253.75875,25.730556,6.08,,0.92,G5III,0.014,-0.021,,false
6293, 54    Her,54,,,Her,152879,102476,,253.8425,18.433333,5.35,,1.41,K4III,-0.11,0.014,0.02,false
6294,,,,,,152909,160180,,254.266667,-19.54,6.27,,0.07,B6V+B7V,-0.01,-0.015,0.008,false
6295,   Eps1Ara,,Eps,1,Ara,152980,244331,,254.89625,-53.160556,4.06,,1.45,K4IIIab,0.004,0.017,0.005,false
6296,,,,,,153021,160186,,254.35875,-10.963333,6.19,,1.0,G8-K0III-IV,0.021,-0.081,,false
6297,,,,,,153053,244338,,255.025833,-54.596944,5.65,,0.19,A5IV-V,-0.015,-0.064,,false
6298,,,,,,153072,208259,,254.718333,-37.621111,6.09,,0.19,A3V,0.024,-0.061,0.018,false
6299, 27Kap Oph,27,Kap,,Oph,153210,121962,Kap Oph,254.417083,9.375,3.2,,1.15,K2III,-0.291,-0.01,0.031,false
6300,,,,,,153221,227542,,255.112917,-48.647778,6.0,,0.88,G8-K0III+G,-0.003,-0.079,,false
6301,,,,,,153226,102496,,254.383333,13.884167,6.37,,0.94,K0V,-0.077,0.07,,false
6302,,,,,,153229,160205,,254.673333,-14.869722,6.59,,0.4,F3IV,-0.002,-0.03,,false
6303,,,,,,153258,227547,,255.134583,-45.451667,6.65,,1.8,K4III,-0.004,0.0,,false
6304,,,,,,153261,244362,V828 Ara,255.4475,-58.958333,6.11,,-0.03,B2IVne,-0.003,-0.011,,false
6305, 57    Her,57,,,Her,153287,84720,,254.379167,25.352778,6.28,,0.9,gG5,0.004,0.013,,false
6306,,,,,,153299,30161,,254.026667,50.038889,6.56,,1.62,M2IIIab,-0.021,-0.008,,false
6307,,,,,,153312,84726,,254.42625,24.381389,6.32,,1.1,K0III,0.006,-0.018,,false
6308,,,,,,153336,184892,,254.99,-25.091944,5.86,,1.62,M3III,-0.005,-0.006,,false
6309, NOVA 1848,NO,VA,1,848,,,V841 Oph,,,,,,,,,,true
6310, 26    Oph,26,,,Oph,153363,184897,,255.039583,-24.989167,5.75,,0.41,F4V,0.061,-0.057,,false
6311,,,,,,153368,208293,,255.15375,-35.934167,5.97,,1.16,K2IIICNII,-0.013,-0.07,,false
6312,,,,,,153370,244370,,255.442083,-51.130833,6.45,,0.27,A7V,-0.027,-0.039,,false
6313,,,,,,153472,46401,,254.459167,42.5125,6.34,,1.28,K3III,-0.007,-0.046,,false
6314,   Eps2Ara,,Eps,2,Ara,153580,244388,,255.786667,-53.236944,5.29,,0.48,F6V,-0.003,-0.144,0.039,false
6315, 19    Dra,19,,,Dra,153597,17281,8078,254.007083,65.134722,4.89,,0.48,F6V,0.24,0.05,0.062,false
6316,,,,,,153613,208324,,255.469583,-32.143611,5.03,,-0.1,B8V,-0.007,-0.051,,false
6317,,,,,,153653,121995,,255.1225,6.583611,6.59,,0.23,A7V,0.044,-0.048,,false
6318, 30    Oph,30,,,Oph,153687,141483,8111,255.265,-4.2225,4.82,,1.48,K4III,-0.041,-0.075,0.015,false
6319, 20    Dra,20,,,Dra,153697,17285,8081,254.105,65.039167,6.41,,0.38,F1-3V,-0.041,0.032,0.029,false
6320,,,,,,153716,244401,,256.102917,-57.712222,5.73,,-0.1,B5IV,-0.008,-0.022,,false
6321, 29    Oph,29,,,Oph,153727,160231,,255.463333,-18.885556,6.26,,1.38,K0III,-0.038,-0.018,,false
6322, 22Eps UMi,22,Eps,,UMi,153751,2770,Eps UMi,251.492083,82.037222,4.23,,0.89,G5III,0.017,0.006,0.01,false
6323,,,,,,153791,227588,,255.92375,-47.16,6.06,,,A2-3V,0.005,0.029,,false
6324, 58Eps Her,58,Eps,,Her,153808,65716,,255.0725,30.926389,3.92,,-0.01,A0V,-0.047,0.028,0.028,false
6325,,,,,,153834,84758,,255.242083,22.632222,5.65,,1.33,gK3,-0.011,-0.021,,false
6326,,,,,,153882,102536,V451 Her,255.3875,14.949444,6.31,,0.04,B9pCrEu,0.004,-0.008,,false
6327,,,,,,153890,208355,V923 Sco,255.961667,-38.152222,5.91,,0.38,F4IV+F2V,0.071,-0.023,,false
6328,,,,,,153897,84765,,255.29,27.196389,6.55,,0.41,F5V,-0.014,-0.063,,false
6329,,,,,,153914,122023,,255.49625,8.450556,6.33,,0.09,A4V,0.039,0.003,0.01,false
6330,,,,,,153956,30190,,254.839583,56.688611,6.03,,1.16,gK1,-0.051,0.037,,false
6331,,,,,,154025,227601,,256.272083,-45.501667,6.28,,0.07,A2V,-0.031,-0.017,,false
6332, 59    Her,59,,,Her,154029,65736,,255.401667,33.568333,5.25,,0.02,A3IV,0.003,0.002,0.023,false
6333,,,,,,154084,84776,,255.577917,25.505556,5.75,,1.02,gG7,0.055,0.097,0.014,false
6334,,,,,,154090,208377,,256.205833,-34.122778,4.87,,0.26,B1Ia,0.008,-0.002,,false
6335,,,,,,154099,8667,,254.07,73.127778,6.3,,0.24,F0V,0.0,-0.021,,false
6336,,,,,,154126,65745,,255.571667,31.884722,6.36,,1.13,K0,0.045,0.037,,false
6337,,,,,,154143,102553,8142,255.7825,14.091944,4.98,,1.6,M3III,0.023,-0.064,0.005,false
6338,,,,,,154153,227615,,256.4525,-44.105,6.19,,0.28,A4III,0.028,0.019,,false
6339,,,,,,154160,102554,8143,255.793333,14.511111,6.52,,0.76,G5IV:,-0.169,-0.185,0.029,false
6340,,,,,,154204,184999,,256.18875,-20.494722,6.3,,-0.02,B6IV,-0.006,-0.024,,false
6341,,,,,,154228,102564,8152,255.91375,13.605278,5.93,,0.0,A1V,-0.023,-0.035,,false
6342,,,,,,154278,102569,,255.991667,13.5675,6.08,,1.03,K1III,0.022,-0.129,,false
6343,,,,,,154301,102571,8158,255.969583,19.690556,6.35,,1.52,K4III,-0.019,0.016,,false
6344,,,,,,154310,208406,,256.584583,-37.2275,5.98,,0.07,A2IV,0.012,-0.023,,false
6345,,,,,,154319,17305,,254.760833,69.186389,6.4,R,,K0,0.0,-0.038,0.017,false
6346, 61    Her,61,,,Her,154356,65761,8159,255.875833,35.414167,6.69,R,,M4IIIab,0.033,-0.035,0.01,false
6347,,,,,,154368,208410,,256.618333,-35.451111,6.13,,0.5,O9.5Iab,0.013,-0.006,,false
6348,,,,,,154391,17312,,255.319583,60.649167,6.13,,1.0,K1III,-0.055,0.058,,false
6349,,,,,,154417,122056,V2213 Oph,256.320417,0.7025,6.01,,0.58,F8.5IV-V,-0.003,-0.338,0.046,false
6350,,,,,,154418,185024,,256.549167,-21.564722,6.3,,0.13,A3m,-0.011,-0.077,,false
6351,,,,,,154431,65766,,255.972917,34.790278,6.04,R,0.22,A5V,-0.068,-0.002,,false
6352,,,,,,154441,102579,,256.172083,19.599167,6.17,R,-0.01,B9.5V,0.009,0.001,,false
6353,,,,,,154445,141513,,256.384583,-0.891944,5.64,,0.16,B1V,0.002,0.004,,false
6354,,,,,,154481,185033,,256.721667,-26.513056,6.29,,-0.04,A0III,0.001,-0.011,,false
6355, 60    Her,60,,,Her,154494,102584,,256.344583,12.740833,4.91,,0.12,A4IV,0.051,-0.01,0.022,false
6356,,,,,,154555,253818,,257.52625,-61.675556,6.39,,-0.04,B8II-III,-0.001,-0.01,,false
6357,,,,,,154556,257472,,258.0825,-70.721111,6.22,,1.06,K1IVCNIII,0.041,-0.079,,false
6358,,,,,,154610,122075,,256.540417,9.733333,6.37,,1.45,K5III,0.023,-0.008,,false
6359,,,,,,154619,102592,,256.554583,10.454167,6.37,,0.87,G8III-IV,0.049,0.018,,false
6360,,,,,,154633,17324,,255.56375,64.600556,6.1,,0.96,G5V,-0.05,0.025,0.016,false
6361,,,,,,154660,141522,,256.720417,-1.656389,6.38,,0.2,A9V,0.033,-0.036,,false
6362,,,,,,154713,46478,,256.270833,43.812222,6.43,,0.09,A3IV,0.006,0.0,,false
6363,,,,,,154732,46476,8185,256.2075,48.804167,6.09,,1.09,K1III,0.026,-0.066,,false
6364,,,,,,154733,84835,,256.575417,22.084167,5.56,,1.3,K3III,-0.094,-0.038,0.011,false
6365,,,,,,154779,160305,,257.062083,-17.609167,5.99,,1.01,K0III,0.006,-0.032,,false
6366,,,,,,154783,208467,,257.197917,-30.403611,5.97,,0.25,A/FmDel Del,-0.015,-0.062,,false
6367,,,,,,154895,141528,,257.056667,-1.079444,6.06,,0.08,A1V+F3V,-0.02,-0.034,0.008,false
6368,,,,,,154903,253827,,258.322917,-67.196667,5.89,,1.06,K0-1III,-0.18,-0.093,,false
6369, 21Mu  Dra,21,Mu,,Dra,154905,30239,,256.3325,54.470278,5.83,H,,F7V,-0.073,0.085,0.046,false
6370, 21Mu  Dra,21,Mu,,Dra,154906,30239,,256.332083,54.470278,5.8,H,0.48,F7V,-0.073,0.085,0.046,false
6371,,,,,,154948,227688,,257.67625,-44.5575,5.08,,0.86,G8-K0III+G,-0.033,-0.056,0.017,false
6372,,,,,,154962,141535,,257.227083,-3.882778,6.36,,0.69,G5-8IV-V,-0.059,-0.158,,false
6373,,,,,,154972,257478,,259.148333,-74.533056,6.25,,-0.01,A0V,-0.027,-0.058,,false
6374,,,,,,155035,227699,,257.912083,-48.874167,5.84,,1.84,M1-2III,0.029,-0.03,,false
6375,,,,,,155078,160324,,257.45,-10.523333,5.56,,0.52,F5IV,0.057,-0.105,0.014,false
6376,,,,,,155102,46502,,256.944583,40.516111,6.34,,0.03,A2IV,-0.038,-0.033,,false
6377,,,,,,155103,65812,,257.008333,35.935278,5.39,,0.31,A5-F1III/IVm s,-0.024,-0.01,0.015,false
6378, 35Eta Oph,35,Eta,,Oph,155125,160332,,257.594583,-15.724722,2.43,,0.06,A2V,0.039,0.098,0.052,false
6379,,,,,,155154,8697,8183,255.4175,75.297222,6.21,R,,F0IV-Vn,0.016,-0.079,,false
6380,   Eta Sco,,Eta,,Sco,155203,227707,,258.038333,-43.239167,3.33,,0.41,F3III-IVp,0.024,-0.287,0.063,false
6381,,,,,,155259,208521,,258.0675,-39.506944,5.67,,0.04,A1V,-0.013,-0.075,,false
6382,,,,,,155276,208522,,258.06875,-38.822222,6.3,,1.05,K1IIICNII,0.019,-0.043,,false
6383,,,,,,155328,30262,,257.07125,50.842222,6.46,,0.0,A1V,-0.002,0.029,,false
6384,,,,,,155341,244539,V829 Ara,258.555,-56.888333,6.09,,1.78,M1-2II-III+A,-0.016,0.003,,false
6385,,,,,,155375,102632,,257.690833,12.467222,6.57,,0.08,A1m,0.037,-0.007,,false
6386,,,,,,155379,185138,,258.056667,-25.254722,6.54,,-0.04,A0pHg,-0.014,-0.033,,false
6387,,,,,,155401,185142,,258.104167,-27.761944,6.14,,-0.04,B9Vn:,-0.011,-0.04,,false
6388,,,,,,155410,46524,,257.38875,40.777222,5.08,,1.28,K3III,-0.042,0.012,0.019,false
6389,,,,,,155450,208539,,258.244583,-32.438611,6.01,,0.07,B1II,0.013,-0.012,,false
6390,,,,,,155500,122164,,257.938333,7.894722,6.33,,1.04,K0III,0.035,0.014,,false
6391, 63    Her,63,,,Her,155514,84896,V620 Her,257.763333,24.237778,6.19,,0.23,A8V,-0.011,0.033,,false
6392,,,,,,155603,208569,V915 Sco,258.615417,-39.766944,6.6,,2.21,G5Ia,0.005,-0.011,,false
6393, 37    Oph,37,,,Oph,155644,102646,,258.115833,10.585278,5.33,,1.59,M2IIIa,0.001,-0.026,,false
6394,,,,,,155646,122182,,258.226667,0.351944,6.65,,0.5,F6III,0.019,-0.078,,false
6395,,,,,,155711,30277,,257.6275,52.408889,6.29,,0.0,B9V,-0.014,-0.01,,false
6396, 22Zet Dra,22,Zet,,Dra,155763,17365,,257.196667,65.714722,3.17,,-0.12,B6III,-0.02,0.022,0.023,false
6397,,,,,,155806,208585,8388,258.830417,-33.548333,5.53,,-0.01,O7.5V[n]e,0.009,0.0,,false
6398,,,,,,155826,208591,,258.899583,-38.593889,5.96,,0.58,F7V+G2V,-0.182,-0.412,0.042,false
6399,,,,,,155860,46561,8327,257.9175,49.746667,6.04,R,,A5III,0.02,0.035,,false
6400,,,,,,155875,253870,,260.053333,-70.045556,6.53,,0.6,G0-1IV:,-0.045,-0.201,,false
6401, 36    Oph,36,,,Oph,155885,185199,,258.8375,-26.602778,5.11,,0.86,K1V,-0.458,-1.142,0.188,false
6402, 36    Oph,36,,,Oph,155886,185198,,258.836667,-26.601389,5.07,,0.85,K0V,-0.491,-1.133,0.188,false
6403,,,,,,155940,208606,,258.964583,-30.210556,6.21,,-0.03,B9.5V,-0.001,-0.037,,false
6404,,,,,,155970,160402,,258.834583,-14.583889,5.99,,1.1,K1III,-0.012,-0.001,,false
6405,,,,,,155974,208610,,259.089583,-35.749444,6.12,,0.48,G0IV-V,-0.118,-0.319,0.023,false
6406, 64Alp1Her,64,Alp,1,Her,156014,102680,Alp Her,258.662083,14.390278,3.48,H,1.44,M5Ib-II,-0.006,0.036,-0.002,false
6407, 64Alp2Her,64,Alp,2,Her,156015,102681,,258.663333,14.39,5.39,H,,G5III+F2V,-0.003,0.045,-0.002,false
6408,,,,,,156091,244613,,259.801667,-59.694444,5.91,,1.37,K2IIICNIb-II,-0.012,-0.008,,false
6409,,,,,,156098,208626,,259.265417,-32.662778,5.55,,0.5,F6IV,-0.096,-0.056,,false
6410, 65Del Her,65,Del,,Her,156164,84951,8419,258.757917,24.839167,3.14,,0.08,A3IV,-0.021,-0.157,0.044,false
6411,   Iot Aps,,Iot,,Aps,156190,257491,8509,260.524583,-70.123333,5.41,,-0.04,B9V+B9.5V,-0.006,-0.012,,false
6412,,,,,,156208,122224,8438,259.059167,2.186111,6.17,,0.22,A2V,0.001,-0.021,,false
6413,,,,,,156227,141585,,259.178333,-6.245,6.09,,1.1,K0,-0.004,-0.005,,false
6414,,,,,,156247,122226,U Oph,259.132083,1.210556,5.88,,0.06,B5Vnn+B5V,-0.001,-0.013,0.002,false
6415, 41    Oph,41,,,Oph,156266,141586,,259.152917,-0.445278,4.73,,1.14,K2III,-0.023,-0.066,0.01,false
6416,,,,,,156274,227816,,259.763333,-46.633889,5.48,,0.8,G8-K0V,0.979,0.224,0.131,false
6417,   Zet Aps,,Zet,,Aps,156277,253882,,260.4975,-67.770556,4.78,,1.21,K2-III,-0.042,-0.006,0.014,false
6418, 67Pi  Her,67,Pi,,Her,156283,65890,8431,258.761667,36.809167,3.16,,1.44,K3IIab,-0.026,0.004,0.025,false
6419,,,,,,156284,84955,,258.923333,23.742778,5.96,,1.31,K2III,-0.025,0.022,,false
6420,,,,,,156293,227813,,259.7,-44.129722,5.76,,-0.05,B9V,0.0,-0.021,,false
6421,,,,,,156295,17391,,258.135833,62.874444,5.56,,0.21,F0IV,0.014,0.048,0.014,false
6422,,,,,,156325,208657,Var?,259.585,-32.553333,6.36,,0.15,B5Vn,-0.013,-0.019,,false
6423,,,,,,156331,244631,,259.87625,-50.063333,6.27,,0.41,F8III+B9V,-0.014,-0.015,,false
6424, 39Omi Oph,39,Omi,,Oph,156349,185238,,259.502917,-24.286944,5.2,,1.1,K0II-III,-0.054,-0.008,0.013,false
6425, 39Omi Oph,39,Omi,,Oph,156350,185237,,259.502083,-24.284167,6.8,,0.51,F6IV-V,-0.073,-0.009,0.013,false
6426,,,,,,156384,208670,8482,259.738333,-34.989722,5.91,,1.04,K3V+K5V,1.17,-0.164,0.141,false
6427,,,,,,156398,227821,,259.852083,-44.223056,6.65,,0.2,B9.5V+A6III,-0.007,-0.015,,false
6428,,,,,,156462,160440,,259.58,-16.311944,6.43,,1.66,M2IIIFe1,-0.005,0.01,,false
6429,,,,,,156513,258769,8609,262.86375,-80.859167,5.88,,1.67,M3III,-0.013,-0.044,,false
6430,,,,,,156593,84982,,259.399583,23.090833,6.45,R,,K2,-0.002,-0.001,,false
6431, 68    Her,68,,,Her,156633,65913,u Her,259.33125,33.1,4.82,,-0.17,B1.5Vp+B5III,-0.008,-0.003,0.009,false
6432,,,,,,156653,102724,,259.520833,17.318056,6.0,,0.01,A1V,0.014,-0.011,,false
6433,,,,,,156681,102725,,259.654167,10.864444,5.03,,1.55,K4II-III,0.01,-0.095,-0.002,false
6434,,,,,,156697,122270,V2112 Oph,259.72,6.085278,6.51,,0.39,F0-2IV-Vn,0.02,0.006,,false
6435,,,,,,156717,160462,,259.972083,-17.756389,6.02,,0.04,A2Vnn,-0.01,-0.021,0.012,false
6436, 69    Her,69,,,Her,156729,65921,8489,259.417917,37.291667,4.65,,0.05,A2V,-0.034,0.063,0.018,false
6437,,,,,,156753,46605,,259.2025,49.691111,7.48,R,,K2,0.023,0.002,,false
6438,,,,,,156768,244678,,260.729167,-58.010278,5.88,,1.07,G8Ib-II,-0.021,-0.011,,false
6439,,,,,,156826,141611,,259.997917,-5.917222,6.32,,0.85,G9V,0.04,-0.18,0.017,false
6440,,,,,,156838,253903,,261.004583,-62.864167,5.7,,-0.14,B2IV,-0.001,-0.008,,false
6441,,,,,,156846,160474,,260.1425,-19.332778,6.52,,0.58,G3IV,-0.151,-0.102,,false
6442,,,,,,156854,244685,,260.77875,-56.525278,5.8,,1.0,G8-K0III,-0.008,0.009,,false
6443,,,,,,156874,85001,,259.702083,28.823056,5.65,,0.98,K0III,0.05,-0.005,0.016,false
6444,,,,,,156891,65930,,259.597083,38.811389,5.94,,1.0,gG7,-0.014,0.077,,false
6445, 40Xi  Oph,40,Xi,,Oph,156897,185296,,260.250833,-21.112778,4.39,,0.39,F1III-IV,0.232,-0.206,0.061,false
6446, 53Nu  Ser,53,Nu,,Ser,156928,160479,,260.207083,-12.846944,4.33,,0.03,A2V,0.042,0.004,0.028,false
6447,,,,,,156942,253908,,261.077917,-60.673611,5.77,,-0.08,B8Ib-II,-0.008,-0.002,,false
6448,,,,,,156947,17414,VW Dra,259.1225,60.670556,6.32,,1.09,K1.5IIIb,-0.042,0.014,0.003,false
6449,,,,,,156971,160482,,260.219583,-10.696111,6.46,,0.33,F1III,0.065,-0.009,,false
6450,,,,,,157038,208740,,260.664167,-37.805,6.41,,0.64,B4Ia,0.017,-0.013,,false
6451,   Iot Ara,,Iot,,Ara,157042,227886,Iot Ara,260.817083,-47.468333,5.25,,-0.11,B2IIIne,-0.01,-0.024,,false
6452,,,,,,157049,102757,V656 Her,260.07875,18.057222,5.0,,1.62,M2IIIab,0.009,-0.055,0.006,false
6453, 42The Oph,42,The,,Oph,157056,185320,The Oph,260.5025,-24.999444,3.27,,-0.22,B2IV,-0.004,-0.02,,false
6454,,,,,,157060,208741,,260.658333,-35.91,6.47,,0.54,F7V,0.08,0.112,,false
6455,,,,,,157087,85016,,260.040833,25.5375,5.38,,0.03,A3III,0.021,-0.015,0.011,false
6456,,,,,,157097,208747,,260.72875,-37.220556,5.93,,1.08,K1III,0.033,-0.026,,false
6457, 70    Her,70,,,Her,157198,85021,,260.225833,24.499444,5.12,,-0.03,A2V,-0.022,0.002,0.01,false
6458, 72    Her,72,,,Her,157214,65963,8553,260.165,32.467778,5.39,,0.62,G0V,0.137,-1.041,0.069,false
6459, 43    Oph,43,,,Oph,157236,185350,,260.84,-28.143056,5.35,,1.55,K5III,0.004,-0.031,0.028,false
6460,,,,,,157243,227911,,261.054167,-44.1625,5.12,,-0.06,B7III,-0.011,-0.028,,false
6461,   Bet Ara,,Bet,,Ara,157244,244725,,261.325,-55.53,2.85,,1.46,K3Ib-IIa,-0.008,-0.025,0.034,false
6462,   Gam Ara,,Gam,,Ara,157246,244726,,261.348333,-56.3775,3.34,,-0.13,B1Ib,-0.002,-0.012,,false
6463,,,,,,157257,102770,,260.389167,16.730833,6.35,,1.61,M2.5IIIab,-0.018,-0.024,,false
6464, 74    Her,74,,,Her,157325,46645,8556,260.087917,46.240833,5.59,,1.57,M0III,-0.029,0.043,,false
6465,,,,,,157347,141642,,260.71375,-2.388333,6.29,,0.68,G5IV,0.045,-0.112,,false
6466,,,,,,157358,85028,,260.38,28.758056,6.35,,0.7,G0III,0.006,0.006,,false
6467,,,,,,157373,46651,,260.14,48.188333,6.43,,0.43,F4V,0.19,-0.019,0.007,false
6468,   Kap Ara,,Kap,,Ara,157457,244734,,261.5,-50.633611,5.23,,1.06,G8III,0.007,0.001,0.03,false
6469,,,,,,157482,46664,V819 Her,260.431667,39.974444,5.51,,0.68,F9Vn:,0.009,-0.063,0.021,false
6470,,,,,,157486,208786,,261.26125,-34.696389,6.16,,0.02,A0VSiCr,0.004,-0.027,,false
6471,,,,,,157524,253928,,262.032083,-63.036389,6.24,,-0.09,B7-8V,-0.023,-0.027,,false
6472,,,,,,157527,185367,,261.175,-21.441667,5.85,,0.93,G8III,-0.021,-0.028,0.013,false
6473,,,,,,157546,160523,,261.154583,-18.445833,6.21,,0.03,B9Vn,0.018,-0.004,,false
6474,,,,,,157588,185374,,261.275833,-24.243611,6.19,,1.1,gK1,0.016,0.012,,false
6475,,,,,,157599,244749,,261.734583,-51.949167,6.19,,-0.03,B8-9V,0.005,-0.021,,false
6476,,,,,,157617,122346,,260.99,8.852778,5.77,,1.25,gK1,0.009,-0.002,,false
6477,,,,,,157661,227971,8637,261.714583,-45.843611,5.29,,-0.07,B7V+B9.5V,-0.04,-0.04,0.009,false
6478,,,,,,157662,244755,,261.801667,-50.630278,5.92,,0.08,B9II,-0.007,-0.004,,false
6479,,,,,,157681,30354,,260.439167,53.420556,5.67,,1.47,K4III,0.021,0.005,,false
6480, 73    Her,73,,,Her,157728,85062,8606,261.0275,22.960278,5.74,,0.21,F0IV,-0.046,-0.032,,false
6481,,,,,,157740,102805,,261.13125,16.301111,5.71,,0.07,A3V,0.008,-0.026,,false
6482,,,,,,157741,102806,,261.140833,15.606111,6.35,,-0.02,B9V,0.008,0.015,,false
6483,,,,,,157753,244763,,261.99,-52.297222,5.75,,1.17,K2III,-0.006,-0.065,,false
6484, 75Rho Her,75,Rho,,Her,157778,66000,,260.919583,37.146667,5.47,H,,A0Vn,-0.041,0.004,-0.002,false
6485, 75Rho Her,75,Rho,,Her,157779,66001,8605,260.920833,37.145833,4.52,H,-0.03,B9.5III,-0.037,0.006,-0.002,false
6486, 44    Oph,44,,,Oph,157792,185401,8640,261.5925,-24.175278,4.17,,0.28,A3m,0.0,-0.116,0.045,false
6487,,,,,,157819,244770,,262.16125,-55.169722,5.94,,1.11,G8II-III,-0.017,-0.012,,false
6488,,,,,,157853,66006,,261.009167,38.582778,6.49,,0.73,F8IV,-0.012,0.04,0.001,false
6489,,,,,,157856,141661,,261.49125,-1.651667,6.44,,0.46,F3V,0.063,0.051,,false
6490,,,,,,157864,185406,,261.73,-25.943333,6.44,,-0.06,A0V,-0.028,-0.026,,false
6491,,,,,,157910,66014,,261.112917,36.951944,6.28,,0.88,G5III+F0V,-0.026,0.047,,false
6492, 45    Oph,45,,,Oph,157919,185412,,261.83875,-29.866944,4.29,,0.4,F5IVDel Sct*,0.02,-0.139,0.021,false
6493,,,,,,157950,141665,8662,261.657917,-5.086667,4.54,,0.39,F3V,-0.092,-0.043,0.032,false
6494,,,,,,157955,185417,,261.90625,-29.724444,6.0,,0.0,B9IV,-0.008,-0.026,,false
6495,,,,,,157967,102819,V640 Her,261.476667,16.9175,5.98,,1.62,M4IIIab,-0.008,0.011,,false
6496,,,,,,157968,160553,,261.75875,-12.5125,6.21,,0.51,F7V,0.037,-0.062,,false
6497,,,,,,157978,122381,,261.579167,7.595556,6.06,,0.58,B9.5V+G0V,0.0,-0.005,,false
6498, 49Sig Oph,49,Sig,,Oph,157999,122387,8664,261.62875,4.140278,4.34,,1.5,K2II,0.004,0.007,0.008,false
6499,,,,,,158067,85080,,261.50375,26.878889,6.41,,0.1,A5IV,0.008,0.023,,false
6500,   Del Ara,,Del,,Ara,158094,253945,,262.774583,-60.683889,3.62,,-0.1,B8Vn,-0.059,-0.096,,false
6501,,,,,,158105,208860,,262.23375,-36.778333,6.02,,1.11,K0III,0.002,-0.009,,false
6502,,,,,,158148,85095,,261.704583,20.080833,5.54,,-0.13,B5V,0.001,0.015,,false
6503,,,,,,158156,208870,,262.357083,-38.516667,6.39,,0.09,A2V,0.032,0.02,,false
6504,,,,,,158170,141679,,262.009583,-8.208333,6.37,,0.58,F5IV,-0.081,-0.128,,false
6505,,,,,,158220,244808,,262.845833,-56.920556,5.95,,-0.08,B7II-III,-0.018,0.008,,false
6506,,,,,,158261,66054,,261.6925,34.695833,5.94,,-0.01,A0V,-0.024,0.047,,false
6507,,,,,,158352,122418,,262.207083,0.330556,5.44,,0.22,A8V,-0.062,0.023,0.012,false
6508, 34Ups Sco,34,Ups,,Sco,158408,208896,,262.690833,-37.295833,2.69,,-0.22,B2IV,-0.001,-0.031,,false
6509, 77    Her,77,,,Her,158414,46723,,261.684167,48.26,5.85,,0.12,A4V,0.002,-0.004,0.014,false
6510,   Alp Ara,,Alp,,Ara,158427,228069,8999,262.960417,-49.876111,2.95,,-0.17,B2Vne,-0.031,-0.07,0.007,false
6511,,,,,,158460,17472,,261.422083,60.048333,5.65,,0.03,A1Vn,-0.01,0.027,,false
6512,,,,,,158463,141691,8918,262.4475,-5.919722,6.37,,0.93,K0III,-0.022,-0.073,0.008,false
6513,,,,,,158476,228075,,262.954583,-46.036389,6.03,,0.83,F8-G0Ib,0.001,0.007,,false
6514,,,,,,158485,30387,,261.520417,58.651944,6.51,,0.14,A4V,-0.007,0.015,,false
6515, NOVA 1604,NO,VA,1,604,,,V843 Oph,,,,,,,,,,true
6516,,,,,,158614,141702,,262.599167,-1.0625,5.31,,0.72,G9IV-VHdel 1,-0.117,-0.17,0.054,false
6517,,,,,,158619,208921,,262.9475,-33.702778,6.44,,1.19,K2III,-0.005,-0.015,,false
6518,,,,,,158633,17474,,261.250833,67.306389,6.43,,0.76,K0V,-0.525,-0.004,0.078,false
6519, 51    Oph,51,,,Oph,158643,185470,9037,262.854167,-23.962778,4.81,,0.0,B9.5Ve,0.004,-0.027,0.04,false
6520,,,,,,158704,185474,,262.935,-26.269722,6.05,,-0.06,B9p,-0.004,-0.025,,false
6521,,,,,,158716,102869,,262.593333,11.925,6.39,R,0.06,A1V,-0.026,0.053,,false
6522,,,,,,158741,208935,V949 Sco,263.102083,-34.279722,6.17,,0.35,F2V,-0.017,-0.039,,false
6523,,,,,,158799,228110,,263.280833,-41.173611,5.84,,0.06,B9Ib-II,0.004,-0.024,,false
6524,,,,,,158837,122465,,262.83875,2.724444,5.59,,0.84,G8III+A7,-0.014,0.019,,false
6525,,,,,,158895,244866,,263.895417,-59.846111,6.28,,-0.08,B5II-III,-0.007,-0.009,,false
6526, 76Lam Her,76,Lam,,Her,158899,85163,9070,262.684583,26.110556,4.41,,1.44,K3.5III,0.02,0.018,0.016,false
6527, 35Lam Sco,35,Lam,,Sco,158926,208954,Lam Sco,263.402083,-37.103889,1.63,,-0.22,B2IV+B,-0.001,-0.029,,false
6528,,,,,,158974,66103,,262.730833,31.158333,5.61,,0.95,G8III,0.009,0.022,,false
6529,,,,,,158996,2859,,259.904167,80.136389,5.72,,1.5,K5III,0.016,0.004,,false
6530,,,,,,159018,244870,,263.833333,-53.352778,6.1,,0.02,B9III,0.0,-0.016,,false
6531,,,,,,159026,66102,,262.667917,38.882222,6.43,,0.49,F6III,0.013,0.015,,false
6532,,,,,,159082,102897,,263.0625,11.930278,6.42,,-0.01,B9.5VpHgMn,0.024,0.025,,false
6533, 78    Her,78,,,Her,159139,85182,,262.956667,28.4075,5.62,R,0.0,A1V,0.006,0.028,,false
6534,,,,,,159170,141730,,263.374583,-5.744722,5.62,,0.18,A5V,-0.039,-0.091,,false
6535,,,,,,159176,208977,9167,263.677083,-32.581667,5.7,,0.04,O7V+O7V,0.008,-0.005,,false
6536, 23Bet Dra,23,Bet,,Dra,159181,30429,,262.608333,52.301389,2.79,,0.98,G2Ib-IIa,-0.016,0.015,0.013,false
6537,  1Sig Ara,1,Sig,,Ara,159217,228162,,263.915,-46.505556,4.59,,-0.03,A0V,-0.028,-0.035,-0.014,false
6538,,,,,,159222,66118,,263.004583,34.270833,6.56,,0.65,G5V,-0.233,0.05,0.055,false
6539,,,,,,159312,209001,,263.929167,-37.44,6.48,,0.01,A0V,-0.013,-0.038,,false
6540,,,,,,159330,30434,,262.6825,57.876389,6.4,R,,K2III,0.03,-0.03,,false
6541,,,,,,159332,102912,,263.345,19.256667,5.64,,0.48,F6V,-0.03,-0.09,0.032,false
6542,,,,,,159353,102917,,263.414167,16.3175,5.69,,1.01,gK0,-0.001,-0.051,0.03,false
6543,,,,,,159354,102918,V642 Her,263.428333,14.841667,6.48,,1.6,M4IIIa,0.023,-0.07,,false
6544,,,,,,159358,160653,,263.693333,-11.241944,5.55,,0.02,B8Vn,0.005,0.006,,false
6545, 52    Oph,52,,,Oph,159376,185526,V2125 Oph,263.827083,-22.043889,6.57,,0.01,B8p,-0.004,-0.009,,false
6546,,,,,,159433,209019,9205,264.136667,-38.635278,4.29,,1.09,K0IIIb,-0.012,-0.201,0.018,false
6547,,,,,,159463,244894,,264.363333,-50.06,5.93,,1.1,K0III,-0.009,-0.099,,false
6548, 53    Oph,53,,,Oph,159480,122526,,263.652917,9.586667,5.81,,0.02,A2V,0.005,-0.008,,false
6549,   Pi  Ara,,Pi,,Ara,159492,244896,,264.523333,-54.500278,5.25,,0.2,A5IV-V,-0.039,-0.15,0.057,false
6550,,,,,,159501,46792,,263.280417,41.243611,5.74,,1.09,gK1,-0.068,-0.06,0.015,false
6551,,,,,,159503,102928,,263.613333,16.503889,6.4,R,,A8Vn,-0.004,-0.015,,false
6552,,,,,,159517,258779,,270.392083,-85.214722,6.45,,0.44,F5IV,-0.007,-0.142,,false
6553,   The Sco,,The,,Sco,159532,228201,9233,264.33,-42.997778,1.87,,0.4,F1II,0.015,-0.002,0.027,false
6554, 24Nu 1Dra,24,Nu,1,Dra,159541,30447,9163,263.044167,55.184167,4.88,,0.26,A6V,0.147,0.057,0.035,false
6555, 25Nu 2Dra,25,Nu,2,Dra,159560,30450,9164,263.066667,55.173056,4.87,,0.28,A4m,0.148,0.056,0.035,false
6556, 55Alp Oph,55,Alp,,Oph,159561,102932,9189,263.73375,12.56,2.08,,0.15,A5III,0.12,-0.226,0.067,false
6557,,,,,,159633,209034,,264.361667,-38.065556,6.26,,1.25,G2Ib,-0.013,0.026,,false
6558,,,,,,159707,228220,,264.535417,-42.880556,6.1,,-0.06,B8V,0.002,-0.041,,false
6559,,,,,,159834,85232,,263.998333,20.996111,6.1,,0.19,A7IV,0.012,-0.015,,false
6560,,,,,,159870,30464,,263.382083,57.558889,6.17,,0.59,G5III+A5V,0.015,0.014,,false
6561, 55Xi  Ser,55,Xi,,Ser,159876,160700,9270,264.396667,-15.398611,3.54,,0.26,F0IVDel Sct,-0.042,-0.058,0.03,false
6562,,,,,,159877,160701,,264.400833,-15.571111,5.94,,0.37,F0IV,-0.009,-0.001,,false
6563,,,,,,159925,66165,,263.926667,37.301667,6.1,,0.98,G9III,0.015,0.003,,false
6564,,,,,,159926,85236,,264.032917,28.184722,6.38,R,,K5,-0.031,0.017,,false
6565,,,,,,159964,257525,,266.082083,-72.220833,6.49,,0.48,F7IV+F5V,-0.003,0.113,0.032,false
6566, 27    Dra,27,,,Dra,159966,17526,,262.99125,68.135,5.05,,1.08,K0III,-0.012,0.134,0.02,false
6567, 57Mu  Oph,57,Mu,,Oph,159975,141772,,264.46125,-8.118889,4.62,,0.11,B8II-IIIp:Mn,-0.009,-0.017,,false
6568,,,,,,160018,160708,,264.539583,-10.926389,5.75,,1.23,gK0,-0.013,-0.01,,false
6569,   Lam Ara,,Lam,,Ara,160032,228257,Var?,265.098333,-49.415556,4.77,,0.4,F3IV,0.078,-0.176,0.044,false
6570,,,,,,160054,66175,,264.152917,30.785278,6.02,,0.16,A5V,0.03,-0.005,,false
6571, 79    Her,79,,,Her,160181,85264,,264.379583,24.31,5.77,,0.11,A2Vn,-0.012,0.008,,false
6572,,,,,,160263,228279,,265.317917,-46.921944,5.79,,-0.01,A0V,0.012,-0.009,,false
6573, 26    Dra,26,,,Dra,160269,17546,,263.747917,61.875,5.23,,0.61,G0Va,0.26,-0.507,0.069,false
6574, 82    Her,82,,,Her,160290,46838,,264.156667,48.585556,5.37,,1.15,gK1,0.031,0.065,0.017,false
6575,,,,,,160315,122607,,264.785417,2.028056,6.26,,1.03,K0III+F4IV,0.04,-0.021,,false
6576,,,,,,160342,244954,V626 Ara,265.51625,-50.510556,6.24,,1.76,M3+II-III,0.024,-0.012,,false
6577,,,,,,160365,102999,,264.740833,13.329167,6.12,,0.56,F6III,-0.023,0.038,,false
6578,,,,,,160471,141798,9461,265.049167,-2.1525,6.19,,1.67,K2.5Ib,-0.023,-0.018,,false
6579,,,,,,160507,66214,,264.707083,32.739444,6.37,R,,gG5,0.017,-0.011,,false
6580,   Kap Sco,,Kap,,Sco,160578,209163,Kap Sco,265.622083,-39.03,2.41,,-0.22,B1.5III,-0.006,-0.027,,false
6581, 56Omi Ser,56,Omi,,Ser,160613,160747,Omi Ser,265.35375,-12.875278,4.26,,0.08,A2V,-0.069,-0.052,0.006,false
6582,   Eta Pav,,Eta,,Pav,160635,254020,,266.433333,-64.723889,3.62,,1.19,K2II,-0.014,-0.054,0.025,false
6583,,,,,,160668,209172,,265.7125,-36.945833,5.54,,1.55,K5III,0.001,-0.034,,false
6584,,,,,,160677,66231,,264.989583,31.2025,6.03,,1.58,M2IIIab,-0.012,0.015,,false
6585,   Mu  Ara,,Mu,,Ara,160691,244981,,266.03625,-51.834167,5.15,,0.7,G3IV-V,-0.014,-0.194,0.077,false
6586,,,,,,160720,244989,,266.2325,-57.545278,6.01,,0.9,G8III,0.01,-0.002,,false
6587,,,,,,160748,209176,,265.77875,-33.051111,6.4,,1.81,M1III,0.008,0.003,,false
6588, 85Iot Her,85,Iot,,Her,160762,46872,Iot Her,264.86625,46.006389,3.8,,-0.18,B3IV,-0.005,0.005,0.005,false
6589,,,,,,160765,103020,,265.295833,15.178056,6.34,,0.03,A1V,-0.012,-0.015,,false
6590,,,,,,160781,122646,,265.384583,6.312778,5.95,,1.26,G7III,-0.005,-0.01,,false
6591,,,,,,160822,66243,,265.171667,31.2875,6.28,,1.05,K0III,-0.067,-0.073,,false
6592,,,,,,160835,85310,,265.272917,24.513333,6.36,,1.2,K1III+F4V,-0.019,0.058,0.002,false
6593,,,,,,160839,185655,,265.824167,-27.884167,6.36,,0.47,A9V:,0.01,-0.006,,false
6594,,,,,,160910,103033,,265.494583,15.951944,5.52,,0.38,F4V w,0.009,0.101,0.036,false
6595, 58    Oph,58,,,Oph,160915,185660,,265.8575,-21.683333,4.87,,0.47,F6V,-0.095,-0.043,0.06,false
6596, 28Ome Dra,28,Ome,,Dra,160922,17576,,264.237917,68.758056,4.8,,0.43,F5V,0.002,0.323,0.045,false
6597,,,,,,160928,228363,,266.175,-42.728889,5.87,,0.16,A1V+F0IV,0.005,0.019,,false
6598,,,,,,160933,17572,,264.165417,69.570833,6.42,,0.58,F9V,-0.055,-0.208,0.018,false
6599,,,,,,160950,46883,,265.156667,43.470833,6.59,R,,K2,0.056,0.061,,false
6600,,,,,,161023,160784,,265.9525,-13.508611,6.39,,0.37,F0V,-0.048,-0.109,,false
6601,,,,,,161056,141832,,265.945833,-7.079444,6.3,,0.38,B1.5V,-0.001,-0.006,,false
6602, 83    Her,83,,,Her,161074,85344,,265.618333,24.564167,5.52,,1.46,K4III,-0.055,-0.105,0.02,false
6603, 60Bet Oph,60,Bet,,Oph,161096,122671,,265.868333,4.567222,2.77,,1.16,K2III,-0.04,0.159,0.033,false
6604,,,,,,161149,103052,,265.841667,14.295,6.24,,0.42,F5II,0.006,0.023,,false
6605,,,,,,161162,30515,,265.150833,57.310278,6.77,,0.92,K0,-0.004,0.027,,false
6606,,,,,,161178,8862,,264.286667,72.455833,5.86,,1.01,G9III,0.021,0.022,-0.009,false
6607,,,,,,161193,30522,,265.340833,51.818056,5.99,,1.05,gK0,-0.028,-0.014,,false
6608, 84    Her,84,,,Her,161239,85360,,265.84,24.327778,5.71,,0.65,G2IIIb,-0.115,0.071,0.006,false
6609, 61    Oph,61,,,Oph,161270,122690,,266.141667,2.579444,6.17,,0.07,A1IV-V,0.004,0.014,,false
6610,,,,,,161289,122691,,266.1475,2.578889,6.56,,,A0V,0.004,0.01,,false
6611,,,,,,161321,103069,V624 Her,266.072083,14.410278,6.19,,0.21,A3m,0.001,0.018,,false
6612,,,,,,161369,46906,,265.773333,44.084444,6.34,,1.54,K4III,-0.04,0.034,,false
6613,,,,,,161390,209246,,266.780417,-38.111667,6.43,,-0.02,B9V+A1V,-0.002,-0.007,0.009,false
6614,,,,,,161420,245044,,267.15875,-55.401667,6.11,,0.28,A9IV,-0.018,0.036,,false
6615,   Iot1Sco,,Iot,1,Sco,161471,228420,,266.89625,-40.126944,3.03,,0.51,F2Iae,0.0,-0.008,0.019,false
6616,  3    Sgr,3,,,Sgr,161592,185755,X Sgr,266.89,-27.830833,4.54,,0.8,F7II,-0.001,-0.009,0.035,false
6617,,,,,,161664,185765,9682,266.94,-22.478056,6.18,,1.49,G6IbHdel 1,0.003,-0.011,,false
6618,,,,,,161693,30538,,265.997083,53.801667,5.75,,0.01,A2V,0.022,-0.015,,false
6619,,,,,,161695,66311,,266.417917,31.504722,6.23,,0.0,A0Ib,0.011,-0.005,,false
6620,,,,,,161701,160822,,266.903333,-14.725833,5.94,,0.05,B9pHgMn,-0.019,-0.02,,false
6621,,,,,,161756,185779,V3894 Sgr,267.115833,-26.975,6.35,,0.12,B4IVe,0.0,-0.012,,false
6622,,,,,,161783,245065,V539 Ara,267.6175,-53.612222,5.92,,-0.08,B2V+B3V,-0.014,-0.006,,false
6623, 86Mu  Her,86,Mu,,Her,161797,85397,,266.614583,27.720556,3.42,,0.75,G5IV,-0.311,-0.751,0.108,false
6624,,,,,,161814,254057,,267.897917,-60.164444,5.78,,1.0,K0III,-0.005,-0.028,,false
6625,,,,,,161815,66315,,266.47375,38.881389,6.52,,1.0,K0,0.003,-0.028,,false
6626,,,,,,161832,66317,V826 Her,266.49375,39.3225,6.68,,1.39,K3III+F7V,0.012,0.016,,false
6627,,,,,,161833,103106,,266.783333,17.697222,5.72,R,0.01,A1V,0.011,-0.007,0.004,false
6628,,,,,,161840,209303,,267.29375,-31.703333,4.83,,-0.04,B8V,0.011,-0.015,,false
6629, 62Gam Oph,62,Gam,,Oph,161868,122754,,266.973333,2.707222,3.75,,0.04,A0Vnp,-0.022,-0.074,0.039,false
6630,,,,,,161892,209318,,267.464583,-37.043333,3.21,,1.17,K2III,0.049,0.033,0.04,false
6631,   Iot2Sco,,Iot,2,Sco,161912,228466,,267.546667,-40.090556,4.81,,0.26,A2Ib,0.007,-0.008,-0.001,false
6632,,,,,,161917,245072,,267.795833,-53.130556,6.09,,0.0,B9.5III-IV,0.006,-0.013,,false
6633,,,,,,161941,122766,,267.084167,3.804167,6.22,,0.16,B9.5V,0.007,0.004,,false
6634,,,,,,161955,254063,,268.326667,-65.489167,6.49,,1.08,K0-1III,-0.017,-0.083,,false
6635,,,,,,161988,257542,,269.424167,-76.1775,6.07,,1.2,K2III,0.002,0.017,,false
6636, 31Psi1Dra,31,Psi,1,Dra,162003,8890,,265.484583,72.148889,4.58,,0.42,F5IV-V,0.025,-0.267,0.054,false
6637, 31Psi1Dra,31,Psi,1,Dra,162004,8891,,265.491667,72.156944,5.79,,0.53,G0V,0.03,-0.278,0.054,false
6638,,,,,,162076,85429,,267.103333,20.565556,5.69,,0.94,G5IV,0.026,0.008,,false
6639,,,,,,162113,122787,,267.32875,1.961111,6.47,,1.24,K0III,-0.025,0.065,,false
6640,,,,,,162123,228490,,267.935417,-45.600556,6.11,,0.95,G6III,0.009,-0.005,,false
6641,,,,,,162132,46954,,266.78375,47.612222,6.43,,0.11,A2V s,-0.004,0.005,,false
6642,,,,,,162161,103131,,267.199583,19.255278,6.12,,0.02,A1V,-0.006,0.022,,false
6643,,,,,,162189,228489,,267.886667,-40.7725,5.96,,1.59,M2III,-0.028,-0.053,,false
6644, 87    Her,87,,,Her,162211,85437,,267.205,25.622778,5.12,,1.16,K2III,-0.003,-0.039,0.016,false
6645,,,,,,162220,209357,,267.802083,-30.557222,6.66,,0.04,A0Vn,0.002,-0.011,,false
6646,,,,,,162337,258787,,271.36125,-81.486389,6.35,,1.5,K3-4III,0.018,-0.04,,false
6647,,,,,,162374,209383,V957 Sco,268.056667,-34.799167,5.9,,-0.1,B6V,0.004,-0.004,,false
6648,,,,,,162391,209390,,268.082083,-34.416667,5.84,,1.13,G8III,-0.001,0.003,,false
6649,,,,,,162396,228510,,268.219583,-41.996667,6.2,,0.54,F8IV-V,0.154,-0.196,0.027,false
6650,,,,,,162468,103145,,267.68125,11.946667,6.17,,1.25,K1III-IV,-0.022,-0.024,,false
6651,,,,,,162496,209397,,268.205,-34.114167,6.06,,1.23,K1III,0.001,0.017,,false
6652,,,,,,162515,209401,,268.232917,-35.018611,6.45,,0.02,B9.5V,0.015,0.007,,false
6653,,,,,,162517,209404,,268.24125,-35.624167,6.03,,0.34,F2III-IV,0.046,-0.047,,false
6654,,,,,,162555,85464,,267.595417,29.322222,5.5,,1.05,K1III,0.029,0.049,,false
6655,,,,,,162570,85468,,267.701667,22.316389,5.98,R,,A9V,0.014,-0.016,,false
6656, 30    Dra,30,,,Dra,162579,30591,,267.267917,50.781111,5.02,,0.02,A2V,-0.048,0.211,-0.002,false
6657,,,,,,162586,209411,,268.331667,-34.730556,6.17,,-0.03,B8V,0.005,-0.001,0.005,false
6658,,,,,,162587,209416,,268.347083,-34.895278,5.6,,1.14,K3III,-0.009,-0.01,0.003,false
6659,,,,,,162596,141913,,267.997917,-1.236667,6.35,,1.12,K0,-0.002,0.003,,false
6660,,,,,,162678,209425,,268.439583,-34.785833,6.38,,0.0,B9V,0.009,-0.003,,false
6661,,,,,,162714,141926,Y Oph,268.161667,-6.143611,6.21,,1.4,F8Ib-G3Ib,0.008,-0.009,-0.006,false
6662,,,,,,162724,209428,V906 Sco,268.47875,-34.7525,5.96,,-0.01,B9V+B9V,0.021,-0.003,,false
6663,,,,,,162725,209430,V951 Sco,268.492083,-34.831667,6.42,,0.01,ApSi*,0.007,-0.023,,false
6664, 88    Her,88,,,Her,162732,46997,V744 Her,267.51375,48.394167,6.68,,-0.11,BepShell,0.004,0.012,,false
6665,,,,,,162734,103161,,267.99375,15.325833,6.46,R,,K0III,0.0,0.031,0.004,false
6666,,,,,,162757,160885,,268.265,-10.899722,6.18,,1.11,gK1,0.055,-0.033,,false
6667,,,,,,162774,122861,9800,268.1475,1.305,5.95,,1.58,K5III,-0.047,-0.017,,false
6668,,,,,,162817,209446,,268.613333,-34.466389,5.96,,-0.01,B9.5V,0.01,0.006,,false
6669,,,,,,162826,47009,,267.808333,40.0725,6.46,R,,G0V,-0.012,0.012,,false
6670,,,,,,162917,122880,,268.309167,6.101389,5.77,,0.42,F3-5IV-V,-0.122,0.069,0.038,false
6671,,,,,,162926,209458,,268.782917,-36.475833,6.06,,0.08,B9.5III,-0.014,-0.009,,false
6672,,,,,,162978,185928,,268.725,-24.887222,6.2,,0.04,O7.5II((f)),-0.005,-0.001,,false
6673,,,,,,162989,66402,,268.019583,39.982222,6.04,,1.33,gK4,-0.011,0.054,0.015,false
6674,,,,,,163075,47023,,268.004167,46.643333,6.38,,1.09,K0III,0.039,-0.122,,false
6675,,,,,,163145,228562,,269.1975,-44.342222,4.86,,1.21,K2III,-0.006,-0.017,0.017,false
6676,,,,,,163151,103194,,268.559167,11.130556,6.38,,0.45,F5Vn,-0.058,-0.165,0.007,false
6677, 90    Her,90,,,Her,163217,47037,9834,268.325417,40.008056,5.16,,1.18,K1IIIbCN-1,0.011,0.053,0.014,false
6678,,,,,,163234,228564,,269.2325,-40.305556,6.43,,1.43,K3III,0.016,0.005,,false
6679,,,,,,163245,160909,,268.979167,-18.802222,6.52,,0.05,A4V,0.016,-0.017,,false
6680,,,,,,163318,185975,,269.174583,-28.065278,5.8,,0.21,A7III/V:,0.04,-0.017,,false
6681,,,,,,163336,160915,,269.079167,-15.8125,5.89,,0.05,A1V,-0.01,-0.063,,false
6682,,,,,,163376,228578,,269.44875,-41.716111,4.88,,1.65,M0III,-0.015,-0.01,-0.005,false
6683,,,,,,163433,209524,,269.490833,-39.136944,6.29,,0.01,A0IV-V,-0.005,-0.039,,false
6684,,,,,,163472,122935,V2052 Oph,269.076667,0.670278,5.82,,0.09,B2IV-V,-0.005,0.003,,false
6685, 89    Her,89,,,Her,163506,85545,V441 Her,268.855,26.05,5.46,,0.34,F2Ib,0.004,0.006,-0.004,false
6686,,,,,,163532,141979,,269.19875,-4.081944,5.47,,1.16,gG9,-0.012,-0.008,,false
6687,,,,,,163547,85552,,268.961667,22.464167,5.58,,1.24,gK3,-0.002,0.002,,false
6688, 32Xi  Dra,32,Xi,,Dra,163588,30631,,268.382083,56.872778,3.75,,1.18,K2-III,0.094,0.08,0.035,false
6689,,,,,,163624,122950,,269.267917,0.066389,5.97,,0.1,A3V,0.028,-0.016,0.004,false
6690,,,,,,163641,122949,,269.233333,6.487778,6.29,,0.0,B9III,0.026,0.002,,false
6691,,,,,,163652,209545,,269.731667,-36.858333,5.74,,0.9,G8III,0.008,0.013,,false
6692,,,,,,163685,186025,,269.662917,-28.759167,6.01,,-0.08,B3IV,0.0,-0.009,,false
6693,,,,,,163755,,9929,269.771667,-30.253056,5.16,,1.77,M1Ib,0.002,-0.01,0.012,false
6694,,,,,,163756,209553,9929,269.772917,-30.253333,7.04,,1.06,G8II,-0.02,-0.002,0.012,false
6695, 91The Her,91,The,,Her,163770,66485,9890,269.063333,37.250556,3.86,,1.35,K1IIaCN+2,0.004,0.006,0.002,false
6696,,,,,,163772,103243,,269.362083,11.044167,6.36,,0.11,A1V,-0.017,-0.024,,false
6697,,,,,,163840,85575,,269.309583,23.995833,6.3,,0.63,G2V,-0.024,0.076,,false
6698, 64Nu  Oph,64,Nu,,Oph,163917,142004,,269.756667,-9.773611,3.34,,0.99,K0IIIaCN-1,-0.007,-0.116,0.021,false
6699,,,,,,163929,30645,,268.84875,55.971389,6.1,,0.32,F0IV,0.037,0.126,,false
6700,  4    Sgr,4,,,Sgr,163955,186061,,269.948333,-23.816111,4.76,,-0.04,B9V,0.001,-0.047,0.01,false
6701, 35    Dra,35,,,Dra,163989,8939,,267.3625,76.962778,5.04,,0.49,F6IV-V s,0.037,0.248,0.032,false
6702,,,,,,163990,47080,OP Her,269.201667,45.350833,6.02,,1.64,M5IIbS,0.008,-0.028,,false
6703, 92Xi  Her,92,Xi,,Her,163993,85590,9927,269.44125,29.247778,3.7,,0.94,G8+III,0.084,-0.017,0.021,false
6704,,,,,,164028,186070,,270.000417,-20.339167,6.21,,1.4,K0II-III,0.005,-0.007,,false
6705, 33Gam Dra,33,Gam,,Dra,164058,30653,,269.151667,51.488889,2.23,,1.52,K5III,-0.008,-0.019,0.025,false
6706,,,,,,164064,142012,,269.902917,-4.821389,5.87,,1.56,K5III,-0.014,-0.093,,false
6707, 94Nu  Her,94,Nu,,Her,164136,66524,Nu  Her,269.625833,30.189444,4.41,,0.39,F2II,0.0,0.007,0.007,false
6708,,,,,,164245,209608,,270.45125,-36.377778,6.3,,-0.03,B7IV,-0.007,-0.017,,false
6709,,,,,,164258,123004,V2126 Oph,270.064583,0.629444,6.37,,0.15,A3pSrCrEu,-0.006,0.004,,false
6710, 57Zet Ser,57,Zet,,Ser,164259,142025,,270.120833,-3.690278,4.62,,0.38,F2IV,0.147,-0.045,0.048,false
6711,,,,,,164280,66531,,269.67625,36.287778,6.0,,0.94,gG5,0.007,-0.055,,false
6712, 66    Oph,66,,,Oph,164284,123005,V2048 Oph,270.065833,4.368611,4.64,,-0.03,B2Ve,0.003,-0.013,,false
6713, 93    Her,93,,,Her,164349,103285,,270.014167,16.750833,4.67,,1.26,K0.5IIb,-0.007,-0.01,0.004,false
6714, 67    Oph,67,,,Oph,164353,123013,,270.16125,2.931667,3.97,,0.02,B5Ib,0.002,-0.008,-0.002,false
6715,  6    Sgr,6,,,Sgr,164358,160998,,270.34625,-17.156944,6.28,,1.8,K3III,0.003,-0.005,,false
6716,,,,,,164402,186135,9996,270.476667,-22.780556,5.77,,0.0,B0Ib,-0.003,-0.008,,false
6717,,,,,,164428,8946,9859,267.54375,78.306667,6.24,,1.44,K5,0.018,0.018,,false
6718,,,,,,164429,47106,V771 Her,269.717917,45.476111,6.48,,-0.08,B9pSiSr,0.002,0.027,,false
6719,,,,,,164432,123017,,270.220417,6.268333,6.34,,-0.08,B2IV,0.002,-0.008,,false
6720,,,,,,164447,103291,Var?,270.115417,19.505833,6.5,,-0.06,B8Vne,0.015,-0.001,,false
6721,   Chi Oct,,Chi,,Oct,164461,258799,,283.695417,-87.605833,5.28,,1.28,K3III,-0.039,-0.139,,false
6722,,,,,,164507,103299,,270.238333,15.093333,6.26,,0.69,G5IV,-0.059,-0.108,,false
6723, 68    Oph,68,,,Oph,164577,123035,10009,270.438333,1.305278,4.45,,0.02,A2Vn,0.015,-0.012,0.021,false
6724,  7    Sgr,7,,,Sgr,164584,186163,,270.712917,-24.282222,5.34,,0.52,F3III,0.005,-0.008,0.007,false
6725, 34Psi2Dra,34,Psi,2,Dra,164613,8961,,268.796667,72.005,5.45,,0.3,F2-3II-III,0.013,-0.001,,false
6726,,,,,,164614,66551,,270.151667,33.213889,5.99,,1.51,gK6,-0.003,-0.019,,false
6727,,,,,,164637,186169,,270.757083,-22.718333,6.74,,-0.05,B0.5III,0.003,0.007,,false
6728,,,,,,164646,47121,9980,269.984167,45.501389,5.67,,1.57,M0IIIab,0.008,-0.025,0.026,false
6729, 95    Her,95,,,Her,164668,85647,10014,270.374583,21.595278,5.18,,0.95,G8III,0.011,0.032,0.0,false
6730, 95    Her,95,,,Her,164669,85648,10014,270.376667,21.595556,4.96,,0.12,A5IIIn,0.012,0.035,0.0,false
6731,,,,,,164712,257569,,272.815417,-75.891389,5.86,,1.24,K2III,0.01,-0.295,0.016,false
6732,,,,,,164716,142045,,270.692917,-5.358611,6.76,,0.16,B9V,0.011,-0.035,,false
6733, 69Tau Oph,69,Tau,,Oph,164764,142050,10073,270.770833,-8.180278,5.94,,,F5V,0.029,-0.037,0.058,false
6734, 69Tau Oph,69,Tau,,Oph,164765,142050,10073,270.770417,-8.180556,5.24,,0.38,F2V,0.028,-0.037,0.058,false
6735,,,,,,164780,8962,,268.610833,75.170833,6.36,,0.98,K0,-0.013,0.023,-0.019,false
6736,  9    Sgr,9,,,Sgr,164794,186204,,270.968333,-24.360556,5.97,,0.0,O4V((f)),0.002,0.003,,false
6737,,,,,,164824,66562,,270.399583,33.311389,6.15,,1.55,K5III,0.025,0.023,,false
6738, 96    Her,96,,,Her,164852,85672,V820 Her,270.59625,20.833611,5.28,,-0.09,B3IV,0.005,-0.01,0.004,false
6739,,,,,,164870,209671,,271.21,-35.901389,6.0,,1.16,K2III,-0.016,-0.035,,false
6740,,,,,,164871,254141,,271.95125,-64.55,6.41,,1.26,K2-3III,-0.015,-0.053,,false
6741, 97    Her,97,,,Her,164900,85676,,270.625417,22.923056,6.21,,-0.1,B3Vn,-0.004,-0.008,,false
6742,   Gam1Sgr,,Gam,1,Sgr,164975,186237,W Sgr,271.255417,-29.58,4.69,,0.78,F4-G1Ib,0.013,0.0,,false
6743,   The Ara,,The,,Ara,165024,245242,,271.657917,-50.091667,3.66,,-0.08,B2Ib,-0.01,-0.014,,false
6744,,,,,,165029,103334,,270.81125,19.613056,6.5,R,0.01,A0V,0.024,-0.008,,false
6745,   Pi  Pav,,Pi,,Pav,165040,254147,10204,272.145,-63.668333,4.35,,0.22,A7pSr,0.013,-0.188,0.036,false
6746, 10Gam2Sgr,10,Gam,2,Sgr,165135,209696,10173,271.452083,-30.424167,2.99,,1.0,K0III,-0.053,-0.185,0.025,false
6747,,,,,,165174,123090,V986 Oph,271.155417,1.919167,6.14,,0.0,B0IIIn,-0.002,-0.003,,false
6748,,,,,,165185,209710,,271.59875,-36.019722,5.95,,0.62,G5V,0.11,0.015,0.059,false
6749,,,,,,165189,228708,,271.7075,-43.424722,5.77,H,0.22,A5V,-0.001,-0.099,0.021,false
6750,,,,,,165190,,,271.7075,-43.424722,5.77,H,,A5V,-0.001,-0.099,0.021,false
6751,,,,,,165259,257571,,273.14375,-73.671667,5.85,,0.46,F5V,-0.053,-0.231,0.031,false
6752, 70    Oph,70,,,Oph,165341,123107,,271.36375,2.499444,4.03,,0.86,K0V,0.266,-1.093,0.201,false
6753,,,,,,165358,47173,,270.7875,48.464444,6.21,,0.03,A2V,0.029,0.015,,false
6754,,,,,,165373,85706,,271.1675,23.9425,6.34,,0.3,F0IV-V,0.011,-0.057,,false
6755,,,,,,165402,142083,,271.530833,-8.323889,5.85,,0.21,B8III-IV,-0.008,-0.016,,false
6756,,,,,,165438,142085,,271.563333,-4.751389,5.77,,0.96,K1+IV,0.141,-0.032,,false
6757,,,,,,165462,142084,,271.530833,-0.446667,6.34,,1.06,G8IIp,-0.02,-0.029,,false
6758,,,,,,165475,103373,,271.430417,12.003889,7.04,,0.3,A3IV,-0.008,0.001,0.009,false
6759,,,,,,165493,228734,,272.125417,-45.767222,6.15,,-0.08,B7-8II,-0.009,-0.025,,false
6760,,,,,,165497,245273,,272.49,-59.04,6.38,,1.55,K4III,-0.021,-0.001,,false
6761,   Iot Pav,,Iot,,Pav,165499,254157,,272.60875,-62.002222,5.49,,0.58,G0V,-0.087,0.223,0.053,false
6762,,,,,,165516,186302,,271.7975,-21.443889,6.28,,0.12,B0.5Ib,0.004,0.0,,false
6763,,,,,,165524,85718,,271.375833,21.646944,6.15,,1.23,gK3,0.015,0.009,,false
6764,,,,,,165567,47193,,271.18,40.084167,6.52,,0.46,F7V,0.03,0.025,,false
6765, 98    Her,98,,,Her,165625,85725,10208,271.507917,22.218889,5.06,,1.58,M3-IIIZrO 0+,-0.01,-0.008,0.014,false
6766,,,,,,165634,186328,,272.020833,-28.457222,4.57,,0.94,G7:IIIb*,0.027,-0.03,0.023,false
6767,,,,,,165645,47195,,271.253333,41.946667,6.34,,0.26,F0V,-0.021,0.106,,false
6768,,,,,,165683,66626,,271.456667,32.230556,5.71,,1.16,K0III,0.012,-0.026,,false
6769,,,,,,165687,161093,,271.951667,-17.154167,5.52,,1.11,K1III,-0.099,0.059,,false
6770, 71    Oph,71,,,Oph,165760,123140,,271.826667,8.733889,4.64,,0.96,G8III,0.011,0.032,0.021,false
6771, 72    Oph,72,,,Oph,165777,123142,,271.8375,9.563889,3.73,,0.12,A4IV s,-0.06,0.08,0.047,false
6772,,,,,,165793,209779,,272.343333,-36.6725,6.58,,-0.03,B1II,-0.011,-0.004,,false
6773,,,,,,165814,186350,V3792 Sgr,272.225417,-25.4725,6.61,,0.02,B3III,0.003,0.018,,false
6774,,,,,,165861,257575,,273.600417,-70.751389,6.73,,-0.03,B7-8II-III,-0.002,-0.023,,false
6775, 99    Her,99,,,Her,165908,66648,,271.75625,30.561944,5.04,,0.52,F7V,-0.094,0.071,0.06,false
6776,,,,,,165910,103406,,271.951667,13.071111,6.63,,0.07,A2Vn,0.016,0.008,,false
6777,,,,,,165978,209794,,272.499583,-32.719722,6.43,,1.02,K0IV,0.001,-0.149,,false
6778,,,,,,166006,228774,,272.76875,-47.513056,6.07,,1.2,K1IIICNII,0.007,-0.029,,false
6779,103Omi Her,103,Omi,,Her,166014,85750,Omi Her,271.885833,28.7625,3.83,,-0.03,B9.5V,0.001,0.009,0.005,false
6780,,,,,,166023,209803,,272.52375,-30.728611,5.53,,0.97,K1II,0.003,-0.027,0.004,false
6781,100    Her,100,,,Her,166045,85753,10253,271.95625,26.101389,5.86,,0.12,A3V,-0.006,0.033,0.012,false
6782,100    Her,100,,,Her,166046,85752,10253,271.95625,26.0975,5.9,,0.14,A3V,-0.002,0.033,0.012,false
6783,   Eps Tel,,Eps,,Tel,166063,228777,,272.8075,-45.954444,4.53,,1.01,K0III,-0.017,-0.037,0.023,false
6784,,,,,,166095,103414,,272.140417,14.284722,6.37,,0.17,A5m,-0.005,0.004,,false
6785,,,,,,166103,161125,,272.430833,-13.934444,6.39,,1.42,K0,0.016,-0.003,,false
6786,,,,,,166114,228778,,272.773333,-41.359167,5.86,,0.29,F2V,0.032,-0.035,,false
6787,102    Her,102,,,Her,166182,85769,,272.189583,20.814444,4.36,,-0.16,B2IV,-0.001,-0.005,-0.01,false
6788,,,,,,166197,209817,10304,272.73,-33.799722,6.16,,-0.14,B1V,-0.011,0.013,,false
6789, 23Del UMi,23,Del,,UMi,166205,2937,,263.05375,86.586389,4.36,,0.02,A1Vn,0.009,0.056,0.004,false
6790,,,,,,166207,30751,,271.722917,50.822778,6.29,,1.04,K0III,0.002,0.096,,false
6791,,,,,,166208,47237,,271.87,43.461667,5.0,,0.91,G8IIICN-1CH-3,0.002,-0.06,0.012,false
6792,,,,,,166228,47233,,271.77625,49.710556,6.32,R,,A2V,-0.002,0.022,0.008,false
6793,,,,,,166229,66666,,272.009167,36.401389,5.48,,1.17,K2.5III,-0.095,-0.183,0.009,false
6794,101    Her,101,,,Her,166230,85770,,272.220417,20.045278,5.1,,0.15,A8III,0.008,-0.02,0.015,false
6795, 73    Oph,73,,,Oph,166233,123187,10287,272.390833,3.993333,5.73,,0.37,F2V,0.038,-0.007,0.03,false
6796,,,,,,166251,254179,,273.5675,-63.689444,6.47,,1.41,K4III,-0.033,-0.051,,false
6797,,,,,,166285,123198,,272.475,3.119722,5.69,,0.47,F5V,0.022,-0.192,0.041,false
6798,,,,,,166393,161153,,272.811667,-19.842222,6.36,,0.16,A4V,-0.002,-0.028,0.008,false
6799,,,,,,166411,66682,,272.2925,30.469444,6.38,,1.19,gK1,0.071,0.133,,false
6800,,,,,,166460,123212,,272.667917,3.324167,5.51,,1.19,K2III,0.021,-0.003,,false
6801, 11    Sgr,11,,,Sgr,166464,186437,,272.930833,-23.701111,4.98,,1.05,K0III,0.017,-0.019,0.014,false
6802,,,,,,166469,186444,V4045 Sgr,272.9925,-28.901389,6.51,,-0.01,B9IVpSrEuCr,0.017,-0.005,,false
6803,,,,,,166479,103443,10311,272.53625,16.476667,6.09,R,,B9V+F7III,-0.004,-0.007,0.004,false
6804,,,,,,166596,228815,V692 CrA,273.3025,-41.336111,5.47,,-0.17,B2.5III,-0.013,-0.004,,false
6805,,,,,,166599,254189,,273.920417,-63.055556,5.6,,0.92,K0III-IV,-0.023,-0.031,,false
6806,,,,,,166620,66700,10316,272.40625,38.4575,6.4,,0.87,K2V,-0.303,-0.472,0.092,false
6807,,,,,,166640,66703,,272.495833,36.466389,5.58,,0.91,G8III,0.011,0.015,,false
6808,,,,,,166841,254196,,274.50375,-68.229167,6.33,,-0.04,B9V,-0.007,-0.019,,false
6809, 40    Dra,40,,,Dra,166865,8994,10205,270.014167,80.000833,6.04,,0.51,F7,0.045,0.129,0.025,false
6810, 41    Dra,41,,,Dra,166866,8996,10205,270.038333,80.004167,5.68,,0.5,F7,0.042,0.122,0.025,false
6811, 24    UMi,24,,,UMi,166926,2940,,262.7,86.968056,5.79,,0.25,A2m,0.059,0.01,,false
6812, 13Mu  Sgr,13,Mu,,Sgr,166937,186497,Mu  Sgr,273.440833,-21.058889,3.86,,0.23,B8Iap,0.002,0.001,0.012,false
6813,,,,,,166960,142159,,273.291667,-4.011667,6.59,,0.27,A2m,0.015,0.022,,false
6814,,,,,,166988,66733,10363,272.937917,33.446944,5.88,R,0.01,A3V,0.012,0.01,,false
6815,104    Her,104,,,Her,167006,66737,V669 Her,272.975833,31.405278,4.97,,1.65,M3III,-0.013,0.03,0.007,false
6816, 14    Sgr,14,,,Sgr,167036,186509,10393,273.56625,-21.713056,5.44,,1.52,K3III,-0.008,-0.022,,false
6817,,,,,,167042,30784,,272.631667,54.286667,5.95,,0.94,K1III,0.104,0.245,0.019,false
6818,,,,,,167096,228851,,273.969583,-44.206667,5.46,,0.96,G8-K0III,0.074,0.012,,false
6819,,,,,,167128,245369,Var?,274.28125,-56.023333,5.33,,-0.05,B3IIIep,-0.006,-0.013,,false
6820,,,,,,167193,85836,,273.31875,21.880278,6.12,,1.47,K4III,0.062,0.051,,false
6821,,,,,,167257,245372,,274.25375,-51.068333,6.06,,-0.06,B9V,-0.002,-0.008,,false
6822, 15    Sgr,15,,,Sgr,167264,186543,,273.80375,-20.728333,5.38,,0.07,B0Ia,0.003,0.003,,false
6823, 16    Sgr,16,,,Sgr,167263,186544,,273.80375,-20.388056,5.95,,0.02,O9.5II,-0.002,0.001,,false
6824,,,,,,167304,47305,,273.1775,41.146944,6.36,,1.03,K0III,-0.014,-0.046,,false
6825,,,,,,167356,161227,,273.878333,-18.661389,6.07,,0.2,A0Ia,0.014,0.006,,false
6826,,,,,,167370,66765,,273.27,38.773611,6.04,,-0.08,B9IIIn,-0.004,0.01,,false
6827,,,,,,167387,17803,,272.779583,60.409444,6.49,,0.0,A1Vnn,-0.01,0.0,,false
6828,,,,,,167425,254209,,274.9175,-63.886944,6.18,,0.58,F9V,0.043,-0.285,0.017,false
6829,   Phi Oct,,Phi,,Oct,167468,257584,,275.900417,-75.044167,5.47,,0.02,A0V,-0.006,0.03,,false
6830,,,,,,167564,142185,,273.991667,-3.6175,6.36,,0.2,A4V,0.015,0.019,,false
6831,,,,,,167588,85856,,273.683333,29.207222,6.56,,0.54,F8V,0.016,-0.249,0.014,false
6832,   Eta Sgr,,Eta,,Sgr,167618,209957,Eta Sgr,274.406667,-36.761667,3.11,,1.56,M3.5III,-0.128,-0.167,0.045,false
6833,,,,,,167647,209959,RS Sgr,274.400417,-34.107222,6.16,,-0.11,B3V+A,-0.015,-0.009,,false
6834,,,,,,167654,123308,10466,274.023333,2.377778,6.01,,1.59,M4IIIab,-0.003,-0.015,,false
6835,,,,,,167666,186594,,274.35,-28.6525,6.19,,0.18,A5/7V,0.004,-0.027,,false
6836,,,,,,167665,186593,,274.34875,-28.289167,6.4,,0.54,G0V,0.134,-0.156,,false
6837,,,,,,167714,258796,,277.33125,-80.232778,5.95,,1.16,K2III,-0.037,-0.062,,false
6838,,,,,,167720,161260,,274.298333,-17.373889,5.75,,1.58,K4II-III,-0.003,-0.015,,false
6839,,,,,,167756,228895,,274.666667,-42.288333,6.3,,-0.11,B0.5Ia,-0.007,-0.004,,false
6840,,,,,,167768,142189,,274.22125,-3.007222,6.0,,0.89,G3III,0.012,-0.268,0.005,false
6841,,,,,,167771,161267,,274.36875,-18.463333,6.54,,0.11,O7III:(n)((f)),-0.003,0.0,,false
6842,,,,,,167818,186612,,274.513333,-27.0425,4.65,,1.66,K3II,0.008,0.005,0.033,false
6843,,,,,,167833,142192,,274.350833,-9.758611,6.31,,0.38,A8V,0.009,-0.056,,false
6844,,,,,,167858,123320,,274.27,1.005833,6.63,,0.31,F2V,-0.011,-0.026,,false
6845,,,,,,167965,47342,,273.911667,42.159444,5.59,,-0.1,B7IV,0.001,0.0,,false
6846,,,,,,167979,186629,,274.67375,-25.604722,6.51,,1.34,gK1,-0.004,-0.03,,false
6847,,,,,,168009,47343,,273.885833,45.209444,6.29,,0.62,G2V,-0.068,-0.11,0.044,false
6848,,,,,,168021,161304,10543,274.680417,-18.619444,6.84,,0.31,B0Ib,0.013,0.006,0.02,false
6849,,,,,,168092,30836,,273.67125,56.588333,6.37,,0.34,F1V,-0.011,0.029,,false
6850, 36    Dra,36,,,Dra,168151,17828,,273.474167,64.397222,5.03,,0.38,F5V,0.349,0.035,0.047,false
6851,,,,,,168199,103578,,274.512083,13.776944,6.3,,-0.03,B5V,-0.001,-0.01,,false
6852,,,,,,168270,103581,,274.532083,18.131389,5.99,R,0.03,B9V,-0.006,-0.004,,false
6853,,,,,,168322,47359,,274.278333,40.936667,6.11,,0.99,G8.5IIIbFe-1CH0.5,-0.163,0.069,0.01,false
6854,,,,,,168323,85906,,274.532083,23.296667,6.63,R,,K5,0.007,-0.018,,false
6855,   Xi  Pav,,Xi,,Pav,168339,254226,10673,275.806667,-61.493889,4.36,,1.48,K4III,0.001,0.003,0.016,false
6856,,,,,,168357,210017,,275.230417,-37.4875,6.45,,1.31,K2II,0.011,-0.008,,false
6857,,,,,,168387,123353,,274.789583,7.259722,5.39,,1.07,K2III-IV,-0.047,0.002,,false
6858,,,,,,168415,161348,,275.036667,-15.831667,5.39,,1.47,K4III,0.037,-0.033,,false
6859, 19Del Sgr,19,Del,,Sgr,168454,186681,,275.24875,-29.828056,2.7,,1.38,K3-IIIa*,0.035,-0.028,0.047,false
6860,105    Her,105,,,Her,168532,85921,,274.794583,24.446111,5.27,,1.53,K3III:Ba0.4,0.009,0.006,-0.002,false
6861,,,,,,168574,186699,V4028 Sgr,275.380833,-24.915,6.25,,1.84,M5III,0.007,0.008,,false
6862,,,,,,168592,210048,,275.5775,-38.656944,5.1,,1.49,K4-5III,-0.033,-0.028,0.011,false
6863,,,,,,168608,161376,Y Sgr,275.34625,-18.86,5.75,,0.94,F8I,0.011,-0.009,-0.006,false
6864,,,,,,168646,186704,,275.500833,-28.43,6.16,,0.26,A3III,0.014,-0.001,,false
6865, 37    Dra,37,,,Dra,168653,17837,,273.820833,68.755833,5.95,,1.06,gK1,0.015,-0.061,-0.002,false
6866, 74    Oph,74,,,Oph,168656,123377,,275.217083,3.377222,4.86,,0.91,G8III,0.0,0.01,0.019,false
6867,,,,,,168694,85933,,274.967083,29.666111,5.99,,1.29,gK4,0.0,-0.001,,false
6868,106    Her,106,,,Her,168720,85941,,275.074583,21.961389,4.95,,1.59,M1III,0.017,-0.056,0.016,false
6869, 58Eta Ser,58,Eta,,Ser,168723,142241,10675,275.3275,-2.898889,3.26,,0.94,K0III-IV,-0.547,-0.7,0.058,false
6870,,,,,,168733,210061,V4050 Sgr,275.72125,-36.669444,5.34,,-0.14,Ap,0.0,-0.018,,false
6871,,,,,,168740,254237,,276.38125,-63.021389,6.14,,0.2,A3V,-0.007,-0.099,,false
6872,  1Kap Lyr,1,Kap,,Lyr,168775,66869,10657,274.965417,36.064444,4.33,,1.17,K2IIIabCN0.5,-0.015,0.043,0.011,false
6873,,,,,,168797,123385,10688,275.36875,5.435833,6.13,,-0.04,B3Ve,0.013,-0.004,,false
6874,,,,,,168838,210075,,275.870417,-36.238333,5.55,,1.02,K0III,0.017,-0.006,,false
6875,,,,,,168905,228982,10724,276.075833,-44.110278,5.25,,-0.19,B2.5Vn,-0.002,-0.021,,false
6876,108    Her,108,,,Her,168913,85956,,275.237917,29.858889,5.63,,0.21,A5m,0.014,0.057,0.013,false
6877,107    Her,107,,,Her,168914,85957,10690,275.254167,28.87,5.12,,0.2,A7V,0.005,0.05,0.021,false
6878,,,,,,169009,161412,,275.759167,-10.218611,6.33,,0.14,B9.5V,0.024,-0.007,,false
6879, 20Eps Sgr,20,Eps,,Sgr,169022,210091,,276.042917,-34.384722,1.85,,-0.03,B9.5III,-0.038,-0.124,0.023,false
6880,,,,,,169028,30897,,274.98375,51.347778,6.3,,1.1,gK1,-0.033,-0.052,0.037,false
6881,,,,,,169033,161415,,275.800833,-12.014722,5.73,,0.01,B8IV-Ve,-0.007,-0.014,,false
6882,,,,,,169110,85975,,275.53625,23.285278,5.41,,1.6,M0IIIab,0.012,0.077,,false
6883,,,,,,169111,103648,,275.647083,12.028889,5.89,,0.04,A2V,0.012,-0.008,,false
6884,   Zet Sct,,Zet,,Sct,169156,142267,,275.914583,-8.934167,4.68,,0.95,G9-IIIbFe-0.5,0.045,0.046,0.015,false
6885,,,,,,169191,103655,,275.704167,17.826667,5.25,,1.27,K3III,0.071,0.016,0.023,false
6886,,,,,,169221,47411,,275.279583,49.725556,6.4,,1.07,K1III,-0.007,0.025,,false
6887,,,,,,169223,103660,,275.762083,16.688056,6.22,,1.2,K0,-0.019,-0.016,,false
6888, 18    Sgr,18,,,Sgr,169233,210116,,276.25625,-30.756667,5.6,,1.14,K0III-IV,-0.123,-0.072,,false
6889,,,,,,169236,210119,,276.340417,-35.991667,6.15,,1.0,K0III,-0.033,0.013,,false
6890,,,,,,169268,142274,,276.014583,-3.583333,6.38,,0.34,F6III-IV,-0.025,-0.055,,false
6891,,,,,,169305,47417,,275.38625,49.121667,5.05,,1.66,M2IIIab,-0.02,0.053,0.0,false
6892,,,,,,169370,142288,,276.175417,-7.075278,6.31,,1.16,K0,0.134,-0.004,,false
6893,,,,,,169398,210135,,276.4775,-33.945278,6.3,,-0.08,B5IV,0.002,0.006,,false
6894,,,,,,169405,229021,,276.724583,-48.116944,5.46,,0.84,K0-1III+F-G,-0.007,-0.042,0.026,false
6895,109    Her,109,,,Her,169414,86003,10742,275.924583,21.769722,3.84,,1.18,K2.5IIIab,0.196,-0.242,0.025,false
6896, 21    Sgr,21,,,Sgr,169420,186794,,276.3375,-20.541667,4.81,,1.31,K2II,0.006,-0.025,0.013,false
6897,   Alp Tel,,Alp,,Tel,169467,229023,,276.743333,-45.968333,3.51,,-0.17,B3IV,-0.016,-0.054,,false
6898,,,,,,169493,142294,,276.2375,-1.579444,6.15,,0.37,F6III+A9III,-0.017,-0.01,0.011,false
6899,,,,,,169570,257601,,278.230417,-73.965556,5.89,,0.98,K0III,-0.002,-0.09,,false
6900,,,,,,169578,123453,,276.286667,5.084722,6.74,,0.02,B9V,-0.003,0.008,,false
6901,,,,,,169646,66936,10756,275.989167,38.739167,6.36,R,,K4III,0.027,0.006,,false
6902,,,,,,169689,123462,,276.411667,8.031944,5.65,,0.92,G8III-IV+A0V,-0.002,-0.006,,false
6903,  2Mu  Lyr,2,Mu,,Lyr,169702,66943,,276.0575,39.507222,5.12,,0.03,A3IVn,-0.023,-0.002,0.004,false
6904,,,,,,169718,86019,,276.24375,27.395278,6.27,,0.05,A0V+A4V,0.002,0.008,0.004,false
6905,   Zet Tel,,Zet,,Tel,169767,229047,,277.207917,-49.070833,4.13,,1.02,G8-K0III,0.144,-0.242,0.027,false
6906,,,,,,169820,103709,,276.480833,14.966667,6.37,,0.01,B9V,0.012,-0.006,,false
6907,,,,,,169830,186838,,276.95625,-29.816389,5.92,,0.52,F9V,-0.003,0.032,,false
6908,,,,,,169836,245510,,277.48625,-57.523056,5.76,,0.98,K0III,0.051,-0.025,,false
6909,,,,,,169851,186837,,276.9325,-26.634722,6.31,,0.26,A8V+F2V,0.003,-0.025,0.009,false
6910,,,,,,169853,210197,,277.112917,-38.995556,5.64,,0.13,A2mA2-F0,-0.002,-0.038,,false
6911,,,,,,169885,30943,,275.949167,53.300833,6.32,,0.16,A3m,0.008,-0.015,,false
6912,,,,,,169904,258804,,280.55875,-81.807778,6.27,,-0.13,B8V,0.001,-0.006,,false
6913, 22Lam Sgr,22,Lam,,Sgr,169916,186841,,276.9925,-25.421667,2.81,,1.04,K1+IIIb,-0.044,-0.185,0.053,false
6914,,,,,,169938,186843,,277.025833,-26.757222,6.27,,0.16,A3/4V,0.0,-0.036,,false
6915,,,,,,169943,229056,,277.30375,-43.845833,6.36,,0.9,G8III,-0.002,0.028,,false
6916,   Nu  Pav,,Nu,,Pav,169978,254273,10889,277.843333,-62.278333,4.64,,-0.11,B7-8III,-0.003,-0.045,,false
6917,,,,,,169981,86043,,276.495,29.828889,5.83,,0.06,A2IV,0.026,-0.022,,false
6918, 59    Ser,59,,,Ser,169985,123497,d Ser,276.802083,0.196111,5.21,,0.5,G0III+A6V,-0.008,-0.002,0.016,false
6919,,,,,,169990,161493,10835,276.985417,-17.8,6.2,,0.01,B8V,-0.004,0.007,,false
6920, 43Phi Dra,43,Phi,,Dra,170000,9084,Phi Dra,275.189583,71.337778,4.22,,-0.1,A0pSi:,-0.004,0.04,0.012,false
6921,,,,,,170040,210213,,277.32,-38.851111,6.63,,-0.02,B8,-0.004,-0.007,,false
6922,,,,,,170069,229064,,277.4825,-47.220278,5.7,,1.26,K2III,0.013,-0.003,,false
6923, 39    Dra,39,,,Dra,170073,30949,,275.977083,58.800556,4.98,,0.08,A1V,-0.039,0.06,0.035,false
6924,,,,,,170111,86060,,276.670417,26.449444,6.53,,-0.11,B3V,-0.003,0.0,,false
6925,,,,,,170137,123513,,276.959583,3.748611,6.07,,1.62,K3III,-0.005,-0.005,,false
6926,,,,,,170141,186863,10864,277.239167,-26.581667,6.5,,0.11,A3III,0.003,0.009,,false
6927, 44Chi Dra,44,Chi,,Dra,170153,9087,10749,275.264167,72.732778,3.57,,0.49,F7V,0.532,-0.35,0.12,false
6928,,,,,,170200,123516,,276.995,6.194167,5.73,,-0.03,B8III-IV,0.0,-0.024,,false
6929,,,,,,170235,186873,V4031 Sgr,277.341667,-25.256389,6.59,,0.07,B2IVpe,0.004,-0.001,,false
6930,   Gam Sct,,Gam,,Sct,170296,161520,,277.299583,-14.565833,4.7,,0.06,A3Vn,0.003,-0.002,0.025,false
6931,,,,,,170384,229080,,277.7625,-41.913611,6.04,,0.14,A3V,0.0,-0.022,,false
6932,,,,,,170397,161528,V432 Sct,277.445,-14.581667,5.96,,-0.04,B9pSiCr,0.021,0.025,,false
6933,,,,,,170433,161540,,277.549583,-18.728889,5.66,,1.06,gK0,0.038,-0.095,0.011,false
6934,   Del1Tel,,Del,1,Tel,170465,229092,,277.939167,-45.915,4.96,,-0.11,B6IV,-0.008,-0.032,,false
6935, 60    Ser,60,,,Ser,170474,142348,,277.420833,-1.985278,5.39,,0.96,K0III,0.032,-0.033,0.013,false
6936,,,,,,170479,210257,,277.77,-32.989167,5.34,,0.16,A3m,-0.001,-0.045,0.023,false
6937,,,,,,170521,229094,,277.984167,-43.507778,5.72,,1.34,K2III,-0.005,-0.019,,false
6938,   Del2Tel,,Del,2,Tel,170523,229095,,278.008333,-45.757222,5.07,,-0.14,B3III,0.004,-0.008,,false
6939,,,,,,170525,245547,,278.372917,-58.709167,6.44,,0.68,G5IV,0.027,-0.124,,false
6940,,,,,,170547,142353,,277.559583,-5.724167,6.28,,0.95,G8II-III,0.004,-0.018,,false
6941,,,,,,170580,123571,,277.52125,4.065278,6.69,,0.11,B2V,0.0,-0.009,,false
6942,,,,,,170642,210277,,278.089167,-39.703889,5.16,,0.08,A3Vn,0.036,-0.04,0.022,false
6943,,,,,,170650,86115,,277.39875,23.866111,5.9,,-0.1,B6IV,0.0,-0.007,,false
6944,,,,,,170680,161564,,277.859583,-18.402778,5.14,,0.0,A0Vp,-0.003,-0.025,0.017,false
6945, 42    Dra,42,,,Dra,170693,17888,,276.49625,65.563611,4.82,,1.19,K1.5IIIFe-0.5,0.105,-0.023,0.021,false
6946,,,,,,170740,161569,,277.857083,-10.795833,5.72,,0.24,B2V,0.0,-0.015,,false
6947,,,,,,170764,161571,U Sgr,277.972083,-19.125,6.68,,1.13,G1.5Ib,-0.009,0.001,,false
6948,,,,,,170773,210286,,278.25375,-39.892222,6.22,,0.42,F5IV,0.086,-0.086,,false
6949,,,,,,170811,30990,,276.92625,59.549167,6.43,,,K0IV,0.052,0.045,,false
6950,,,,,,170829,86142,Var?,277.673333,20.815278,6.5,,0.79,G8IV,0.011,-0.258,0.029,false
6951,   The CrA,,The,,CrA,170845,229111,,278.375833,-42.3125,4.64,,1.01,G8III,0.031,-0.022,-0.001,false
6952,   Kap1CrA,,Kap,1,CrA,170868,210296,,278.347083,-38.720278,6.32,,,A0III,0.021,-0.028,,false
6953,   Kap2CrA,,Kap,2,CrA,170867,210295,,278.34625,-38.726111,5.65,,-0.06,B9V,-0.003,-0.03,,false
6954,,,,,,170873,245559,,278.63,-52.891944,6.22,,1.25,K2III,-0.011,-0.054,,false
6955,,,,,,170878,103800,,277.768333,16.928611,5.77,,0.04,A2V,-0.032,-0.021,,false
6956,,,,,,170902,161580,,278.086667,-14.644167,6.37,,0.22,A4V,0.019,-0.017,,false
6957, 61    Ser,61,,,Ser,170920,142372,,277.9875,-1.003056,5.94,,0.16,A4III,0.01,-0.006,,false
6958,,,,,,170973,123610,MV Ser,278.029167,3.659722,6.43,,-0.04,A0pSiCr,0.031,0.015,,false
6959,,,,,,170975,161587,,278.180417,-14.865556,5.5,,1.97,K3Ib-IICN1,-0.004,0.001,,false
6960,,,,,,171034,210312,,278.490833,-33.016667,5.28,,-0.11,B2IV-V,0.004,-0.01,,false
6961, 24    Sgr,24,,,Sgr,171115,186981,,278.472917,-24.0325,5.49,,1.79,K4Ib,0.002,-0.01,,false
6962,,,,,,171130,161605,,278.4125,-14.853611,5.76,,0.04,A2V,0.025,-0.013,,false
6963,,,,,,171149,142386,,278.345417,-5.911389,6.36,,0.02,A0Vn,0.012,-0.017,,false
6964,,,,,,171161,258810,,282.99125,-83.316389,7.16,,1.26,K1IIICNII:,-0.008,-0.021,,false
6965, 25    Sgr,25,,,Sgr,171237,186995,11035,278.636667,-24.2225,6.51,,0.54,F3II-III,0.001,-0.001,,false
6966,,,,,,171245,86175,,278.1925,23.616944,5.84,,1.46,gK5,0.01,0.016,,false
6967,,,,,,171247,123634,,278.347083,8.268333,6.42,,-0.03,B8IIIpSiSr:,0.007,-0.003,,false
6968,,,,,,171301,67090,,278.207917,30.554167,5.48,,-0.1,B8IV,0.01,0.009,0.009,false
6969,,,,,,171369,187012,,278.83875,-20.840833,6.48,,0.28,F0IV,0.03,-0.013,,false
6970,,,,,,171391,161632,,278.76,-10.977222,5.14,,0.92,G8III,0.051,-0.004,0.012,false
6971,,,,,,171406,67102,Var?,278.34625,30.8925,6.59,,-0.12,B4Ve,0.011,0.009,,false
6972,,,,,,171416,187024,,278.99875,-29.699167,6.37,,1.27,K1III,0.009,-0.009,,false
6973,   Alp Sct,,Alp,,Sct,171443,142408,11056,278.801667,-8.244167,3.85,,1.33,K3-III-IIIb,-0.015,-0.312,0.016,false
6974,,,,,,171461,31032,,278.0475,52.115556,6.56,,-0.07,B9.5V,-0.004,0.006,,false
6975,,,,,,171487,86203,,278.581667,20.466389,6.57,,0.11,A3V,0.008,-0.006,,false
6976,,,,,,171505,103867,,278.697917,10.891667,6.4,R,0.08,A1V,0.004,-0.007,,false
6977,,,,,,171623,103879,,278.8025,18.203333,5.78,R,0.0,A0Vn,0.014,0.006,,false
6978, 45    Dra,45,,,Dra,171635,31039,,278.14375,57.045556,4.77,,0.61,F7Ib,0.001,-0.006,0.013,false
6979,,,,,,171653,17912,,277.811667,65.436111,6.59,,0.3,A8m,-0.019,0.071,,false
6980,,,,,,171745,86224,,278.876667,23.605556,5.61,,1.0,G9III+G7III,0.004,0.005,0.006,false
6981,,,,,,171746,103886,11085,278.971667,16.975556,6.21,,0.53,G2V+G2V,0.049,-0.068,0.02,false
6982,   Zet Pav,,Zet,,Pav,171759,257620,,280.75875,-71.428056,4.01,,1.14,K0III,-0.005,-0.156,0.035,false
6983,,,,,,171779,31051,,278.48625,52.353611,5.36,,1.09,K0III,-0.002,0.008,0.004,false
6984,,,,,,171780,67134,Var,278.80625,34.457778,6.1,,-0.11,B5Vne,0.006,0.003,-0.021,false
6985,,,,,,171802,123690,,279.115833,9.1225,5.39,,0.37,F5III,-0.002,-0.129,0.033,false
6986,,,,,,171819,229165,,279.809583,-47.909722,5.86,,0.23,A7IV-V,0.028,0.015,,false
6987,,,,,,171834,123693,,279.162917,6.671944,5.45,,0.37,F3V,-0.025,-0.141,0.032,false
6988,,,,,,171856,187071,,279.476667,-21.397778,5.94,,0.19,A8IIIn,0.0,-0.067,,false
6989,,,,,,171957,161687,,279.519167,-14.004722,6.47,,0.21,B9IV,0.019,0.002,,false
6990,,,,,,171961,187080,,279.627917,-23.505,5.81,,0.02,B8III,-0.003,-0.02,,false
6991,,,,,,171967,229172,,279.895833,-43.186111,5.37,,1.68,M2III,-0.052,-0.052,0.004,false
6992,,,,,,171975,103912,,279.3025,11.421667,6.42,R,-0.02,B9V,-0.021,-0.011,,false
6993,,,,,,171978,142444,11122,279.4,-0.309444,5.75,,0.07,A1V+A1V,0.016,-0.019,,false
6994,,,,,,171990,257625,,281.955833,-77.867222,6.39,,0.6,F8V,-0.022,0.188,,false
6995,,,,,,171994,103913,,279.2875,16.198333,6.29,,0.9,G8IV,0.01,0.047,,false
6996,,,,,,172021,254343,,280.59375,-64.643056,6.37,,0.15,A5V,-0.009,-0.032,,false
6997,,,,,,172044,67164,11113,279.155,33.468889,5.42,,-0.1,B8II-IIIpHg,-0.019,0.0,0.007,false
6998,,,,,,172051,187086,,279.7225,-21.051944,5.86,,0.68,G4V,-0.078,-0.152,0.072,false
6999,,,,,,172088,142461,,279.59875,-3.193611,6.49,,0.55,F9IV,-0.009,0.032,0.027,false
7000,,,,,,172103,142460,,279.579583,-1.113333,6.66,,0.42,F1IV-V,-0.027,-0.012,,false
7001,  3Alp Lyr,3,Alp,,Lyr,172167,67174,Alp Lyr,279.234583,38.783611,0.03,,0.0,A0Va,0.202,0.286,0.123,false
7002,,,,,,172171,123744,X Oph,279.5875,8.833889,6.4,H,1.32,M6IIIe+K1III,-0.014,0.006,0.011,false
7003,,,,,,172187,47644,,279.19,43.221944,6.2,,0.24,F0V,0.023,-0.006,,false
7004,,,,,,172211,254353,,280.905,-64.551111,5.78,,0.96,K0III,0.003,-0.036,,false
7005,,,,,,172223,229194,11183,280.3775,-48.095,6.49,,1.22,K2III-IVCNII,-0.025,-0.122,,false
7006,,,,,,172340,9151,,277.437083,77.546944,5.64,,1.18,gK4,-0.001,0.001,0.014,false
7007,,,,,,172348,142480,,280.002083,-7.790556,5.84,,1.55,K4III,0.004,-0.032,,false
7008,,,,,,172365,123778,,279.90375,5.264167,6.38,,0.78,F8Ib-II,0.006,0.001,,false
7009,,,,,,172380,67193,XY Lyr,279.527083,39.668056,6.04,,1.65,M4.5-M5+II,0.006,0.006,,false
7010,,,,,,172424,123782,,279.965,7.358333,6.28,,0.96,G8III,0.007,-0.056,,false
7011, 26    Sgr,26,,,Sgr,172546,187146,,280.465,-23.833333,6.23,,0.23,Am,0.032,-0.024,,false
7012,,,,,,172555,254358,,281.362083,-64.871389,4.79,,0.2,A5IV-V,0.027,-0.149,0.035,false
7013,,,,,,172569,17947,,279.055417,65.488611,6.06,,0.28,F0V,0.019,0.083,0.009,false
7014,,,,,,172594,161730,,280.427083,-14.564167,6.42,,0.81,F2Ib,0.006,0.001,,false
7015,,,,,,172630,254359,,281.297917,-61.095,6.04,,1.46,K3III,0.023,-0.023,,false
7016,,,,,,172631,67226,,280.008333,30.849444,6.36,R,,K0,-0.005,0.032,,false
7017,,,,,,172671,47676,,279.887917,40.935,6.25,,-0.06,B9V,0.027,-0.002,,false
7018,,,,,,172728,17958,,279.389583,62.526667,5.74,,-0.06,A0V,-0.005,0.051,,false
7019,,,,,,172741,67233,,280.050833,38.367222,6.45,,0.21,A6m,0.026,0.001,,false
7020,   Del Sct,,Del,,Sct,172748,142515,Del Sct,280.568333,-9.0525,4.72,,0.35,F2IIIpDel Del,0.009,0.002,0.025,false
7021,   Lam CrA,,Lam,,CrA,172777,210501,11247,280.945417,-38.323611,5.13,,0.09,A2Vn,0.003,-0.057,0.024,false
7022,,,,,,172781,245681,,281.34875,-56.881667,6.22,,1.38,K3III,-0.054,-0.007,,false
7023,,,,,,172816,161754,V3879 Sgr,280.73,-19.283889,6.35,,1.75,M4III,-0.001,-0.024,,false
7024,,,,,,172831,142525,,280.650417,-7.073333,6.15,,1.0,K0-1III,-0.003,0.005,,false
7025,,,,,,172864,3056,,276.038333,83.175278,6.17,,0.05,A2V,0.015,-0.027,,false
7026,,,,,,172875,210507,,281.032083,-36.718611,6.32,,0.98,K0III,0.0,-0.06,,false
7027,,,,,,172881,257630,,282.43125,-72.994722,6.06,,0.0,B9.5IV-V,-0.004,0.024,,false
7028,,,,,,172883,31093,,279.97,52.196111,6.0,,-0.07,A0p:Hg:,0.004,0.028,,false
7029,,,,,,172910,210509,,281.080833,-35.641944,4.87,,-0.18,B2.5V,0.0,-0.031,,false
7030,,,,,,172958,67256,,280.422083,31.617778,6.41,,-0.04,B8V,0.008,0.009,,false
7031,,,,,,172991,210518,,281.238333,-39.686389,5.43,,0.87,K3II+B7,0.008,-0.011,0.012,false
7032,   Eps Sct,,Eps,,Sct,173009,142546,,280.880417,-8.275278,4.9,,1.12,G8IIb,0.022,0.008,0.016,false
7033,,,,,,173087,67265,,280.53375,34.746667,6.47,,-0.13,B5V,0.01,0.008,,false
7034,,,,,,173093,142557,,280.964167,-6.818611,6.31,,0.48,F7V,0.048,-0.055,,false
7035,,,,,,173117,187216,,281.206667,-25.011111,5.83,,0.05,B5:V,0.005,-0.022,,false
7036,   The Pav,,The,,Pav,173168,254374,,282.1575,-65.077778,5.73,,0.24,A8V,-0.045,-0.083,,false
7037,,,,,,173263,245702,,281.74625,-50.094444,6.54,,0.28,F0V,-0.001,-0.034,,false
7038,,,,,,173282,187234,,281.327917,-21.001389,6.36,,0.45,F5V,0.027,-0.019,,false
7039, 27Phi Sgr,27,Phi,,Sgr,173300,187239,,281.414167,-26.990833,3.17,,-0.11,B8III,0.053,0.0,,false
7040,  4    Aql,4,,,Aql,173370,123879,11290,281.207917,2.06,5.02,,-0.06,B9V,0.009,-0.018,0.005,false
7041,,,,,,173383,67287,11271,280.819583,39.300278,6.45,,1.59,K5,0.016,-0.002,,false
7042,,,,,,173398,17975,,280.234583,62.749722,6.09,,0.98,K0III,0.0,0.061,,false
7043,,,,,,173416,67292,,280.900417,36.556667,6.01,,1.04,G8,0.024,0.065,,false
7044,,,,,,173417,67293,,280.965,31.926667,5.7,,0.34,F1III-IV,-0.033,-0.129,0.026,false
7045,,,,,,173425,161803,11309,281.505,-19.606389,6.42,,1.65,M4III,-0.002,0.004,,false
7046, 28    Sgr,28,,,Sgr,173460,187255,,281.585833,-22.392222,5.37,,1.64,K4III,0.031,0.0,,false
7047,,,,,,173494,86393,,281.1675,23.589722,6.31,,0.4,F6V,0.009,-0.087,0.019,false
7048,,,,,,173495,123886,,281.368333,5.499722,5.83,,0.04,A1V+A1V,0.015,-0.011,0.006,false
7049, 46    Dra,46,,,Dra,173524,31119,11273,280.657917,55.539444,5.04,,-0.09,B9.5pHg:,-0.002,0.024,0.011,false
7050,   Mu  CrA,,Mu,,CrA,173540,229285,,281.935833,-40.406111,5.24,,0.78,G5-6III,0.03,-0.017,0.023,false
7051,  4Eps1Lyr,4,Eps,1,Lyr,173582,67310,,281.085,39.67,5.06,H,0.16,A4V,0.017,0.059,0.021,false
7052,  4Eps1Lyr,4,Eps,1,Lyr,173583,67309,,281.084583,39.671111,6.02,H,,F1V,0.003,0.059,0.021,false
7053,  5Eps2Lyr,5,Eps,2,Lyr,173607,67315,11301,281.095417,39.613056,5.14,H,0.19,A8Vn,0.008,0.064,0.021,false
7054,  5Eps2Lyr,5,Eps,2,Lyr,173608,,11301,281.095417,39.612778,5.37,H,,F0Vn,0.007,0.064,0.021,false
7055,,,,,,173638,161817,11333,281.680417,-10.125,5.71,,0.59,F2Ib-II,-0.005,0.002,,false
7056,  6Zet1Lyr,6,Zet,1,Lyr,173648,67321,11308,281.193333,37.605,4.36,,0.19,A4m,0.028,0.024,0.031,false
7057,  7Zet2Lyr,7,Zet,2,Lyr,173649,67324,11311,281.200833,37.594444,5.73,,0.28,F0IV,0.022,0.019,0.031,false
7058,,,,,,173650,86405,V535 Her,281.39875,21.985,6.51,,0.02,B9pSiCr:,0.015,0.012,,false
7059,  5    Aql,5,,,Aql,173654,142606,,281.61875,-0.961667,5.9,,0.13,A2Vm,0.013,-0.022,0.009,false
7060,,,,,,173664,31133,,280.870833,53.871944,6.11,R,0.12,A2IV,0.006,-0.008,,false
7061,110    Her,110,,,Her,173667,86406,11323,281.415417,20.546389,4.19,,0.46,F6V,-0.008,-0.335,0.052,false
7062,   Eta1CrA,,Eta,1,CrA,173715,229299,,282.210417,-43.68,5.49,,0.13,A3V,0.025,-0.019,,false
7063,   Bet Sct,,Bet,,Sct,173764,142618,,281.79375,-4.747778,4.22,,1.1,G4IIa,-0.004,-0.016,0.019,false
7064,,,,,,173780,86418,,281.51875,26.662222,4.83,,1.2,K3III,0.018,0.024,0.023,false
7065,,,,,,173791,229306,,282.364167,-45.810278,5.81,,0.9,G8III,0.076,0.051,,false
7066,,,,,,173819,142620,R Sct,281.870833,-5.705,5.2,,1.47,K0Ibp,-0.041,-0.028,0.001,false
7067,,,,,,173833,104087,,281.6725,18.705833,6.17,,1.59,K5,0.028,-0.022,,false
7068,   Eta2CrA,,Eta,2,CrA,173861,229307,,282.395833,-43.433889,5.61,,-0.08,B9IV,-0.003,-0.024,,false
7069,111    Her,111,,,Her,173880,104093,,281.755417,18.181389,4.36,,0.13,A5III,0.073,0.116,0.032,false
7070,,,,,,173902,210600,,282.321667,-34.748611,6.62,,1.08,K1IVCNIII,0.046,-0.101,,false
7071,,,,,,173920,31151,,281.230833,54.896667,6.23,,0.82,G5III,0.007,-0.019,,false
7072,,,,,,173928,161848,,282.18875,-18.601389,6.47,,,G5III:+A0V:,-0.007,-0.004,,false
7073,,,,,,173936,47779,,281.554167,41.441667,6.07,,-0.13,B6V,0.001,-0.001,,false
7074,   Lam Pav,,Lam,,Pav,173948,254393,Lam Pav,283.054167,-62.1875,4.22,,-0.14,B2II-IIIe,-0.006,-0.014,,false
7075,,,,,,173949,17995,,281.075833,61.048056,5.99,,0.96,G7IV,-0.005,0.018,0.006,false
7076,,,,,,173954,123928,,282.01125,4.241389,6.21,,1.51,K5,-0.002,0.014,,false
7077,,,,,,174115,161871,Var?,282.397917,-19.142222,6.75,,0.2,A1m,0.017,0.01,,false
7078, 29    Sgr,29,,,Sgr,174116,187324,11372,282.417083,-20.324722,5.24,,1.41,K4III,0.005,0.036,0.034,false
7079,,,,,,174160,86451,,282.068333,23.514167,6.15,,0.49,F8V,0.024,-0.03,,false
7080,,,,,,174177,47798,,281.745833,46.315,6.52,,0.07,A2IV,-0.002,-0.01,,false
7081,,,,,,174179,67396,,281.989583,31.756944,6.06,,-0.13,B3IVp,0.009,-0.002,,false
7082,,,,,,174205,9222,,280.7925,70.792778,6.44,R,,K2,-0.002,-0.004,,false
7083,,,,,,174208,142661,,282.420833,-5.912778,5.99,,1.6,K2Ib,0.005,-0.006,,false
7084,,,,,,174237,31165,CX Dra,281.679583,52.988056,5.88,,-0.09,B2.5Ve,0.01,-0.002,,false
7085,,,,,,174240,123947,,282.404583,0.835833,6.25,,0.04,A1V,-0.001,-0.024,,false
7086,,,,,,174262,104129,,282.2225,19.328611,5.88,,0.03,A1V,0.017,-0.021,,false
7087,   Kap Tel,,Kap,,Tel,174295,245772,,283.165,-52.1075,5.17,,0.94,G8-K0III,0.041,-0.103,0.014,false
7088, 30    Sgr,30,,,Sgr,174309,187342,,282.710417,-22.162222,6.61,,0.38,A7III,-0.019,-0.033,,false
7089,,,,,,174325,142674,S Sct,282.583333,-7.9075,6.8,,3.09,C5II,0.003,0.003,,false
7090,,,,,,174366,47815,,281.916667,49.075,6.4,R,,A1V,0.005,0.019,,false
7091,,,,,,174369,86462,,282.31,25.046389,6.59,R,,A1V,0.003,-0.014,,false
7092,,,,,,174387,229336,,283.112917,-46.595278,5.54,,1.63,M0III,0.019,-0.003,0.009,false
7093,,,,,,174430,245783,,283.300417,-51.931111,6.31,,-0.09,B4III,0.01,-0.006,,false
7094,,,,,,174464,142692,,282.74375,-9.774167,5.83,,0.61,F2Ib,0.002,-0.002,,false
7095,,,,,,174474,229342,,283.260417,-48.36,6.19,,0.14,A2V,-0.003,-0.046,,false
7096,,,,,,174481,47823,,282.067083,48.7675,6.12,,0.21,A7III,-0.019,0.05,,false
7097,,,,,,174500,229343,,283.248333,-46.585833,6.19,,0.03,A1IV-V,-0.028,0.023,,false
7098,,,,,,174567,67438,,282.433333,31.629167,6.64,,0.02,A0V s,-0.003,-0.012,,false
7099,,,,,,174569,104170,,282.69,10.976389,6.55,R,,K5III+K3III,0.023,0.009,0.005,false
7100,  8Nu 1Lyr,8,Nu,1,Lyr,174585,67441,11400,282.44125,32.812778,5.91,,-0.16,B3IV,0.006,-0.008,,false
7101,  8    Aql,8,,,Aql,174589,142706,,282.842083,-3.317778,6.1,,0.3,F2III,0.0,-0.02,,false
7102,  9Nu 2Lyr,9,Nu,2,Lyr,174602,67446,,282.470417,32.550833,5.25,,0.08,A3V,-0.009,-0.014,0.02,false
7103,,,,,,174630,187388,,283.11875,-26.650278,6.29,,0.94,G8/K0III,0.013,-0.046,,false
7104,,,,,,174631,187389,,283.154167,-29.379444,6.13,,1.35,K1III,-0.002,-0.04,,false
7105,,,,,,174632,210663,,283.17375,-30.734167,6.63,,-0.05,B8V,-0.002,-0.023,,false
7106, 10Bet Lyr,10,Bet,,Lyr,174638,67451,Bet Lyr,282.52,33.362778,3.45,,0.0,B8IIpe,0.003,-0.003,-0.002,false
7107,   Kap Pav,,Kap,,Pav,174694,254413,Kap Pav,284.2375,-67.233611,4.44,,0.71,F5I-II,-0.01,0.012,0.01,false
7108,,,,,,174730,229358,,283.634583,-49.878611,6.6,,0.08,A2V,-0.01,-0.012,,false
7109,,,,,,174853,104196,V822 Her,283.007917,13.965556,6.14,,0.0,B8Vnn,-0.011,-0.005,,false
7110,,,,,,174866,142741,,283.257917,-9.576111,6.34,,0.2,A7Vn,0.04,-0.002,,false
7111,,,,,,174877,254415,,284.227917,-62.801111,6.48,,1.53,K3III,0.0,0.032,,false
7112,,,,,,174881,86512,,282.899583,28.783611,6.18,,1.18,K1II-III,0.012,0.008,,false
7113,112    Her,112,,,Her,174933,86521,,283.068333,21.425278,5.48,,-0.07,B9II-IIIpHg,-0.006,-0.008,0.007,false
7114, 33    Sgr,33,,,Sgr,174947,187422,,283.500417,-21.359722,5.69,,1.23,K1Ib,0.008,-0.015,,false
7115,,,,,,174959,67485,,282.902083,36.538611,6.09,,-0.11,B6IV,-0.007,-0.022,,false
7116, 32Nu 1Sgr,32,Nu,1,Sgr,174974,187426,,283.5425,-22.745,4.83,,1.41,K2I+B9V:,0.01,-0.01,0.03,false
7117,,,,,,174980,9241,,281.444583,74.085556,5.27,,0.92,K0II-III,0.005,0.077,0.02,false
7118,,,,,,175132,47874,,283.029583,41.383333,6.28,,-0.09,B9IIIpSi,-0.016,-0.001,,false
7119,,,,,,175156,161964,,283.679583,-15.603056,5.1,,0.17,B5II,-0.008,-0.005,,false
7120, 35Nu 2Sgr,35,Nu,2,Sgr,175190,187445,,283.779583,-22.671389,4.99,,1.33,K3II-IIIBa0.8CN2,0.103,-0.026,0.042,false
7121, 34Sig Sgr,34,Sig,,Sgr,175191,187448,,283.81625,-26.296667,2.02,,-0.22,B2.5V,0.013,-0.054,,false
7122,,,,,,175219,229383,,284.070417,-42.710556,5.36,,1.0,K0III,-0.035,-0.026,0.01,false
7123,,,,,,175225,31217,,282.895833,52.975,5.51,,0.84,G9IVa,-0.046,0.271,0.037,false
7124, 50    Dra,50,,,Dra,175286,9250,,281.5925,75.433889,5.35,,0.05,A1Vn,-0.015,0.073,0.008,false
7125, 47Omi Dra,47,Omi,,Dra,175306,31218,Omi Dra,282.800417,59.388333,4.66,,1.19,G9IIIFe-0.5,0.079,0.027,0.006,false
7126,,,,,,175317,161984,,283.879167,-16.376667,5.79,,0.36,F4V,-0.025,-0.185,,false
7127,   Ome Pav,,Ome,,Pav,175329,254423,,284.651667,-60.200556,5.14,,1.37,K2IIICNIV,-0.126,0.031,0.019,false
7128,,,,,,175360,187468,,284.0025,-23.173611,5.93,,-0.02,B8,-0.002,-0.009,,false
7129,,,,,,175362,210734,V686 CrA,284.16875,-37.343333,5.38,,-0.14,B8IVSi,0.009,-0.026,,false
7130,,,,,,175401,254426,,285.014583,-66.653333,6.01,,0.97,K0III,0.003,-0.04,,false
7131, 11Del1Lyr,11,Del,1,Lyr,175426,67537,11504,283.431667,36.971667,5.58,,-0.15,B2.5V,0.004,-0.002,,false
7132,,,,,,175443,86558,,283.555,27.909444,5.62,,1.35,K4III,-0.016,-0.074,,false
7133,113    Her,113,,,Her,175492,86567,,283.687083,22.645,4.59,,0.78,G4III+A6V,0.0,0.001,0.013,false
7134,   Lam Tel,,Lam,,Tel,175510,245834,,284.615417,-52.938611,4.87,,-0.05,A0V,0.01,-0.011,,false
7135,,,,,,175515,124050,11536,283.864583,6.615278,5.57,,1.04,K0III,0.021,-0.087,0.011,false
7136,,,,,,175529,210754,,284.394583,-39.823333,6.31,,0.2,A3,0.037,0.029,,false
7137,,,,,,175535,31241,,283.306667,50.708333,4.92,,0.9,G7IIIaFe-1,0.005,-0.025,0.024,false
7138,,,,,,175576,47902,,283.559583,41.225556,7.3,R,,F5,0.034,0.017,,false
7139, 12Del2Lyr,12,Del,2,Lyr,175588,67559,Del2 Lyr,283.625833,36.898889,4.3,,1.68,M4II,-0.009,0.01,-0.001,false
7140,,,,,,175635,67566,,283.71875,33.968611,6.02,,0.91,G8III+A2,-0.008,0.003,,false
7141, 63The1Ser,63,The,1,Ser,175638,124068,11557,284.055,4.203611,4.62,,0.17,A5V,0.049,0.031,0.03,false
7142, 63The2Ser,63,The,2,Ser,175639,124070,,284.060833,4.201944,4.98,,0.2,A5Vn,0.049,0.026,0.03,false
7143,,,,,,175640,142825,,284.094583,-1.8,6.22,,-0.05,B9III,-0.005,-0.022,,false
7144,,,,,,175679,124073,,284.106667,2.471111,6.15,,0.97,G8III,0.007,-0.011,,false
7145, 36Xi 1Sgr,36,Xi,1,Sgr,175687,187498,,284.335417,-20.656389,5.08,,0.13,A0II,-0.001,-0.007,-0.006,false
7146,,,,,,175740,47909,,283.7175,41.602778,5.44,,1.03,K0III,0.002,-0.002,,false
7147,,,,,,175744,104271,V828 Her,284.01625,17.995,6.63,,-0.04,B9pSi,0.011,-0.018,,false
7148,,,,,,175743,104272,,284.025833,18.105278,5.69,,1.09,K1III,-0.041,-0.162,0.004,false
7149,   Eta Sct,,Eta,,Sct,175751,142838,,284.265417,-5.846111,4.83,,1.08,K2III,0.066,-0.036,0.039,false
7150, 37Xi 2Sgr,37,Xi,2,Sgr,175775,187504,,284.4325,-21.106667,3.51,,1.18,K1III,0.033,-0.012,0.011,false
7151,,,,,,175794,210773,,284.58875,-31.036111,6.12,,1.35,K3III,-0.045,-0.056,,false
7152,   Eps CrA,,Eps,,CrA,175813,210781,Eps CrA,284.680833,-37.1075,4.87,,0.41,F2V,-0.132,-0.105,0.032,false
7153,,,,,,175823,31252,,283.442917,57.486944,6.22,,1.23,gK5,0.018,-0.006,,false
7154,,,,,,175824,47913,,283.69625,48.859722,5.77,,0.43,F3III,-0.061,-0.118,0.017,false
7155,,,,,,175852,187517,,284.585417,-24.876667,6.62,,0.08,A0,0.007,0.003,,false
7156,,,,,,175855,210786,,284.79625,-39.534722,6.49,,-0.04,A0,0.009,-0.035,,false
7157, 13    Lyr,13,,,Lyr,175865,47919,R Lyr,283.83375,43.946111,4.04,,1.59,M5III,0.023,0.083,0.0,false
7158, 64    Ser,64,,,Ser,175869,124089,,284.319167,2.535278,5.57,,0.0,B9IIIep:Hg:,-0.005,-0.012,,false
7159,,,,,,175892,187519,,284.6025,-22.529444,6.14,,0.09,A2V,-0.022,0.017,,false
7160,,,,,,175938,9256,,281.40875,79.9425,6.39,,0.28,A8V,0.015,0.057,,false
7161,,,,,,175986,254446,,285.87375,-68.755278,5.88,,0.56,F8V,-0.015,-0.003,,false
7162,,,,,,176051,67612,,284.256667,32.901389,5.22,,0.59,F9V,0.172,-0.157,0.057,false
7163,,,,,,176095,124112,,284.599167,6.240278,6.21,,0.46,F5IV,-0.003,-0.104,,false
7164,,,,,,176123,162050,,284.861667,-18.566944,6.37,,0.99,G3II,0.003,-0.043,,false
7165,,,,,,176155,104296,FF Aql,284.56125,17.360833,5.38,,0.8,F8Ib,-0.003,-0.007,-0.007,false
7166,,,,,,176162,162052,Var,284.849167,-12.840556,5.53,,-0.04,B5IV,0.002,-0.018,0.006,false
7167, 10    Aql,10,,,Aql,176232,104303,V1286 Aql,284.695417,13.906667,5.89,,0.25,F0pSrEu,-0.002,-0.052,,false
7168,,,,,,176246,187562,,285.103333,-24.942222,6.36,,1.25,gK0,0.055,0.044,,false
7169,,,,,,176269,210815,,285.263333,-37.060833,6.69,,,B9V,0.011,-0.02,,false
7170,,,,,,176270,210816,,285.267917,-37.061944,6.4,,-0.03,B8V-IV,0.01,-0.04,,false
7171,,,,,,176301,104306,,284.687917,19.794167,6.5,,-0.04,B7III-IV,0.004,-0.004,,false
7172, 11    Aql,11,,,Aql,176303,104308,11618,284.77375,13.6225,5.23,,0.53,F8V,0.014,-0.123,0.039,false
7173,,,,,,176304,104313,,284.822917,10.140833,6.75,,0.25,B2Vp,0.025,-0.011,,false
7174,,,,,,176318,67642,,284.507917,38.266111,5.89,,-0.17,B7IV,0.001,0.0,,false
7175, 48    Dra,48,,,Dra,176408,31284,,284.1875,57.815,5.66,,1.15,K1III,-0.029,-0.062,0.018,false
7176, 13Eps Aql,13,Eps,,Aql,176411,104318,,284.905833,15.068333,4.02,,1.08,K1-IIICN0.5Ba0.2,-0.051,-0.073,0.028,false
7177,,,,,,176425,229446,,285.53625,-41.91,6.23,,0.0,A0V,0.048,0.002,,false
7178, 14Gam Lyr,14,Gam,,Lyr,176437,67663,11624,284.735833,32.689444,3.24,,-0.05,B9III,-0.002,0.002,0.021,false
7179,,,,,,176502,47965,,284.694167,40.679167,6.22,,-0.16,B3V,0.008,0.0,,false
7180, 52Ups Dra,52,Ups,,Dra,176524,9283,,283.599583,71.297222,4.82,,1.15,K0IIIBa0.2,0.049,0.044,0.014,false
7181,,,,,,176527,86673,,284.939583,26.230556,5.27,,1.24,K2III,0.088,-0.008,-0.002,false
7182,,,,,,176537,187584,,285.4075,-22.695556,6.24,,1.66,K5,0.004,0.0,,false
7183,,,,,,176541,86675,,284.992083,22.814722,6.29,,1.75,M3.5IIIab,-0.022,0.012,,false
7184,,,,,,176560,31292,,284.368333,58.225278,6.46,,0.08,A2IV,0.014,0.047,-0.008,false
7185,,,,,,176582,67675,,284.80125,39.217778,6.41,,-0.17,B5IV,0.002,0.012,,false
7186,,,,,,176593,162097,,285.389583,-15.2825,6.32,,1.0,gG6,0.0,0.003,,false
7187,,,,,,176598,18079,,284.106667,65.258056,5.63,,0.95,G8III,-0.028,-0.032,-0.002,false
7188,   Zet CrA,,Zet,,CrA,176638,229461,,285.77875,-42.095278,4.75,,-0.02,B9.5V,0.061,-0.049,0.031,false
7189, NOVA 1899,NO,VA,1,899,,,V1016 Sgr,,,,,,,,,,true
7190,,,,,,176664,245899,,285.989167,-51.018611,5.93,,1.24,K0-1III,0.028,-0.146,,false
7191,,,,,,176668,18082,,284.3225,62.396667,6.45,,0.93,G5IV+G8V,0.006,-0.039,,false
7192, 15Lam Lyr,15,Lam,,Lyr,176670,67682,11641,285.00375,32.145556,4.93,,1.47,K2.5IIIBa0.5,0.013,0.013,-0.003,false
7193, 12    Aql,12,,,Aql,176678,142931,11655,285.42,-5.738889,4.02,,1.09,K1III,-0.019,-0.033,0.021,false
7194, 38Zet Sgr,38,Zet,,Sgr,176687,187600,,285.652917,-29.880278,2.6,,0.08,A2III+A4IV,-0.015,-0.002,0.025,false
7195,,,,,,176704,187599,,285.615417,-24.846944,5.65,,1.23,K3III,-0.022,-0.175,,false
7196,,,,,,176707,31304,,284.748333,50.809444,6.3,,0.98,G8III,0.024,0.018,,false
7197,,,,,,176723,210859,,285.82375,-38.253333,5.74,,0.32,F0IIIn,0.013,0.009,,false
7198,,,,,,176776,104362,,285.272917,19.309722,6.39,R,,K1III,0.018,0.002,,false
7199,,,,,,176795,9286,,283.388333,75.7875,6.22,R,,A1V,0.013,0.024,-0.004,false
7200,,,,,,176819,86704,11659,285.344167,20.833611,6.69,,0.02,B2IV-V,0.007,0.017,,false
7201,,,,,,176844,47993,11652,285.079167,40.684167,6.65,R,,M4IIIa,0.002,-0.011,,false
7202,,,,,,176871,86707,,285.3225,26.291389,5.69,,-0.08,B5V,0.0,-0.011,0.009,false
7203,,,,,,176884,162130,,285.765833,-19.245278,6.05,,1.29,G6III,0.007,0.006,,false
7204,,,,,,176896,67699,,285.23,33.802222,6.01,,0.97,gK0,0.007,0.003,,false
7205,,,,,,176903,162133,,285.779167,-19.103333,6.37,,0.48,F5IV-V,0.007,-0.015,,false
7206,,,,,,176939,86714,,285.395417,25.025833,6.72,R,,K2,-0.001,0.0,,false
7207,,,,,,176971,86716,,285.45625,22.263889,6.4,R,0.16,A4V,0.021,-0.008,,false
7208,,,,,,176981,124184,,285.59,8.374167,6.3,,1.67,K2III,0.026,0.022,,false
7209, 14    Aql,14,,,Aql,176984,142959,,285.727083,-3.698889,5.42,,0.0,A1V,0.023,0.007,,false
7210,,,,,,177003,31311,,285.057083,50.533611,5.38,,-0.18,B2.5IV,0.009,0.005,,false
7211,,,,,,177074,210883,,286.104583,-31.046944,5.5,,0.03,A0IV,0.014,-0.016,,false
7212,,,,,,177109,67721,,285.45125,33.621389,6.39,,-0.12,B5IV,-0.003,0.003,,false
7213,   Rho Tel,,Rho,,Tel,177171,245921,,286.582917,-52.340833,5.16,,0.53,F7V,0.03,-0.118,0.022,false
7214,,,,,,177178,124203,,285.884167,1.818889,5.83,,0.18,A4V,0.006,-0.067,,false
7215, 16    Lyr,16,,,Lyr,177196,48011,11677,285.36,46.934722,5.01,,0.19,A7V,0.02,-0.084,0.036,false
7216,,,,,,177199,104405,,285.719167,19.661111,6.09,,1.34,K1III,0.004,-0.001,,false
7217, 39Omi Sgr,39,Omi,,Sgr,177241,187643,11703,286.170833,-21.741667,3.77,,1.01,G9IIIb,0.08,-0.06,0.044,false
7218, 49    Dra,49,,,Dra,177249,31323,,285.180833,55.658333,5.48,,0.86,G5.5IIbFe-0.5,-0.016,-0.006,,false
7219,,,,,,177332,124219,,286.044583,3.330556,6.73,,0.13,A5m,0.007,0.013,,false
7220,,,,,,177336,142985,V Aql,286.100833,-5.685,6.9,,4.19,C5II,0.02,-0.005,,false
7221,,,,,,177389,254475,,287.469583,-68.424722,5.33,,0.91,G8-K0III-IV,0.145,-0.052,0.03,false
7222,,,,,,177392,86753,LT Vul,285.927083,21.267778,6.52,,0.32,F2III,0.022,-0.021,,false
7223,,,,,,177406,229493,,286.731667,-48.299167,5.97,,-0.02,A0V,0.016,-0.016,,false
7224,,,,,,177410,18103,EE Dra,284.719167,69.531111,6.52,,-0.15,A0pSi,0.005,0.004,,false
7225, 15    Aql,15,,,Aql,177463,142996,,286.24,-4.031389,5.42,,1.12,K1III,0.02,-0.027,0.002,false
7226,   Gam CrA,,Gam,,CrA,177474,210928,,286.604583,-37.063333,4.93,,0.52,F8V,0.096,-0.274,0.054,false
7227,   Gam CrA,,Gam,,CrA,177475,210928,,286.604583,-37.063333,4.99,,0.52,F8V,0.096,-0.274,0.054,false
7228,   Sig Oct,,Sig,,Oct,177482,258857,Sig Oct,317.1925,-88.956389,5.47,,0.27,F0III,0.023,0.005,,false
7229,,,,,,177483,31337,,285.529167,52.261111,6.31,,1.0,G8III,-0.007,-0.026,0.005,false
7230,,,,,,177517,162177,Var?,286.421667,-15.660278,5.97,,-0.02,B9V,0.003,-0.007,,false
7231,,,,,,177552,143003,,286.3275,-1.512778,6.53,,0.35,F1V,-0.003,-0.007,,false
7232,,,,,,177565,210937,,286.71875,-37.810278,6.16,,0.72,G5IV,-0.184,-0.352,0.063,false
7233,,,,,,177693,245937,,287.217083,-55.720278,6.49,,1.1,K1III,0.031,-0.11,,false
7234, 40Tau Sgr,40,Tau,,Sgr,177716,187683,,286.735,-27.670556,3.32,,1.19,K1+IIIb,-0.053,-0.251,0.044,false
7235, 17Zet Aql,17,Zet,,Aql,177724,104461,11724,286.3525,13.863333,2.99,,0.01,A0Vn,-0.005,-0.096,0.045,false
7236, 16Lam Aql,16,Lam,,Aql,177756,143021,,286.562083,-4.8825,3.44,,-0.09,B9Vn,-0.017,-0.09,0.032,false
7237,,,,,,177808,67782,,286.24125,31.744444,5.56,,1.54,M0III,0.076,-0.067,0.018,false
7238,,,,,,177809,67781,,286.242917,30.733333,6.06,,1.55,M2.5IIIab,0.03,-0.022,,false
7239,,,,,,177817,162201,,286.717917,-16.228889,6.03,,-0.04,B8IV,0.021,0.004,,false
7240,,,,,,177846,187701,,286.87875,-28.636944,6.04,,1.61,K3III,0.008,-0.01,,false
7241,,,,,,177863,162204,11743,286.785417,-18.737778,6.29,,-0.04,B8III,0.019,-0.004,,false
7242,   Del CrA,,Del,,CrA,177873,229513,,287.087083,-40.496667,4.59,,1.09,K1III,0.037,-0.026,0.016,false
7243,,,,,,177940,124266,R Aql,286.5925,8.23,6.09,,1.6,M7IIIe,0.006,-0.071,,false
7244,,,,,,178003,86796,,286.44625,29.921667,6.31,,1.65,M0III,-0.005,-0.009,,false
7245,,,,,,178065,124282,,286.787917,0.641667,6.56,,0.05,B9III,0.003,0.009,,false
7246,,,,,,178075,187718,,287.060833,-24.656944,6.3,,0.04,B9III,0.018,0.005,,false
7247,,,,,,178089,9296,,284.488333,77.050833,6.54,,0.38,F2V,-0.039,-0.064,,false
7248, 18    Aql,18,,,Aql,178125,104488,Y Aql,286.744167,11.071389,5.09,,-0.07,B8III,0.005,-0.026,0.016,false
7249,,,,,,178175,162229,V4024 Sgr,287.069583,-19.29,5.54,,-0.11,B2Ve,0.006,0.008,,false
7250,,,,,,178187,86817,,286.66,24.250833,5.77,,0.09,A4III,0.055,0.015,,false
7251, 51    Dra,51,,,Dra,178207,31371,,286.23,53.396667,5.38,,-0.01,A0Vn,-0.003,0.025,0.023,false
7252,,,,,,178208,48071,,286.29125,49.923333,6.43,R,,K3III,-0.004,0.014,,false
7253,,,,,,178233,86819,,286.657083,28.628611,5.55,,0.29,F0III,0.076,0.085,0.025,false
7254,   Alp CrA,,Alp,,CrA,178253,210990,,287.367917,-37.904444,4.11,,0.04,A2V,0.084,-0.098,0.036,false
7255,,,,,,178254,210994,,287.415417,-39.828056,6.46,,1.06,K0III,-0.001,-0.049,,false
7256,,,,,,178299,210996,,287.401667,-36.164722,6.56,,-0.02,A0IV,-0.008,-0.013,,false
7257,,,,,,178322,229531,,287.490833,-41.8925,5.88,,-0.08,B6V+F1IV,0.01,-0.02,,false
7258,,,,,,178329,48084,,286.570833,41.413889,6.49,,-0.15,B3V,0.003,-0.002,,false
7259,   Bet CrA,,Bet,,CrA,178345,211005,,287.507083,-39.340833,4.11,,1.2,K0II,0.003,-0.038,0.016,false
7260,,,,,,178428,104511,Var?,286.98875,16.853333,6.07,,0.7,G5V,0.06,-0.306,0.059,false
7261, 17    Lyr,17,,,Lyr,178449,67835,,286.856667,32.501667,5.23,,0.34,F0V,0.13,0.023,0.017,false
7262, 18Iot Lyr,18,Iot,,Lyr,178475,67834,,286.825417,36.100278,5.28,,-0.11,B6IV,0.001,-0.004,,false
7263,,,,,,178476,86843,,287.015,21.698889,6.23,,0.4,F3V,0.051,0.074,0.008,false
7264, 41Pi  Sgr,41,Pi,,Sgr,178524,187756,11769,287.440833,-21.023611,2.89,,0.35,F2II,0.0,-0.035,0.026,false
7265,,,,,,178555,162260,,287.450417,-19.803611,6.13,,1.16,K1III,0.02,-0.079,0.004,false
7266, 19    Aql,19,,,Aql,178596,124318,,287.249583,6.073333,5.22,,0.35,F0III-IV,-0.006,-0.076,0.032,false
7267,,,,,,178619,104524,,287.1675,16.851389,6.48,,0.52,F5IV-V,-0.036,-0.104,0.018,false
7268,,,,,,178628,211017,,287.7575,-39.005,6.36,,0.01,B7IIIMn,-0.011,-0.018,,false
7269,,,,,,178744,143087,,287.465,-0.428056,6.34,,-0.04,B5Vn,0.006,-0.006,,false
7270,,,,,,178840,187786,,287.82875,-29.502222,6.3,,-0.04,B9,0.033,-0.018,,false
7271,,,,,,178845,245976,,288.192083,-50.486389,6.13,,0.95,G8III,0.04,-0.044,,false
7272,,,,,,178911,67879,,287.268333,34.600556,6.74,,0.63,G1V,0.053,0.195,0.025,false
7273,,,,,,178937,211037,,288.040833,-37.582778,6.57,,1.02,G2III,0.01,0.008,,false
7274,   Tau Pav,,Tau,,Pav,179009,254508,,289.11875,-69.190556,6.27,,0.17,A6IV-V,0.0,-0.024,,false
7275,,,,,,179094,31413,V1762 Cyg,287.1075,52.425556,5.81,,1.09,K1IV,-0.099,-0.059,0.002,false
7276,,,,,,179201,187816,,288.116667,-21.658056,6.41,,1.13,gG8,0.027,-0.012,,false
7277,,,,,,179323,187835,,288.307083,-25.906667,5.8,,1.38,K1I,-0.002,-0.006,,false
7278,,,,,,179366,254515,,289.3,-66.661389,5.53,,0.18,A5V+A8V,-0.002,-0.021,,false
7279, 20    Aql,20,,,Aql,179406,143134,11808,288.169583,-7.939444,5.34,,0.13,B3V,0.016,-0.006,,false
7280,,,,,,179422,86912,,287.87875,26.735833,6.36,,0.41,F5V,0.023,-0.036,,false
7281,,,,,,179433,229573,,288.665417,-45.193333,5.92,,0.9,G8III,0.059,-0.036,0.022,false
7282,,,,,,179497,162326,11815,288.314583,-12.2825,5.51,,1.44,gK4,0.012,-0.027,,false
7283, 19    Lyr,19,,,Lyr,179527,67946,V471 Lyr,287.941667,31.283333,5.98,,-0.07,B9pSi,-0.002,-0.003,,false
7284,,,,,,179583,48168,,287.84625,40.429167,6.18,,0.09,A3V,0.0,-0.023,,false
7285,,,,,,179588,104602,,288.143333,16.846389,6.73,,-0.01,B9IV,-0.006,-0.015,0.007,false
7286,,,,,,179648,86930,,288.152917,21.554444,5.93,R,0.03,A2Vn,0.005,-0.002,,false
7287, 21    Aql,21,,,Aql,179761,124408,V1288 Aql,288.427917,2.293611,5.15,,-0.07,B8II-III,0.009,-0.003,0.009,false
7288,,,,,,179791,124410,11827,288.43375,5.515833,6.49,,0.09,A2Vp,0.016,-0.006,,false
7289,,,,,,179886,229584,,289.090417,-45.466389,5.4,,1.35,K3III,-0.003,0.002,0.01,false
7290, 55    Dra,55,,,Dra,179933,18187,,287.440833,65.978611,6.25,,0.0,A0V,0.001,0.03,,false
7291,,,,,,179949,187883,,288.888333,-24.179167,6.25,,0.54,F9V,0.116,-0.095,0.023,false
7292, 42Psi Sgr,42,Psi,,Sgr,179950,187882,,288.885,-25.256667,4.85,,0.56,G8:III+A8V,0.045,-0.025,0.005,false
7293,,,,,,179957,48192,,288.019167,49.854167,6.75,,0.65,G4V,-0.19,0.637,0.044,false
7294,,,,,,179958,48193,,288.020833,49.856111,6.57,,0.65,G4V,-0.21,0.635,0.044,false
7295, 53    Dra,53,,,Dra,180006,31468,11819,287.91875,56.859167,5.12,,1.01,G8III,0.039,0.048,0.012,false
7296,,,,,,180093,211117,RY Sgr,289.136667,-33.521667,6.25,,0.02,"G0Ipe(C1,0)",0.012,0.024,,false
7297,,,,,,180134,246017,,289.539167,-53.386667,6.38,,0.49,F7V,-0.013,-0.065,,false
7298, 20Eta Lyr,20,Eta,,Lyr,180163,68010,11839,288.439583,39.146111,4.39,,-0.15,B2.5IV,0.004,0.002,0.002,false
7299,,,,,,180242,86981,,288.760833,20.203333,6.0,,0.88,G8III,-0.012,0.0,,false
7300,,,,,,180262,104655,,288.83375,15.083611,5.57,,1.07,G8II-III,0.002,-0.011,,false
7301,  1    Sge,1,,,Sge,180317,86987,,288.8225,21.232222,5.64,,0.11,A4V,0.039,0.012,,false
7302,,,,,,180450,68040,,288.853333,30.526389,5.85,,1.67,M0III,0.029,-0.023,,false
7303, 22    Aql,22,,,Aql,180482,124455,,289.129167,4.834722,5.59,,0.08,A3IV,0.015,-0.016,0.016,false
7304, 43    Sgr,43,,,Sgr,180540,162413,,289.40875,-18.953056,4.96,,1.02,G8II-III,-0.012,-0.014,0.006,false
7305,,,,,,180553,87005,,288.9875,27.455556,6.54,,-0.06,B8V,0.007,-0.018,0.002,false
7306,  1    Vul,1,,,Vul,180554,87010,11866,289.054167,21.390278,4.77,,-0.05,B4IV,0.0,-0.009,0.017,false
7307,,,,,,180555,104668,,289.111667,14.544722,5.63,,-0.02,B9.5V,0.01,0.009,0.021,false
7308,,,,,,180583,87008,V473 Lyr,288.9975,27.926944,6.16,,0.61,F6Ib-II,0.001,0.022,,false
7309, 54    Dra,54,,,Dra,180610,31497,,288.48,57.705,4.99,,1.16,K2III,-0.01,-0.07,0.025,false
7310, 57Del Dra,57,Del,,Dra,180711,18222,,288.13875,67.661667,3.07,,1.0,G9III,0.094,0.093,0.032,false
7311,,,,,,180756,48247,,288.830417,50.070833,6.27,R,,G8III,0.005,-0.003,,false
7312, 59    Dra,59,,,Dra,180777,9341,11824,287.290833,76.560556,5.13,,0.31,A9V,0.047,-0.123,0.049,false
7313,,,,,,180782,124478,,289.450833,2.031667,6.19,,0.02,A1Vn,-0.004,-0.03,,false
7314, 21The Lyr,21,The,,Lyr,180809,68065,11873,289.092083,38.133611,4.36,,1.26,K0+II,-0.001,0.004,0.013,false
7315, 25Ome1Aql,25,Ome,1,Aql,180868,104691,,289.454167,11.595278,5.28,,0.2,F0IV,0.003,0.013,0.014,false
7316,,,,,,180885,211175,,289.916667,-35.421389,5.59,,-0.13,B3V,0.007,-0.013,,false
7317,,,,,,180928,162462,,289.750417,-15.536389,6.06,,1.43,K3III,-0.091,-0.267,0.041,false
7318,  2    Vul,2,,,Vul,180968,87036,ES Vul,289.431667,23.025556,5.43,,0.02,B0.5IV,0.001,-0.005,0.007,false
7319, 23    Aql,23,,,Aql,180972,124487,11889,289.635417,1.085278,5.1,,1.15,K2II-III,0.01,0.019,0.003,false
7320,,,,,,181019,254551,,291.0225,-68.371111,6.34,,1.23,K2III,-0.026,-0.003,,false
7321, 24    Aql,24,,,Aql,181053,124492,,289.712083,0.339167,6.41,,1.05,K0-IIIa:Ba0.4CH1,0.012,0.012,0.01,false
7322,,,,,,181096,48278,,289.214167,46.999167,6.0,,0.44,F6IV:,-0.008,0.295,0.018,false
7323,,,,,,181109,211191,,290.109167,-31.817778,6.58,,1.67,M0III,-0.004,0.004,,false
7324,,,,,,181119,68095,,289.503333,31.022222,6.68,,0.08,A3V,-0.004,0.02,,false
7325,,,,,,181122,124497,,289.719583,9.618056,6.32,,1.05,G9III,0.003,-0.039,,false
7326,,,,,,181182,104711,U Sge,289.702083,19.610556,6.58,,0.03,B8III+K:,0.022,0.002,,false
7327,,,,,,181240,187992,,290.15875,-22.4025,5.58,,0.27,F0III:,-0.015,0.035,,false
7328,  1Kap Cyg,1,Kap,,Cyg,181276,31537,11886,289.275833,53.368611,3.77,,0.96,G9III,0.059,0.125,0.024,false
7329,   Eta Tel,,Eta,,Tel,181296,246055,,290.712917,-54.423611,5.05,,0.02,A0Vn,0.015,-0.072,0.02,false
7330,,,,,,181321,211206,,290.374583,-34.983889,6.48,,0.63,G5V,0.106,-0.099,,false
7331, 28    Aql,28,,,Aql,181333,104722,V1208 Aql,289.91375,12.374722,5.53,,0.26,F0III,0.008,0.021,0.004,false
7332, 29Ome2Aql,29,Ome,2,Aql,181383,104728,,289.970833,11.535,6.02,,0.08,A2V,0.042,0.026,0.001,false
7333, 26    Aql,26,,,Aql,181391,143286,,290.137083,-5.415833,5.01,,0.92,G8III-IV,0.116,0.048,0.03,false
7334,,,,,,181401,229643,,290.54,-42.016111,6.34,,1.14,K1III,-0.05,-0.034,,false
7335,,,,,,181409,68125,,289.765833,33.388889,6.6,,-0.19,B2IVe,-0.01,-0.033,,false
7336, 27    Aql,27,,,Aql,181440,143292,,290.14875,-0.892222,5.49,,-0.04,B9III,0.006,0.006,0.008,false
7337,   Bet1Sgr,,Bet,1,Sgr,181454,229646,,290.659583,-44.458889,4.01,,-0.1,B9V,0.009,-0.02,,false
7338,,,,,,181470,68129,,289.755,37.445278,6.22,R,-0.03,A0III,0.014,0.017,,false
7339,,,,,,181558,162511,,290.404583,-19.234167,6.26,,-0.1,B5V,0.007,-0.001,,false
7340, 44Rho1Sgr,44,Rho,1,Sgr,181577,162512,Rho1 Sgr,290.418333,-17.847222,3.93,,0.22,F0IV-V,-0.024,0.024,0.042,false
7341,,,,,,181597,48315,,289.657083,49.569722,6.31,,1.12,K1III,0.01,0.054,0.003,false
7342, 46Ups Sgr,46,Ups,,Sgr,181615,162518,Ups Sgr,290.431667,-15.955,4.61,,0.1,B2Vpe+A2IaShell,0.002,-0.006,,false
7343,   Bet2Sgr,,Bet,2,Sgr,181623,229654,,290.805,-44.799722,4.29,,0.34,F2III,0.097,-0.054,0.03,false
7344, 45Rho2Sgr,45,Rho,2,Sgr,181645,162521,,290.462083,-18.308333,5.87,,1.06,gG9,0.102,-0.092,,false
7345,,,,,,181655,68144,,289.912083,37.330556,6.31,,0.68,G8V,-0.066,-0.187,0.038,false
7346,,,,,,181828,68164,,290.137917,35.186111,6.31,,-0.12,B9V,0.014,0.006,,false
7347,,,,,,181858,143321,,290.58625,-8.201111,6.31,,-0.1,B3IVp,-0.013,-0.024,,false
7348,   Alp Sgr,,Alp,,Sgr,181869,229659,,290.971667,-40.616111,3.97,,-0.1,B8V,0.03,-0.123,,false
7349,,,,,,181907,143324,,290.589583,-0.2525,5.83,,1.09,gG8,0.061,-0.025,,false
7350,,,,,,181925,229660,,291.089167,-43.723056,6.17,,1.6,M1-2III,0.024,-0.037,,false
7351,,,,,,181960,31574,,289.902083,54.376111,6.26,,0.03,A1V,0.018,-0.025,,false
7352, 60Tau Dra,60,Tau,,Dra,181984,9366,11898,288.8875,73.355556,4.45,,1.25,K2+IIIbCN1Fe1,-0.14,0.107,0.015,false
7353,,,,,,182038,143340,,290.769167,-7.400278,6.32,,1.45,K0,0.042,-0.007,,false
7354,,,,,,182101,124564,,290.701667,9.913056,6.35,,0.44,F6V,0.011,0.109,,false
7355,,,,,,182180,188079,,291.125417,-27.865556,6.04,,-0.13,B2Vn,0.004,-0.001,,false
7356,,,,,,182190,31587,,290.067083,57.645278,5.91,,1.58,M1IIIab,0.023,0.011,,false
7357,,,,,,182239,104779,,290.784167,14.921111,6.64,,0.27,F1V,-0.027,-0.009,,false
7358,  3    Vul,3,,,Vul,182255,87136,11966,290.712083,26.2625,5.18,,-0.12,B6III,-0.001,-0.01,,false
7359,,,,,,182272,68215,,290.639167,33.518056,6.06,,1.03,K0III,0.008,-0.033,,false
7360,,,,,,182286,188093,,291.267083,-29.309167,5.93,,1.26,K3III,0.002,-0.051,,false
7361,,,,,,182308,18287,,289.942083,64.390833,6.52,,-0.04,B9IVpHgMn,-0.002,0.01,,false
7362, 47Chi1Sgr,47,Chi,1,Sgr,182369,188101,,291.31875,-24.508611,5.03,,0.23,Am,0.056,-0.054,0.035,false
7363, 49Chi3Sgr,49,Chi,3,Sgr,182416,188105,11992,291.37375,-23.962222,5.43,,1.43,K4III,-0.014,-0.005,,false
7364,,,,,,182422,87148,,290.945417,20.264444,6.4,,0.01,B9.5V,-0.007,0.008,,false
7365,,,,,,182440,31604,,290.355833,57.766944,6.43,R,,K2,0.021,0.042,,false
7366,,,,,,182475,143373,,291.256667,-4.884167,6.52,,0.33,A9V,0.054,0.015,,false
7367,,,,,,182477,162595,,291.34,-13.896944,5.69,,1.43,K3III,0.057,0.066,,false
7368,,,,,,182488,68239,,290.891667,33.222222,6.37,,0.81,G8V,0.085,0.168,0.057,false
7369,  2    Sge,2,,,Sge,182490,104797,,291.092083,16.937778,6.25,,0.08,A2III-IV,-0.003,-0.011,,false
7370,,,,,,182509,246110,,291.950417,-54.325278,5.69,,1.4,K4III,-0.006,0.009,,false
7371, 58Pi  Dra,58,Pi,,Dra,182564,18299,,290.167083,65.714722,4.59,,0.02,A2III s,0.012,0.045,0.02,false
7372,  2    Cyg,2,,,Cyg,182568,87159,,291.031667,29.621389,4.97,,-0.1,B3IV,0.013,0.013,,false
7373, 31    Aql,31,,,Aql,182572,104807,11994,291.2425,11.944444,5.16,,0.77,G8IVHdel 1,0.722,0.643,0.059,false
7374,,,,,,182618,87165,,291.093333,28.087778,6.53,,-0.08,B5V,-0.021,0.003,,false
7375, 50    Sgr,50,,,Sgr,182629,188121,,291.58,-21.776667,5.59,,1.22,K3III,0.04,-0.005,,false
7376,,,,,,182635,68258,,291.025417,36.451944,6.36,R,,K1III,0.01,0.077,,false
7377, 30Del Aql,30,Del,,Aql,182640,124603,12004,291.374583,3.114722,3.36,,0.32,F3IV,0.257,0.082,0.072,false
7378,,,,,,182645,162609,,291.54625,-15.053056,5.72,,0.02,B8Vn,0.023,0.01,,false
7379,,,,,,182678,162615,,291.6025,-14.551111,6.7,,0.05,A1V,0.039,-0.006,,false
7380,,,,,,182681,188127,,291.735417,-29.743333,5.67,,0.0,B9V,0.018,-0.048,,false
7381,,,,,,182691,31623,,290.849167,50.271389,6.51,,-0.08,B9III,0.0,0.012,,false
7382,,,,,,182694,48401,,290.985417,43.388056,5.84,,0.92,G7III-IIIa,0.017,-0.025,,false
7383,,,,,,182709,254590,,292.795417,-68.433889,5.96,,1.64,K4-5III,0.013,-0.019,,false
7384,,,,,,182761,87186,,291.343333,20.271389,6.31,,-0.02,A0V,-0.007,-0.027,,false
7385,  4    Vul,4,,,Vul,182762,104818,,291.369167,19.798611,5.16,,0.98,K0III,0.095,-0.063,0.026,false
7386,,,,,,182807,87190,,291.3575,24.912778,6.19,,0.51,F7V,-0.175,-0.63,0.027,false
7387, 32Nu  Aql,32,Nu,,Aql,182835,124628,12021,291.629583,0.338611,4.66,,0.6,F2Ib,0.0,0.001,-0.008,false
7388,,,,,,182893,246125,,292.469167,-55.441389,6.13,,0.98,K0-1III,0.023,-0.057,,false
7389,,,,,,182900,104832,,291.600417,13.023889,5.74,,0.47,F6III,0.01,0.062,0.032,false
7390,  5    Vul,5,,,Vul,182919,104831,,291.555,20.097778,5.63,,-0.01,A0V,0.003,-0.035,,false
7391,,,,,,182955,104839,,291.619583,19.891389,5.81,,1.55,M0III,-0.001,-0.046,,false
7392,,,,,,183007,229712,,292.349583,-43.445833,5.71,,0.22,Am,0.096,-0.136,0.013,false
7393,   Mu  Tel,,Mu,,Tel,183028,246131,,292.64375,-55.11,6.3,,0.45,F5V,0.033,-0.015,,false
7394,   Lam UMi,,Lam,,UMi,183030,3020,,259.236667,89.037778,6.38,,1.57,M1III,-0.023,-0.004,,false
7395,  4    Cyg,4,,,Cyg,183056,68301,V1741 Cyg,291.537917,36.317778,5.15,,-0.12,B9pSi,0.005,0.014,-0.007,false
7396,,,,,,183144,104862,12049,291.89125,14.2825,6.32,,-0.06,B4III,0.009,-0.002,,false
7397,,,,,,183227,124661,,292.086667,2.930278,5.85,,0.01,B6III,0.004,-0.006,,false
7398,,,,,,183275,188192,,292.4675,-26.985556,5.52,,1.12,K3III,0.034,-0.041,0.045,false
7399,,,,,,183312,211315,,292.56125,-32.092222,6.6,,0.39,F3IV-V,0.083,-0.065,,false
7400, 35    Aql,35,,,Aql,183324,124675,,292.254167,1.950278,5.8,,0.08,A0IVp,-0.003,-0.033,,false
7401,,,,,,183339,31652,,291.444583,58.027222,6.6,,-0.15,B8IVHe wk,-0.004,0.008,,false
7402,,,,,,183344,143454,U Aql,292.339583,-7.043889,6.61,,1.1,F7-G1I-II,0.024,0.003,0.013,false
7403,,,,,,183362,68346,,291.902083,37.941111,6.34,,-0.14,B3Ve,0.022,-0.013,,false
7404,,,,,,183387,124681,,292.325,0.246111,6.25,,1.32,K2,0.007,-0.008,,false
7405,  6Alp Vul,6,Alp,,Vul,183439,87261,12069,292.17625,24.665,4.44,,1.5,M0III,-0.125,-0.106,0.014,false
7406,  8    Vul,8,,,Vul,183491,87267,,292.2375,24.768611,5.81,,1.03,K0III,0.0,0.014,0.004,false
7407,,,,,,183492,104896,,292.342083,14.595833,5.56,,1.05,K0III,0.045,-0.026,,false
7408,  7Iot1Cyg,7,Iot,1,Cyg,183534,31673,,291.857917,52.320556,5.75,,0.0,A1V,-0.014,-0.024,,false
7409,  7    Vul,7,,,Vul,183537,87269,Var,292.337083,20.279722,6.33,,-0.1,B5Vn,0.001,-0.02,,false
7410,,,,,,183545,188219,,292.725,-21.312222,6.13,,0.12,A2,0.012,-0.017,,false
7411,,,,,,183552,246151,,293.224167,-53.185833,5.75,,0.3,FmDel Del,0.029,-0.013,,false
7412,,,,,,183589,124698,12088,292.54375,2.904167,6.09,,1.82,K5Ib,-0.005,0.0,,false
7413,,,,,,183611,18343,,291.610417,62.557222,6.38,,1.39,K5III,0.034,0.043,,false
7414, 36    Aql,36,,,Aql,183630,143482,12093,292.665833,-2.788889,5.03,,1.75,M1III,0.023,-0.01,0.029,false
7415,,,,,,183656,124704,V923 Aql,292.637917,3.444444,6.05,,0.01,A0eShell,0.01,0.005,,false
7416,,,,,,183806,229741,PW Tel,293.34,-45.271944,5.61,,-0.04,ApCrEuSr,-0.012,-0.031,,false
7417,  6Bet1Cyg,6,Bet,1,Cyg,183912,87301,12105,292.680417,27.959722,3.08,,1.13,K3II+B9.5V,0.002,-0.002,0.017,false
7418,  6Bet2Cyg,6,Bet,2,Cyg,183914,87302,,292.68875,27.965278,5.11,,-0.1,B8Ve,-0.009,0.0,0.017,false
7419,,,,,,183986,68417,,292.695417,36.228611,6.25,,-0.04,B9.5III,0.006,-0.011,0.005,false
7420, 10Iot2Cyg,10,Iot,2,Cyg,184006,31702,,292.42625,51.729722,3.79,,0.14,A5Vn,0.02,0.13,0.005,false
7421,,,,,,184010,87314,,292.840833,26.617222,5.87,,0.93,K0III-IV,0.032,0.027,,false
7422,,,,,,184035,229746,V4089 Sgr,293.535417,-40.034722,5.89,,0.09,A3III,0.005,-0.005,,false
7423,,,,,,184102,9414,,290.4175,79.602778,6.05,,0.07,A3V,0.013,-0.034,,false
7424,   Iot Tel,,Iot,,Tel,184127,229751,,293.804167,-48.099167,4.9,,1.09,K0III,-0.009,-0.038,0.002,false
7425,,,,,,184146,3209,,288.7825,83.462778,6.53,,0.1,A3V,0.008,0.012,,false
7426,  8    Cyg,8,,,Cyg,184171,68447,,292.942917,34.453056,4.74,,-0.14,B3IV,0.001,-0.003,,false
7427,,,,,,184293,31737,,292.830417,50.306667,5.53,,1.25,gK1,-0.029,0.048,,false
7428,,,,,,184398,31741,V1817 Cyg,292.806667,55.731944,6.37,,1.16,K2II-IIIe+A0V,-0.002,-0.011,,false
7429, 38Mu  Aql,38,Mu,,Aql,184406,124799,12155,293.5225,7.378889,4.45,,1.17,K3-IIIbCN0.5,0.216,-0.157,0.045,false
7430, 37    Aql,37,,,Aql,184492,162792,,293.780417,-10.560278,5.12,,1.13,G9IIIa,0.009,0.003,0.007,false
7431, 51    Sgr,51,,,Sgr,184552,188326,12183,294.007083,-24.719167,5.65,,0.19,A7m,0.012,-0.023,0.018,false
7432,,,,,,184573,143564,,293.874167,-7.460278,6.34,,1.12,K0,0.03,-0.039,,false
7433,,,,,,184574,162797,,293.89,-12.252778,6.27,,1.09,K0,0.015,-0.006,,false
7434,,,,,,184585,246188,,294.607917,-57.983333,6.18,,0.97,K0III,0.026,-0.065,0.015,false
7435,,,,,,184586,254622,,294.967083,-66.685556,6.39,,0.02,A1V,0.032,-0.043,,false
7436,,,,,,184603,68499,,293.401667,38.762222,6.61,,0.03,A3Vn,0.005,0.028,,false
7437,  9    Vul,9,,,Vul,184606,104990,12173,293.645417,19.773333,5.0,,-0.09,B8IIIn,0.008,0.002,,false
7438,,,,,,184663,124823,,293.855,2.913333,6.38,,0.41,F6IV,0.019,0.045,,false
7439,,,,,,184705,162809,,294.10875,-18.852778,6.11,,0.27,F0III,0.031,-0.003,,false
7440, 52    Sgr,52,,,Sgr,184707,188337,12191,294.176667,-24.883611,4.6,,-0.07,B9,0.069,-0.021,0.002,false
7441,  9    Cyg,9,,,Cyg,184759,87385,,293.712083,29.463056,5.38,,0.55,F8III+A0V,0.015,0.024,0.021,false
7442,,,,,,184786,48589,V1743 Cyg,293.423333,49.2625,5.96,,1.64,M4.5IIIaS,0.005,-0.003,,false
7443,,,,,,184835,162816,,294.26375,-18.231111,5.64,,1.26,K3III,0.013,-0.009,0.01,false
7444,,,,,,184875,48601,,293.671667,42.412778,5.35,,0.05,A2V,-0.004,-0.022,0.001,false
7445,,,,,,184884,105032,,294.033333,11.15,6.68,,,A3V,-0.004,-0.01,,false
7446, 39Kap Aql,39,Kap,,Aql,184915,143600,12204,294.222917,-7.0275,4.95,,0.0,B0.5III,0.003,-0.004,,false
7447, 41Iot Aql,41,Iot,,Aql,184930,143597,12201,294.180417,-1.286389,4.36,,-0.08,B5III,0.004,-0.018,0.004,false
7448,,,,,,184936,18395,,293.292083,60.158611,6.29,,1.57,K4III,0.005,0.006,,false
7449,,,,,,184944,105036,,294.065833,14.391667,6.38,,1.04,K0II-III,0.034,-0.023,,false
7450,,,,,,184958,9447,,292.750833,70.989444,6.07,,1.41,K2,-0.016,0.037,,false
7451,,,,,,184960,31782,,293.5825,51.236667,5.73,,0.48,F7V,0.032,-0.19,0.037,false
7452,,,,,,184961,87426,12199,294.034583,22.585833,6.32,,-0.07,B9pSi:Cr:,0.001,-0.01,,false
7453,,,,,,184977,48606,,293.66625,48.164722,6.67,R,0.24,A9V,-0.015,-0.073,,false
7454,,,,,,184985,162827,,294.393333,-14.301667,5.47,,0.5,F5V,-0.105,-0.142,0.047,false
7455,,,,,,184996,254627,,295.40625,-65.854167,6.09,,1.55,M0III,0.027,-0.065,,false
7456,,,,,,185018,105045,,294.21875,11.273333,5.98,,0.88,G0Ib,0.018,0.005,,false
7457, 11    Cyg,11,,,Cyg,185037,68552,,293.95125,36.944444,6.05,,-0.11,B8Vne,0.008,-0.002,,false
7458,,,,,,185059,87447,U Vul,294.157083,20.332778,7.14,,1.32,F2-F8Iab,-0.003,-0.011,-0.013,false
7459,,,,,,185075,246204,,295.07625,-54.4175,6.26,,1.0,K0III,0.038,-0.009,,false
7460, 42    Aql,42,,,Aql,185124,143621,,294.447083,-4.6475,5.46,,0.43,F3IV,0.107,-0.051,0.027,false
7461,,,,,,185139,229800,QQ Tel,294.925,-45.278056,6.25,,0.28,F2IV,-0.001,0.02,,false
7462, 61Sig Dra,61,Sig,,Dra,185144,18396,12176,293.09,69.661111,4.68,,0.79,K0V,0.6,-1.738,0.177,false
7463,  4Eps Sge,4,Eps,,Sge,185194,105061,12213,294.3225,16.462778,5.66,,1.02,G8III,0.02,0.015,,false
7464,,,,,,185257,211451,V4090 Sgr,294.982083,-39.433333,6.61,,0.23,A2m,0.062,-0.061,,false
7465,,,,,,185264,31804,,293.982917,50.238611,6.52,,1.06,G9III,-0.005,0.038,,false
7466,,,,,,185268,87462,,294.289167,29.333611,6.43,,-0.09,B5V,-0.016,-0.001,,false
7467,,,,,,185330,68585,,294.235833,38.383889,6.5,,-0.15,B5II-III,0.0,0.0,,false
7468,,,,,,185351,48649,,294.157917,44.695,5.17,,0.93,G9IIIbFe-0.5,-0.101,-0.102,0.019,false
7469, 13The Cyg,13,The,,Cyg,185395,31815,,294.110417,50.221111,4.48,,0.38,F4V,-0.017,0.257,0.056,false
7470, 53    Sgr,53,,,Sgr,185404,188407,,294.955833,-23.427778,6.34,,0.03,B9.5V+A3IV,0.001,-0.032,,false
7471,,,,,,185423,124892,,294.704167,3.381667,6.35,,0.04,B3III,0.004,0.0,,false
7472,,,,,,185436,87489,,294.572917,20.782778,6.48,,1.08,K0III,-0.055,-0.048,,false
7473,,,,,,185467,188419,,295.029583,-23.428611,5.97,,1.04,gK1,0.026,0.002,,false
7474, 44Sig Aql,44,Sig,,Aql,185507,124903,Sig Aql,294.798333,5.397778,5.17,,0.03,B3V+B3V,0.001,-0.001,,false
7475,,,,,,185622,105104,,294.855833,16.571389,6.38,,2.07,K4Ib,0.011,0.003,,false
7476, 54    Sgr,54,,,Sgr,185644,162883,12275,295.180833,-16.293333,6.2,,1.13,K2III+F8V,0.071,-0.048,0.037,false
7477,,,,,,185657,48673,,294.48625,49.284444,6.47,,0.99,G6V,0.036,0.144,0.006,false
7478, 12Phi Cyg,12,Phi,,Cyg,185734,68637,,294.844167,30.153333,4.69,,0.97,G8III-IV,0.004,0.037,0.007,false
7479,  5Alp Sge,5,Alp,,Sge,185758,105120,,295.024167,18.013889,4.37,,0.78,G1II,0.014,-0.021,0.0,false
7480, 45    Aql,45,,,Aql,185762,143678,,295.180417,-0.621111,5.67,,0.11,A3IV,0.017,0.017,0.018,false
7481,,,,,,185837,68654,,294.9375,33.979167,6.1,,0.08,A3IV,0.007,0.017,,false
7482,,,,,,185859,87542,,295.117917,20.476667,6.5,,0.39,B0.5Iae,-0.002,-0.022,,false
7483, 14    Cyg,14,,,Cyg,185872,48691,,294.860417,42.818333,5.4,,-0.08,B9III,0.022,0.031,0.019,false
7484,,,,,,185912,31850,V1143 Cyg,294.671667,54.973889,5.82,,0.44,F6Va,0.035,0.164,0.036,false
7485,,,,,,185915,87551,,295.165417,23.7175,6.64,,0.01,B6IV,0.019,-0.02,,false
7486,,,,,,185936,105132,QS Aql,295.272917,13.815556,6.01,,-0.08,B5V,-0.002,-0.01,,false
7487,,,,,,185955,48697,,294.893333,45.958056,6.2,,0.9,G8-K0II-III,-0.005,0.046,,false
7488,  6Bet Sge,6,Bet,,Sge,185958,105133,,295.262083,17.476111,4.37,,1.05,G8IIIaCN0.5,0.01,-0.032,0.011,false
7489, 55    Sgr,55,,,Sgr,186005,162915,,295.629583,-16.123889,5.06,,0.33,F1III,0.068,-0.009,0.04,false
7490,,,,,,186021,87569,,295.312083,22.452778,6.36,,1.53,K0I,0.025,-0.004,,false
7491,,,,,,186042,211506,,295.906667,-37.538889,6.16,,0.01,B8,0.006,-0.019,,false
7492,,,,,,186121,48714,,295.171667,43.077778,6.16,,1.56,M2III,0.012,-0.006,,false
7493, 46    Aql,46,,,Aql,186122,105156,,295.553333,12.193333,6.34,,-0.03,B9IIIpHgMn,-0.002,-0.004,,false
7494,,,,,,186154,258844,,299.00625,-81.349722,6.39,,1.4,K3-4III,0.009,-0.001,,false
7495,,,,,,186155,48718,12300,295.209167,45.525,5.06,,0.4,F5II-III,0.086,0.127,0.021,false
7496,,,,,,186185,162931,,295.889583,-15.47,5.49,,0.46,F5IV,0.154,-0.18,0.045,false
7497, 47Chi Aql,47,Chi,,Aql,186203,105168,12325,295.641667,11.826667,5.27,,0.57,G0:III+A3V,-0.001,-0.007,0.006,false
7498,,,,,,186219,257736,,297.355417,-72.503333,5.41,,0.22,A4III,0.0,0.017,0.033,false
7499,,,,,,186307,48737,,295.489583,40.253889,6.23,,0.18,A6V,-0.025,0.026,0.006,false
7500,,,,,,186340,18461,,295.054167,60.507222,6.51,,0.22,A5V,-0.008,-0.005,0.026,false
7501,,,,,,186357,87612,V1276 Cyg,295.704583,29.331667,6.49,,0.33,F1III,0.061,0.047,,false
7502,,,,,,186377,68730,,295.685833,32.426667,5.94,,0.11,A5III,0.004,0.003,,false
7503, 16    Cyg,16,,,Cyg,186408,31898,,295.45375,50.525278,5.96,,0.64,G1.5Vb,-0.149,-0.153,0.039,false
7504,,,,,,186427,31899,,295.466667,50.5175,6.2,,0.66,G2.5V,-0.134,-0.162,0.039,false
7505,,,,,,186440,68744,,295.789583,30.678611,6.05,,0.0,A1V,-0.012,0.038,,false
7506, 10    Vul,10,,,Vul,186486,87633,,295.92875,25.771944,5.49,,0.93,G8III,0.012,0.019,0.023,false
7507,,,,,,186500,211541,,296.505,-31.908611,5.52,,0.02,B8V,0.005,-0.017,,false
7508,,,,,,186518,87640,PS Vul,295.982917,27.135556,6.28,,1.1,B7V+G1:III,-0.009,0.004,-0.008,false
7509,,,,,,186532,31906,V1351 Cyg,295.517083,55.463333,6.48,,1.61,M5IIIa,0.013,-0.039,,false
7510,   Nu  Tel,,Nu,,Tel,186543,246271,,297.005,-56.3625,5.35,,0.2,A7III-IV,0.088,-0.137,,false
7511, 48Psi Aql,48,Psi,,Aql,186547,105199,,296.142083,13.302778,6.26,,-0.03,B9III-IV,-0.007,-0.006,,false
7512,,,,,,186568,68764,,295.964167,34.1625,6.05,,-0.06,B8III,-0.002,0.003,,false
7513,,,,,,186584,254658,,297.472083,-66.812778,6.45,,1.48,K4III,-0.012,0.016,,false
7514,,,,,,186619,48771,,295.9375,41.773056,5.84,,1.57,M0IIIab,0.016,0.01,0.014,false
7515, 56    Sgr,56,,,Sgr,186648,162964,,296.590417,-19.761111,4.86,,0.93,K1III,-0.129,-0.089,0.025,false
7516,,,,,,186660,143776,,296.4675,-2.883333,6.48,,0.05,B3III,0.005,-0.002,,false
7517, 15    Cyg,15,,,Cyg,186675,68778,,296.069167,37.354444,4.89,,0.95,G7+III,0.075,0.035,0.021,false
7518,,,,,,186688,87659,SU   Cyg,296.202917,29.264722,6.82,,0.64,F2I,0.001,-0.002,-0.01,false
7519, 49Ups Aql,49,Ups,,Aql,186689,125032,,296.41625,7.613333,5.91,,0.18,A3IV,0.053,0.002,0.027,false
7520,,,,,,186702,68783,12372,296.159167,34.413889,6.57,R,,M1III,0.004,-0.009,,false
7521,,,,,,186756,246277,,297.229583,-52.888056,6.25,,1.13,K1III,0.009,-0.05,,false
7522,,,,,,186760,31923,,295.810833,58.016389,6.22,,0.56,G0V,0.137,-0.06,0.045,false
7523,,,,,,186776,48789,V973 Cyg,296.204167,40.716667,6.34,,1.64,M4-III,-0.064,-0.023,,false
7524,,,,,,186786,254669,NZ Pav,297.755417,-65.605,6.05,,0.3,F2III-IV,0.101,-0.155,,false
7525, 50Gam Aql,50,Gam,,Aql,186791,105223,,296.565,10.613333,2.72,,1.52,K3II,0.018,-0.002,0.016,false
7526,,,,,,186815,31933,,295.915,57.0425,6.27,,0.88,K2III,0.01,0.02,,false
7527,,,,,,186837,254666,,297.590417,-61.061389,6.21,,-0.14,B5V,-0.006,-0.001,,false
7528, 18Del Cyg,18,Del,,Cyg,186882,48796,12380/1,296.24375,45.130833,2.87,,-0.03,B9.5IV+F1V,0.053,0.047,0.03,false
7529,,,,,,186901,68805,,296.415,36.091111,6.43,,-0.03,B9.5VpSi,0.004,0.014,0.018,false
7530,,,,,,186927,68810,,296.464167,35.012778,6.09,,1.06,K0II-III+A2V,0.021,-0.004,,false
7531,,,,,,186957,246293,,297.686667,-59.193056,5.42,,0.08,A0IV,0.015,0.004,0.013,false
7532,,,,,,186984,162998,,297.0125,-13.703333,6.11,,0.2,A6m,0.026,-0.012,,false
7533,,,,,,186998,87706,,296.664583,25.133889,6.62,,0.27,A7IV,0.073,-0.004,,false
7534, 17    Cyg,17,,,Cyg,187013,68827,12398,296.606667,33.727778,4.99,,0.47,F7V,0.023,-0.446,0.049,false
7535,,,,,,187038,68835,,296.645833,32.888611,6.18,,1.13,K3III,-0.032,-0.003,0.016,false
7536,  7Del Sge,7,Del,,Sge,187076,105259,Del Sge,296.847083,18.534167,3.82,,1.41,M2II+A0V,0.007,0.008,0.001,false
7537,,,,,,187086,229887,12432,297.5575,-47.557222,5.94,,1.7,M1III,-0.017,-0.008,,false
7538,,,,,,187098,188603,,297.298333,-28.788889,6.05,,0.4,F2V,0.126,-0.096,,false
7539, NOVA 1670,NO,VA,1,670,,,CK Vul,,,,,,,,,,true
7540,,,,,,187193,87729,,296.9525,25.383889,5.95,,0.99,K0II-III,0.082,-0.026,,false
7541,,,,,,187195,163012,,297.259167,-10.870833,6.04,,1.24,K5III,0.036,-0.02,,false
7542,,,,,,187203,105278,,297.126667,10.694167,6.44,,0.96,F8Ib-II,-0.007,-0.001,,false
7543,,,,,,187235,68859,,296.865833,38.4075,5.77,,-0.06,B8Vn,0.015,-0.003,,false
7544, 52Pi  Aql,52,Pi,,Aql,187259,105282,12425,297.175417,11.815833,5.72,,,G2III:+A1V:,0.018,-0.004,0.003,false
7545,,,,,,187340,18508,,296.077083,69.336944,5.92,,0.05,A2III,0.016,-0.023,,false
7546,  8Zet Sge,8,Zet,,Sge,187362,105298,,297.244583,19.142222,5.0,,0.1,A3V,0.021,0.03,0.01,false
7547,,,,,,187372,48842,,296.861667,47.907778,6.12,,1.64,M2III,-0.026,-0.031,,false
7548,,,,,,187420,246311,,298.156667,-54.971111,5.74,,0.92,G8-K0III,0.008,-0.002,,false
7549,,,,,,187421,246312,,298.1625,-54.976667,6.5,,0.1,A2V,0.008,-0.003,,false
7550,,,,,,187458,68893,,297.182917,35.311389,6.53,,0.44,F4V,0.085,0.062,0.017,false
7551,,,,,,187459,68895,V1765 Cyg,297.210833,33.437222,6.44,,0.2,B0.5Ib,0.007,-0.002,,false
7552,,,,,,187474,229903,V3961 Sgr,297.960833,-39.874444,5.33,,-0.06,A0pCrSr:,0.023,-0.015,0.02,false
7553, 51    Aql,51,,,Aql,187532,163036,,297.695,-10.763611,5.39,,0.38,F0V,-0.03,0.033,,false
7554,,,,,,187567,125116,V1339 Aql,297.572917,7.9025,6.51,,-0.1,B2.5IVe,0.005,0.001,,false
7555,,,,,,187638,68909,,297.364583,38.71,6.11,,0.9,G5-8III,0.006,-0.01,,false
7556,,,,,,187640,87786,12454,297.4775,28.440556,6.38,,-0.06,B5V,-0.021,0.027,,false
7557, 53Alp Aql,53,Alp,,Aql,187642,125122,,297.695833,8.868333,0.77,,0.22,A7V,0.538,0.386,0.198,false
7558,,,,,,187653,254683,,298.668333,-61.170833,6.24,,0.16,A4V,-0.008,0.011,,false
7559,,,,,,187660,143853,,297.79625,-2.460833,6.13,,1.57,K5III,-0.007,-0.035,,false
7560, 54Omi Aql,54,Omi,,Aql,187691,105338,,297.756667,10.415556,5.11,,0.55,F8V,0.242,-0.139,0.048,false
7561, 57    Sgr,57,,,Sgr,187739,163060,,298.05,-19.045,5.92,,0.98,G5III,0.002,-0.058,0.021,false
7562,,,,,,187753,125139,,297.82375,9.630278,6.25,,0.1,A1m,-0.001,-0.012,,false
7563,,,,,,187764,18530,CN Dra,296.68625,68.438333,6.34,,0.28,F0III,0.005,0.011,,false
7564,   Chi Cyg,,Chi,,Cyg,187796,68943,Chi Cyg,297.64125,32.914167,4.23,,1.82,S6+/1e,-0.027,-0.04,0.012,false
7565, 12    Vul,12,,,Vul,187811,87813,Var,297.767083,22.61,4.95,,-0.14,B2.5Ve,0.028,-0.017,,false
7566, 19    Cyg,19,,,Cyg,187849,68947,V1509 Cyg,297.641667,38.7225,5.12,,1.69,M2IIIa,0.011,0.107,0.0,false
7567,,,,,,187879,48892,V380 Cyg,297.655417,40.599722,5.69,,-0.04,B1III+B3V,0.001,-0.004,,false
7568,,,,,,187880,68953,,297.695833,37.826389,6.06,,1.7,M4IIb,0.024,0.007,0.005,false
7569,,,,,,187923,105348,12490,298.014583,11.628889,6.13,,0.65,G0V,-0.335,-0.32,0.022,false
7570, 55Eta Aql,55,Eta,,Aql,187929,125159,Eta Aql,298.118333,1.005556,3.9,,0.89,F6Ib,0.011,-0.007,0.01,false
7571,,,,,,187949,163080,V505 Sgr,298.276667,-14.603056,6.48,,0.14,A0V+F8IV,-0.004,-0.042,,false
7572,,,,,,187961,105355,12496,298.065,10.351389,6.54,,-0.01,B7V,0.004,-0.015,,false
7573,,,,,,187982,87840,12498,298.006667,24.992222,5.57,,0.71,A1Ia,0.003,-0.005,0.006,false
7574,  9    Sge,9,,,Sge,188001,105360,12503,298.090833,18.671944,6.23,,0.01,O7.5Iaf,-0.002,-0.003,,false
7575,,,,,,188041,143883,V1291 Aql,298.327917,-3.114444,5.65,,0.2,A5p,0.024,0.015,0.003,false
7576, 20    Cyg,20,,,Cyg,188056,32042,12481,297.657083,52.988056,5.03,,1.28,K3IIICN1,-0.008,-0.068,0.014,false
7577,,,,,,188074,48907,Var?,297.830833,47.377222,6.2,,0.36,F2V,0.018,0.019,,false
7578,,,,,,188088,188692,Var?,298.57375,-23.941111,6.18,,1.02,K2V,-0.131,-0.414,0.075,false
7579,,,,,,188097,254693,,299.672083,-69.163889,5.75,,0.23,Am,0.063,-0.099,0.032,false
7580,,,,,,188107,125182,,298.344167,4.400556,6.53,,0.02,B9.5Vn,0.016,0.004,,false
7581,   Iot Sgr,,Iot,,Sgr,188114,229927,,298.815417,-41.868333,4.13,,1.08,K0II-III,0.017,0.056,0.035,false
7582, 63Eps Dra,63,Eps,,Dra,188119,9540,12465,297.043333,70.267778,3.83,,0.89,G7IIIbCN-2,0.082,0.037,0.016,false
7583,,,,,,188149,69004,,298.067917,36.432222,6.1,,1.43,K4III,0.002,0.0,,false
7584, 56    Aql,56,,,Aql,188154,143894,,298.534167,-8.574167,5.79,,1.64,gK5,0.005,-0.018,,false
7585,,,,,,188158,211653,,298.77125,-33.046389,6.46,,1.48,K2/3III,-0.012,-0.002,,false
7586,,,,,,188161,246348,,299.240417,-57.925556,6.53,,1.53,K4II,-0.009,-0.036,,false
7587,,,,,,188162,246349,,299.275833,-58.901389,5.26,,-0.01,B9.5IV,0.015,-0.021,0.022,false
7588,,,,,,188164,254696,,299.720833,-68.762222,6.39,,0.16,A0V+F5IV,0.034,-0.067,,false
7589,,,,,,188209,48917,Var,297.99625,47.0275,5.62,,-0.07,O9.5Ia,-0.003,0.0,0.009,false
7590,   Eps Pav,,Eps,,Pav,188228,257757,12598,300.147917,-72.910556,3.96,,-0.03,A0V,0.074,-0.132,0.016,false
7591,,,,,,188252,48920,12511,298.03,47.931944,5.91,,-0.18,B2III,-0.005,-0.007,,false
7592, 13    Vul,13,,,Vul,188260,87883,,298.365417,24.079722,4.58,,-0.06,B9.5III,0.027,0.038,0.009,false
7593, 57    Aql,57,,,Aql,188293,143898,,298.656667,-8.227222,5.71,,-0.08,B7Vn,0.01,-0.025,0.01,false
7594, 57    Aql,57,,,Aql,188294,143899,,298.65875,-8.237222,6.49,,-0.04,B8V,0.021,-0.027,0.01,false
7595, 59Xi  Aql,59,Xi,,Aql,188310,125210,,298.562083,8.461389,4.71,,1.05,G9+IIIb,0.101,-0.081,0.023,false
7596, 58    Aql,58,,,Aql,188350,125219,,298.686667,0.273611,5.61,,0.1,A0III,0.042,-0.012,,false
7597, 58Ome Sgr,58,Ome,,Sgr,188376,188722,,298.96,-26.299444,4.7,,0.75,G5V,0.207,0.083,0.062,false
7598,,,,,,188385,125221,,298.667917,7.140278,6.15,,0.03,A2V,0.034,-0.003,,false
7599,,,,,,188405,143911,,298.831667,-6.734167,6.51,,0.39,F2V,0.036,-0.046,0.01,false
7600,,,,,,188439,48940,V819 Cyg,298.255,47.8075,6.29,,-0.11,B0.5IIIn,-0.009,-0.009,,false
7601,,,,,,188485,87908,,298.629583,24.319444,5.52,,-0.02,A0III,0.026,0.0,0.015,false
7602, 60Bet Aql,60,Bet,,Aql,188512,125235,12557,298.828333,6.406667,3.71,,0.86,G8IV,0.048,-0.482,0.07,false
7603,   Mu 1Pav,,Mu,1,Pav,188584,254702,,300.095833,-66.949444,5.76,,1.04,K0III,-0.02,-0.197,0.037,false
7604, 59    Sgr,59,,,Sgr,188603,188742,,299.236667,-27.17,4.52,,1.46,K2.5IIb,0.008,-0.013,0.014,false
7605,,,,,,188642,211686,,299.422083,-38.058333,6.55,,0.39,F4V,0.089,-0.083,,false
7606,,,,,,188650,69072,,298.70125,36.996111,5.76,,0.75,G1Ib-IICH1Fe-1Ca-1,0.014,0.021,,false
7607,,,,,,188651,69079,,298.777083,30.195278,6.57,,-0.08,B6V+A5V,0.011,0.017,,false
7608, 23    Cyg,23,,,Cyg,188665,32085,,298.3225,57.523611,5.14,,-0.13,B5V,0.009,0.013,,false
7609, 10    Sge,10,,,Sge,188727,105436,S Sge,299.005417,16.634722,5.36,,0.67,G5Ib,0.004,-0.004,0.009,false
7610, 61Phi Aql,61,Phi,,Aql,188728,105438,,299.059583,11.423889,5.28,,-0.01,A1IV,0.034,0.009,0.023,false
7611,,,,,,188793,32093,,298.3975,59.708889,6.06,,0.02,A3V,0.043,0.061,,false
7612,   Mu 2Pav,,Mu,2,Pav,188887,254707,,300.468333,-66.944167,5.31,,1.22,K2IVCNII,0.03,-0.073,0.025,false
7613, 22    Cyg,22,,,Cyg,188892,69101,,298.965417,38.486667,4.94,,-0.08,B5IV,0.0,0.002,,false
7614, 61    Sgr,61,,,Sgr,188899,163141,,299.4875,-15.491389,5.02,,0.05,A3IV,0.017,-0.101,0.032,false
7615, 21Eta Cyg,21,Eta,,Cyg,188947,69116,12586,299.076667,35.083333,3.89,,1.02,K0III,-0.032,-0.027,0.015,false
7616,,,,,,188971,87963,,299.250833,20.998056,6.48,R,0.07,A2IV,-0.024,-0.023,,false
7617,,,,,,188981,211708,,299.735,-30.538056,6.28,,1.05,K1III,0.09,-0.053,,false
7618, 60    Sgr,60,,,Sgr,189005,188778,,299.738333,-26.195556,4.83,,0.9,G6IIIBa0.2,0.035,0.033,0.014,false
7619, 24Psi Cyg,24,Psi,,Cyg,189037,32114,,298.9075,52.438889,4.92,,0.12,A4Vn,-0.037,-0.03,0.005,false
7620,,,,,,189066,69129,,299.184167,36.250833,6.02,,-0.15,B5IV,0.004,0.005,,false
7621,,,,,,189080,229973,,300.105417,-49.351111,6.17,,1.06,K0III,-0.082,-0.006,,false
7622, 11    Sge,11,,,Sge,189090,105471,,299.439167,16.789167,5.53,,-0.05,B9III,0.012,0.016,-0.003,false
7623,   The1Sgr,,The,1,Sgr,189103,211716,,299.934167,-35.276389,4.37,,-0.15,B3IV,0.006,-0.026,,false
7624,   The2Sgr,,The,2,Sgr,189118,211717,,299.96375,-34.697778,5.3,,0.17,A4/5IV,0.1,-0.075,0.033,false
7625,,,,,,189124,246389,NU Pav,300.43625,-59.376111,5.13,,1.53,M6III,0.017,-0.033,0.005,false
7626,,,,,,189127,32116,,298.842083,58.250278,6.09,,1.02,G9III,0.021,-0.071,,false
7627,,,,,,189140,229977,,300.110417,-43.043333,6.14,,1.64,M0II-III,0.023,0.013,,false
7628,,,,,,189178,49011,,299.307917,40.368056,5.45,,-0.1,B5V,0.008,0.007,,false
7629,,,,,,189195,211719,,300.06625,-37.702222,5.95,,1.0,G8III,0.018,-0.02,,false
7630,,,,,,189198,229981,,300.20125,-45.113056,5.81,,0.28,A8III,0.0,0.002,0.017,false
7631,,,,,,189245,211724,12655,300.084583,-33.703889,5.66,,0.49,F7V,0.136,-0.306,0.049,false
7632,,,,,,189253,32130,,299.187917,50.9025,6.43,,-0.01,A1V,0.005,0.008,,false
7633,,,,,,189276,32122,,298.980833,58.846111,4.96,,1.59,K5II-III,-0.009,-0.019,0.004,false
7634,,,,,,189296,32128,,299.079167,56.686944,6.12,R,,A4Vn,0.022,0.016,,false
7635, 12Gam Sge,12,Gam,,Sge,189319,105500,12638,299.689167,19.492222,3.47,,1.57,M0-III,0.066,0.024,0.013,false
7636,,,,,,189322,125310,,299.844583,1.377778,6.17,,1.13,G8III,0.026,0.065,,false
7637,,,,,,189340,163168,,299.9475,-9.958333,5.88,,0.58,F8V,-0.269,-0.4,0.04,false
7638,,,,,,189377,49031,,299.484167,42.260833,6.43,R,,A3V,0.001,-0.003,0.003,false
7639,,,,,,189388,229993,,300.36,-40.814167,6.29,,0.11,A2-3V,-0.015,-0.038,,false
7640,,,,,,189395,69188,,299.658333,30.983611,5.49,,-0.06,B9Vn,0.041,0.003,0.036,false
7641, 14    Vul,14,,,Vul,189410,88016,,299.79375,23.101389,5.67,R,,F0,-0.071,0.006,0.019,false
7642,,,,,,189432,69193,,299.643333,38.105556,6.32,,-0.09,B5IV,0.009,-0.004,0.004,false
7643,,,,,,189561,188829,,300.349583,-22.737222,6.01,,0.97,G7V,0.01,-0.014,,false
7644,,,,,,189567,254721,,301.386667,-67.320833,6.07,,0.64,G3V,0.844,-0.672,0.054,false
7645, 13    Sge,13,,,Sge,189577,105522,VZ Sge,300.01375,17.516667,5.37,,1.67,M4IIIa,0.004,-0.011,,false
7646,,,,,,189684,49058,,299.835417,45.772222,5.92,,0.16,A5III,0.02,-0.021,,false
7647, 25    Cyg,25,,,Cyg,189687,69231,V1746 Cyg,299.98,37.042778,5.19,,-0.17,B3IVe,0.006,0.001,,false
7648,,,,,,189695,125355,,300.245417,8.558056,5.91,,1.52,K5III,0.008,-0.009,,false
7649, 63    Sgr,63,,,Sgr,189741,163195,,300.494167,-13.636944,5.71,,0.08,A3V,0.038,0.018,0.02,false
7650, 62    Sgr,62,,,Sgr,189763,188844,V3872 Sgr,300.664583,-27.709722,4.58,,1.65,M4III,0.036,0.017,0.028,false
7651,,,,,,189775,32170,,299.814167,52.055833,6.15,,-0.19,B5III,0.015,0.006,,false
7652,,,,,,189831,211767,,300.889583,-37.940833,4.77,,1.41,K5III,0.059,-0.092,0.02,false
7653, 15    Vul,15,,,Vul,189849,88071,NT Vul,300.275417,27.753611,4.64,,0.18,A4III,0.059,0.005,0.03,false
7654,,,,,,189900,18627,,299.619583,63.534167,5.96,R,0.09,A3V,-0.005,-0.026,,false
7655,,,,,,189942,69267,,300.31375,37.098889,6.2,,1.31,K0III,0.044,0.051,,false
7656,,,,,,189944,88088,,300.43625,24.800278,5.88,,-0.12,B4V,0.005,-0.003,,false
7657, 16    Vul,16,,,Vul,190004,88098,,300.505833,24.938056,5.22,,0.36,F2III,0.088,0.07,0.004,false
7658,,,,,,190009,188863,,300.934583,-22.595556,6.45,,0.5,F6V,-0.042,0.02,,false
7659,,,,,,190056,211782,12746,301.081667,-32.056389,4.99,,1.21,K1III,0.047,-0.015,0.007,false
7660, 26    Cyg,26,,,Cyg,190147,49098,,300.34,50.104722,5.05,,1.11,K1II-III,0.019,0.004,0.014,false
7661,,,,,,190172,144038,,301.005,-7.469722,6.72,,0.35,F4III,0.015,-0.048,,false
7662,,,,,,190211,105608,,300.818333,18.500556,5.96,,1.42,K3II-III+G8IV,0.015,-0.031,,false
7663,,,,,,190222,254731,,302.085417,-66.354722,6.45,,1.58,K5III,-0.01,-0.005,,false
7664,,,,,,190229,105615,,300.875,16.031389,5.67,,-0.1,B9pHgMn,0.003,-0.005,0.008,false
7665,   Del Pav,,Del,,Pav,190248,254733,12790,302.181667,-66.181944,3.56,,0.76,G6-8IV,1.207,-1.131,0.17,false
7666,,,,,,190252,9592,,299.674583,70.366944,6.33,,0.88,G8III,0.045,0.06,,false
7667, 62    Aql,62,,,Aql,190299,144045,,301.096667,-0.709444,5.68,,1.3,K4III,0.003,-0.118,0.004,false
7668,,,,,,190306,211798,,301.38375,-33.0,6.53,,-0.08,B8,0.018,-0.018,,false
7669, 63Tau Aql,63,Tau,,Aql,190327,125403,,301.034583,7.278056,5.52,,1.06,gK0,0.016,0.011,0.005,false
7670,,,,,,190360,88133,,300.905833,29.896667,5.71,,0.73,G6IV+M6V,0.683,-0.526,0.047,false
7671,,,,,,190390,163245,V1401 Aql,301.2725,-11.599444,6.34,,0.52,F1III,-0.001,-0.012,,false
7672, 15    Sge,15,,,Sge,190406,105635,12757,301.025833,17.07,5.8,,0.61,G1V,-0.395,-0.414,0.06,false
7673,   Xi  Tel,,Xi,,Tel,190421,246443,12783,301.846667,-52.880833,4.94,,1.62,M1IIab,-0.014,0.008,0.014,false
7674,,,,,,190422,246444,,301.89625,-55.016389,6.26,,0.53,F8V,0.016,0.023,,false
7675, 65    Sgr,65,,,Sgr,190454,163253,,301.36,-12.665278,6.55,,0.04,A1Vn,0.009,-0.049,,false
7676, 64    Dra,64,,,Dra,190544,18658,,300.36875,64.821111,5.27,,1.56,M1III-IIIb,0.007,-0.012,0.006,false
7677,,,,,,190590,88163,,301.244167,23.210278,6.45,R,,A5Vn,0.006,-0.002,,false
7678,,,,,,190603,69362,V1768 Cyg,301.150417,32.218611,5.64,,0.54,B1.5Ia,-0.011,-0.012,,false
7679, 16Eta Sge,16,Eta,,Sge,190608,105659,,301.289583,19.991111,5.1,,1.06,K2III,0.03,0.078,0.032,false
7680,,,,,,190658,105663,,301.360417,15.500278,6.34,,1.64,M2.5III,0.033,0.02,,false
7681,,,,,,190664,144062,,301.550833,-4.078333,6.47,,1.16,K0,0.045,-0.045,,false
7682, 65    Dra,65,,,Dra,190713,18669,,300.584583,64.634444,6.57,R,,gG7,0.046,0.01,,false
7683,,,,,,190771,69377,,301.290833,38.478333,6.19,,0.64,G5IV,0.259,0.109,0.041,false
7684,,,,,,190781,49152,,301.12,48.229722,6.16,,0.04,A2IV,0.011,0.004,,false
7685, 67Rho Dra,67,Rho,,Dra,190940,18676,,300.704583,67.873611,4.51,,1.32,K3III,0.016,0.046,0.017,false
7686, 69    Dra,69,,,Dra,190960,9606,,299.9025,76.481389,6.2,,1.61,M3III,-0.029,-0.055,,false
7687,,,,,,190964,32272,,301.277917,51.839444,6.14,,1.6,M1IIIa,0.029,0.034,,false
7688, 17    Vul,17,,,Vul,190993,88212,,301.7225,23.614444,5.07,,-0.18,B3V,0.015,0.003,,false
7689, 27    Cyg,27,,,Cyg,191026,69413,Var?,301.590833,35.9725,5.36,,0.85,K0IV,-0.224,-0.438,0.032,false
7690, 64    Aql,64,,,Aql,191067,144095,,302.0075,-0.678333,5.99,,1.02,K1IV,0.116,-0.07,,false
7691,,,,,,191095,246470,,302.78,-57.523889,6.37,,0.06,B7V+A3V,-0.002,-0.025,,false
7692,,,,,,191096,32276,,301.339583,56.341389,6.21,,0.43,F4V,-0.004,0.08,,false
7693,,,,,,191104,125478,,301.959583,9.399722,6.43,,0.46,F3V,0.047,0.022,0.015,false
7694,,,,,,191110,163290,,302.130417,-10.062778,6.18,,0.06,B9.5III,0.008,-0.042,,false
7695,,,,,,191174,18692,,301.185833,63.890556,6.26,,0.1,A2II-III,0.007,0.043,0.023,false
7696,,,,,,191178,105733,,302.027083,16.664167,6.42,,1.91,M3III,0.005,-0.002,,false
7697,,,,,,191195,32286,,301.5575,53.165833,5.85,,0.39,F5V,0.212,0.255,0.027,false
7698,,,,,,191220,258856,,306.226667,-83.310556,6.17,,0.2,Am,0.011,0.012,,false
7699,,,,,,191243,69457,,301.9225,34.423056,6.11,,0.16,B5Ib,0.002,0.0,,false
7700,,,,,,191263,105743,,302.159583,10.725833,6.31,,-0.12,B3V,0.004,0.001,,false
7701, 66    Dra,66,,,Dra,191277,18700,,301.386667,61.995556,5.39,,1.18,K3III,0.121,0.074,0.037,false
7702,,,,,,191329,32296,,301.797917,50.229167,6.54,,0.13,A3V,0.018,-0.02,,false
7703,,,,,,191408,211885,,302.799583,-36.101111,5.32,,0.87,K3V,0.458,-1.571,0.179,false
7704,,,,,,191372,18699,,301.222083,68.027222,6.28,,1.65,M3IIIa,-0.017,-0.012,,false
7705, 17The Sge,17,The,,Sge,191570,88276,,302.485833,20.915278,6.48,,0.38,F5IV,0.054,0.101,0.029,false
7706,,,,,,191584,230100,,303.099583,-42.780556,6.22,,1.23,K1III,-0.014,-0.118,,false
7707,,,,,,191603,254756,,303.612083,-63.415833,6.09,,0.31,F0IV,-0.037,0.037,,false
7708, 28    Cyg,28,,,Cyg,191610,69518,V1624 Cyg,302.356667,36.839722,4.93,,-0.13,B2.5Ve,0.005,0.014,,false
7709,,,,,,191639,144144,Var,302.792083,-8.842222,6.49,,-0.15,B1V,0.006,0.0,,false
7710, 65The Aql,65,The,,Aql,191692,144150,,302.82625,-0.821389,3.23,,-0.07,B9.5III,0.038,0.004,0.012,false
7711, 18    Vul,18,,,Vul,191747,88295,,302.639583,26.904167,5.52,,0.08,A3III,0.02,0.013,0.002,false
7712,  1Xi 1Cap,1,Xi,1,Cap,191753,163328,,302.99125,-12.3925,6.34,,1.21,K0III,-0.005,-0.017,,false
7713,,,,,,191814,88309,,302.764583,21.134722,6.22,,0.9,K0,0.017,0.034,,false
7714,,,,,,191829,246495,,303.579167,-52.445556,5.65,,1.5,K4III,0.022,-0.045,0.02,false
7715,  2Xi 2Cap,2,Xi,2,Cap,191862,163337,,303.107917,-12.6175,5.85,,0.48,F7V,0.197,-0.193,0.037,false
7716,,,,,,191877,88315,,302.837917,21.875556,6.26,,-0.02,B1Ibe,-0.001,0.007,,false
7717,,,,,,191984,125567,,303.146667,0.8675,6.27,,0.02,B9pCrEu:Sr:,0.01,-0.014,0.009,false
7718, 19    Vul,19,,,Vul,192004,88330,,302.95,26.808889,5.49,,1.41,K3II-III,0.007,-0.01,,false
7719, 20    Vul,20,,,Vul,192044,88339,12890,303.002917,26.478889,5.92,,-0.11,B7Ve,0.008,-0.011,,false
7720, 66    Aql,66,,,Aql,192107,144181,,303.307917,-1.009444,5.47,,1.43,K5III,0.022,-0.028,0.028,false
7721,,,,,,192276,49314,,303.015833,47.736944,6.92,,-0.12,B7V,0.016,0.004,,false
7722,,,,,,192310,189065,12933,303.8225,-27.032778,5.73,,0.88,K0V,1.244,-0.174,0.124,false
7723,,,,,,192342,88377,,303.419167,24.238889,6.56,,0.29,A1m,0.05,0.031,0.011,false
7724, 67Rho Aql,67,Rho,,Aql,192425,105878,,303.569167,15.1975,4.95,,0.08,A2V,0.057,0.057,0.023,false
7725,,,,,,192433,211940,,303.960833,-30.005278,6.3,,1.51,K4III,0.037,0.013,,false
7726,,,,,,192439,32354,,303.1325,51.463611,6.01,,1.14,K2.5III,-0.011,-0.014,,false
7727, 68    Dra,68,,,Dra,192455,18751,,302.895417,62.078611,5.75,,0.47,F5V,0.123,0.083,0.031,false
7728,,,,,,192472,211948,12949,304.09875,-36.454444,6.39,,1.54,M4III,0.009,-0.042,,false
7729,,,,,,192486,211950,,304.110417,-35.197778,6.53,,0.37,F2V,0.009,0.081,,false
7730, 30    Cyg,30,,,Cyg,192514,49332,12926,303.325,46.815833,4.83,,0.09,A5IIIn,0.012,-0.001,0.012,false
7731, 21    Vul,21,,,Vul,192518,88391,NU Vul,303.560417,28.694722,5.18,,0.18,A7IVn,0.014,-0.022,0.01,false
7732,,,,,,192531,254772,,304.7625,-63.231111,6.27,,1.04,K0III,-0.015,-0.084,,false
7733,,,,,,192535,49336,,303.428333,43.379167,6.14,,1.5,K4III,0.0,0.006,,false
7734,,,,,,192538,69653,Var?,303.520833,36.605278,6.45,,0.0,A0V,0.024,0.002,,false
7735, 31    Cyg,31,,,Cyg,192577,49337,V695 Cyg,303.407917,46.741389,3.79,,1.28,K2II+B3V,0.004,0.003,0.007,false
7736, 29    Cyg,29,,,Cyg,192640,69678,V1644 Cyg,303.633333,36.806389,4.97,,0.14,A2V,0.068,0.07,0.036,false
7737,,,,,,192659,49345,,303.59,42.103611,6.71,,-0.04,B9IV-V,0.005,-0.021,,false
7738,  3    Cap,3,,,Cap,192666,163402,,304.095,-12.336944,6.32,,0.01,B9pHg,0.012,-0.013,,false
7739,,,,,,192685,88410,QR Vul,303.81625,25.591944,4.78,,-0.18,B3Ve,0.008,-0.006,,false
7740, 33    Cyg,33,,,Cyg,192696,32378,12935,303.349583,56.567778,4.3,,0.11,A3IV-Vn,0.063,0.083,0.021,false
7741, 22    Vul,22,,,Vul,192713,88416,QS Vul,303.875833,23.508611,5.15,,1.04,G3Ib-II,0.0,-0.015,0.004,false
7742,,,,,,192781,18766,,303.365417,60.640556,5.79,,1.47,gK5,0.044,0.058,,false
7743,,,,,,192787,69701,,303.84875,33.729444,5.66,,0.91,K0III,-0.04,-0.106,,false
7744, 23    Vul,23,,,Vul,192806,88428,,303.942083,27.814167,4.52,,1.26,K3-IIIFe-1,-0.036,0.008,0.008,false
7745,,,,,,192827,230144,,304.733333,-47.710833,6.31,,1.67,M1III,0.012,-0.004,,false
7746, 18    Sge,18,,,Sge,192836,88433,,304.082083,21.598611,6.13,,1.04,K1III,0.001,-0.024,,false
7747,  5Alp1Cap,5,Alp,1,Cap,192876,163422,,304.412083,-12.508333,4.24,,1.07,G3Ib,0.023,0.001,0.006,false
7748,  4    Cap,4,,,Cap,192879,189114,,304.505833,-21.81,5.87,,1.0,K0III,0.035,-0.024,0.04,false
7749,,,,,,192886,230150,,304.824583,-47.580278,6.13,,0.46,F5V,0.2,-0.185,0.026,false
7750,  1Kap Cep,1,Kap,,Cep,192907,9665,,302.222083,77.711389,4.39,,-0.05,B9III,0.011,0.024,0.001,false
7751, 32    Cyg,32,,,Cyg,192909,49385,V1488 Cyg,303.867917,47.714444,3.98,,1.52,K3Ib+B3V,0.001,0.008,0.014,false
7752,,,,,,192934,69720,,304.014167,38.897778,6.27,,0.01,A1V,-0.001,-0.037,,false
7753, 24    Vul,24,,,Vul,192944,88451,,304.19625,24.671111,5.32,,0.95,G8III,0.016,-0.018,-0.003,false
7754,  6Alp2Cap,6,Alp,2,Cap,192947,163427,,304.51375,-12.544722,3.57,,0.94,G8IIIb,0.064,0.004,0.034,false
7755,,,,,,192983,32400,,303.930833,50.232778,6.31,R,,A2Vn,0.024,0.01,,false
7756,,,,,,192985,49395,,304.0025,45.579444,5.91,,0.38,F5V:,0.008,-0.052,,false
7757,,,,,,192987,69725,,304.1175,37.056389,6.48,,-0.09,B6III,0.013,0.001,,false
7758,,,,,,193002,246535,,305.134583,-55.050833,6.27,,1.59,M0-1III,0.009,-0.033,,false
7759,,,,,,193092,49410,12981,304.230417,40.365,5.24,,1.65,K3.5IIab-IIb,0.004,-0.003,0.004,false
7760,,,,,,193094,88473,,304.38125,29.148056,6.22,,1.01,G9III,-0.011,0.032,0.009,false
7761,  7Sig Cap,7,Sig,,Cap,193150,163445,,304.848333,-19.118611,5.28,,1.4,K3II,0.009,-0.009,0.025,false
7762,,,,,,193217,49425,,304.37125,42.721944,6.29,,1.64,K4II:,0.014,0.0,,false
7763, 34    Cyg,34,,,Cyg,193237,69773,P Cyg,304.446667,38.033056,4.81,,0.42,B2pe,-0.005,-0.004,0.004,false
7764,,,,,,193281,189164,,305.117083,-29.197222,6.3,,0.17,A4/7V,0.028,0.004,,false
7765,,,,,,193302,212025,,305.21625,-35.673611,6.46,,1.31,K3-4III,0.039,0.018,,false
7766,,,,,,193307,246546,,305.420833,-49.999444,6.27,,0.55,G0V,-0.357,-0.25,0.045,false
7767,,,,,,193322,49438,,304.529167,40.732222,5.84,,0.1,O9V,0.001,-0.003,0.007,false
7768,,,,,,193329,144296,,304.930417,-1.078611,6.06,,1.09,K0,0.042,0.033,,false
7769, 36    Cyg,36,,,Cyg,193369,69803,,304.619167,37.0,5.58,,0.06,A2V,0.037,0.025,,false
7770, 35    Cyg,35,,,Cyg,193370,69806,12994,304.662917,34.982778,5.17,,0.65,F5Ib,0.001,-0.003,0.007,false
7771,,,,,,193373,105961,,304.871667,13.216944,6.21,,1.63,M1III,-0.029,-0.012,,false
7772,,,,,,193429,144313,13013,305.10875,-6.361667,6.63,,1.55,K5,-0.081,-0.09,,false
7773,  8Nu  Cap,8,Nu,,Cap,193432,163468,,305.165833,-12.759167,4.76,,-0.05,B9.5V,0.019,-0.019,0.021,false
7774,,,,,,193472,105974,,305.000833,13.548056,5.95,,0.31,A5-F2m,0.012,-0.004,,false
7775,,,,,,193452,163471,,305.194167,-14.785,6.1,,-0.02,A0III,0.043,0.0,0.01,false
7776,  9Bet Cap,9,Bet,,Cap,193495,163481,,305.252917,-14.781389,3.08,,0.79,F8V+A0,0.042,0.002,0.01,false
7777,,,,,,193536,49462,V1773 Cyg,304.706667,46.322778,6.45,,-0.13,B2V,-0.005,0.01,,false
7778,,,,,,193556,105988,,305.085417,14.569167,6.13,,0.91,G8III,-0.001,0.004,,false
7779,   Kap1Sgr,,Kap,1,Sgr,193571,230177,,305.614583,-42.049722,5.59,,0.0,A0V,0.036,-0.09,0.035,false
7780,,,,,,193579,105991,,305.089167,17.793056,5.8,,1.49,gK5,0.02,-0.033,,false
7781,,,,,,193592,32455,,304.603333,55.397222,5.76,,0.11,A2V s,-0.006,-0.023,0.003,false
7782,,,,,,193621,69841,,304.95125,37.1325,6.57,,0.0,A0III,0.01,-0.011,,false
7783,,,,,,193664,18796,,304.380417,66.853889,5.93,,0.58,G3V,0.466,0.3,0.067,false
7784,,,,,,193702,69856,,305.063333,39.403333,6.23,,0.06,A1V,-0.002,-0.022,0.003,false
7785,,,,,,193721,258861,,308.322917,-80.965,5.77,,1.14,G6-8II,-0.004,-0.019,,false
7786,,,,,,193722,49482,V1584 Cyg,304.98375,46.8375,6.5,,-0.06,B8/9IIIpSi,0.001,0.01,,false
7787,   Kap2Sgr,,Kap,2,Sgr,193807,230184,,305.971667,-42.422778,5.64,,0.2,A5V,0.0,0.022,0.016,false
7788,,,,,,193896,144361,,305.753333,-9.654722,6.3,,0.91,G5IIIa,0.024,-0.018,,false
7789, 25    Vul,25,,,Vul,193911,88580,,305.514167,24.446111,5.54,,-0.06,B8IIIne,0.0,-0.007,-0.008,false
7790,   Alp Pav,,Alp,,Pav,193924,246574,13060,306.412083,-56.735,1.94,,-0.2,B2IV,0.007,-0.089,,false
7791,,,,,,193944,32491,,305.126667,53.596111,6.18,,1.56,K4III,-0.016,0.014,,false
7792, 71    Dra,71,,,Dra,193964,18807,DE Dra,304.902917,62.2575,5.72,,-0.05,B9V,0.01,0.026,,false
7793,,,,,,194012,106042,,305.717917,14.551389,6.17,,0.51,F8V,0.075,-0.001,0.034,false
7794,,,,,,194013,125747,,305.794583,5.343056,5.31,,0.97,G8III-IV,-0.026,-0.039,0.002,false
7795,,,,,,194069,49524,,305.5125,41.131389,6.39,,1.07,G5III+A,-0.004,-0.031,,false
7796, 37Gam Cyg,37,Gam,,Cyg,194093,49528,13048,305.557083,40.256667,2.2,,0.68,F8Ib,0.004,0.0,0.003,false
7797,,,,,,194097,69917,,305.655833,31.265,6.09,,1.35,K2,0.005,-0.027,,false
7798,,,,,,194152,49531,13050,305.5225,45.795,5.58,,1.08,K0III,0.028,0.044,,false
7799,,,,,,194184,230197,,306.449583,-40.796389,6.09,,1.36,K3III,-0.102,-0.093,,false
7800,,,,,,194193,49546,,305.68875,41.026111,5.93,,1.6,K7III,0.001,-0.047,,false
7801,,,,,,194215,189264,,306.361667,-28.663333,5.85,,1.1,G8II/III,0.014,0.007,0.038,false
7802,,,,,,194220,49550,13053,305.73125,42.983333,6.2,,0.95,K0III,0.053,0.036,0.014,false
7803,,,,,,194244,125769,13064,306.15625,1.068611,6.15,,-0.04,B9V,0.003,0.007,,false
7804,,,,,,194258,18817,AC Dra,305.025,68.880278,5.55,,1.59,M4.5-5III,0.017,0.025,,false
7805,,,,,,194298,18826,,305.2975,63.980278,5.69,,1.56,K5III,-0.004,0.023,,false
7806, 39    Cyg,39,,,Cyg,194317,69950,,305.965417,32.19,4.43,,1.33,K2.5IIIFe-0.5,0.049,-0.005,0.014,false
7807,,,,,,194335,69951,Var?,305.935,37.476389,5.9,,-0.2,B2Ven,0.004,-0.004,,false
7808,,,,,,194433,212126,,306.720833,-37.403056,6.25,,0.97,K2IV-V,-0.242,-0.116,0.042,false
7809,,,,,,194454,144412,,306.427083,-2.800278,6.11,,1.19,gK1,-0.007,-0.03,,false
7810,,,,,,194526,125797,13076,306.433333,10.056389,6.33,,1.56,K5III,0.002,-0.03,,false
7811,,,,,,194577,88664,Var,306.41875,21.409722,5.66,,0.93,G6III,0.01,-0.011,,false
7812,,,,,,194612,258864,,309.5775,-81.288889,5.91,,1.71,K5III,-0.005,-0.03,,false
7813,,,,,,194616,106100,,306.505,19.865,6.41,,1.02,K0III,0.029,0.002,,false
7814, 10Pi  Cap,10,Pi,,Cap,194636,163592,,306.83,-18.211667,5.25,,-0.07,B8II-III,0.015,-0.011,,false
7815,,,,,,194668,32534,,306.135,53.551944,6.51,,0.01,B9.5III,0.01,0.015,,false
7816,,,,,,194688,106101,,306.596667,17.315556,6.22,,1.01,K0,0.008,-0.006,,false
7817,,,,,,194783,212160,,307.194583,-35.595833,6.1,,-0.11,B8II/III,0.008,-0.021,,false
7818,,,,,,194882,32562,,306.27125,59.6,6.44,,0.09,A2IV s,0.01,-0.007,0.005,false
7819,,,,,,194918,163612,,307.181667,-15.741667,6.41,,0.99,K0III,0.01,-0.008,,false
7820,,,,,,194937,125841,,307.03125,8.4375,6.25,,1.08,G9III,0.043,0.017,,false
7821, 68    Aql,68,,,Aql,194939,144468,,307.10375,-3.357778,6.13,,-0.06,B9V,0.023,-0.015,,false
7822, 11Rho Cap,11,Rho,,Cap,194943,163614,,307.215,-17.813611,4.78,,0.38,F2IV,-0.014,-0.021,0.047,false
7823,,,,,,194951,70044,,306.782083,34.328889,6.39,,0.48,F1II,-0.006,-0.003,,false
7824,,,,,,194953,125843,,307.07,2.936944,6.21,,0.9,G8III,0.049,-0.002,,false
7825,,,,,,195006,189345,,307.380417,-22.391667,6.16,,1.55,M1III,0.011,-0.031,,false
7826, 40    Cyg,40,,,Cyg,195050,70056,,306.892917,38.440278,5.62,,0.06,A3V,-0.023,-0.07,0.021,false
7827,,,,,,195066,32590,,306.597917,56.638889,6.36,,0.0,B9V,0.014,0.01,,false
7828, 43    Cyg,43,,,Cyg,195068,49643,,306.759583,49.383333,5.69,,0.26,dF0,0.071,0.06,0.012,false
7829, 12Omi Cap,12,Omi,,Cap,195093,163625,,307.46875,-18.586667,6.74,,0.22,A7V,0.02,-0.089,,false
7830, 12Omi Cap,12,Omi,,Cap,195094,163626,,307.474583,-18.583333,5.94,,0.08,A3Vn,0.026,-0.082,,false
7831, 69    Aql,69,,,Aql,195135,144495,,307.4125,-2.885556,4.91,,1.15,K2III,0.073,-0.021,0.021,false
7832,,,,,,195206,189374,,307.736667,-29.1125,6.39,,0.21,A5V,0.015,0.003,,false
7833,,,,,,195217,106156,,307.337917,20.087778,6.55,,0.23,A3m,-0.025,-0.002,,false
7834, 41    Cyg,41,,,Cyg,195295,70095,13111,307.34875,30.368611,4.01,,0.4,F5II,0.007,0.0,0.014,false
7835, 42    Cyg,42,,,Cyg,195324,70096,,307.335,36.454722,5.88,,0.52,A1Ib,0.004,-0.001,,false
7836,  1    Del,1,,,Del,195325,106172,13114,307.575,10.895833,6.08,,-0.03,A1eShell,0.021,0.003,-0.0,false
7837,,,,,,195330,163645,,307.767917,-15.056389,6.12,,0.79,gG5+F,-0.041,-0.056,,false
7838,,,,,,195402,254820,,308.965417,-69.611111,6.11,,1.29,K2III,0.029,-0.061,,false
7839,,,,,,195479,88783,,307.742083,20.605833,6.18,,0.15,A1m,0.093,0.045,,false
7840,,,,,,195483,106196,,307.804167,11.260556,7.11,,0.03,B8V,0.0,-0.003,,false
7841,,,,,,195506,49704,,307.499583,45.928611,6.41,,1.13,K2III,0.071,0.154,0.007,false
7842,,,,,,195549,189416,,308.218333,-24.943889,6.36,,-0.01,A0,0.01,-0.041,,false
7843,,,,,,195554,32627,13115,307.362917,56.068056,5.91,,-0.04,B9Vne,0.002,0.005,,false
7844, 45Ome1Cyg,45,Ome,1,Cyg,195556,49712,,307.514583,48.951667,4.95,,-0.09,B2.5IV,0.013,0.008,,false
7845,,,,,,195564,163665,,308.09875,-9.853333,5.65,,0.69,G2.5IV,0.308,0.104,0.033,false
7846,   Nu  Mic,,Nu,,Mic,195569,230276,,308.479583,-44.516111,5.11,,1.01,K0III,0.011,-0.043,0.007,false
7847, 44    Cyg,44,,,Cyg,195593,70135,,307.746667,36.935833,6.19,,1.01,F5Iab,0.003,-0.004,,false
7848,   Phi1Pav,,Phi,1,Pav,195627,254823,,308.895,-60.581667,4.76,,0.28,F1III,0.068,-0.182,0.026,false
7849,,,,,,195692,88808,,307.9925,25.804444,6.34,,0.26,Am,0.032,-0.033,0.009,false
7850,  2The Cep,2,The,,Cep,195725,18897,,307.395417,62.994167,4.22,,0.2,A7III,0.044,-0.013,0.038,false
7851, 46Ome2Cyg,46,Ome,2,Cyg,195774,49741,13128,307.828333,49.220278,5.44,,1.55,M2IIIab,0.012,-0.028,,false
7852,  2Eps Del,2,Eps,,Del,195810,106230,13137,308.303333,11.303333,4.03,,-0.13,B6III,0.013,-0.022,0.025,false
7853,,,,,,195814,212246,,308.73125,-38.089722,6.44,,0.26,A8III:,0.018,-0.005,,false
7854,,,,,,195820,32649,,307.837917,52.309722,6.18,,1.01,K0III,0.036,0.068,,false
7855,,,,,,195838,163686,,308.54875,-13.721111,6.13,,0.54,F6V,0.069,0.07,,false
7856,,,,,,195843,212249,,308.6975,-30.473611,6.4,,-0.08,B8V,0.018,-0.02,,false
7857,,,,,,195922,125960,,308.473333,10.059722,6.56,,0.08,A2Vnn,-0.007,0.007,,false
7858,  3Eta Del,3,Eta,,Del,195943,106248,13147,308.4875,13.027222,5.38,,0.07,A3IV s,0.072,0.026,0.01,false
7859,   Rho Pav,,Rho,,Pav,195961,254835,Rho Pav,309.397083,-61.53,4.88,,0.43,F5Del Del,0.057,-0.072,0.003,false
7860,,,,,,195964,32667,,307.94375,56.78,6.14,,1.43,gK5,-0.018,-0.007,,false
7861,,,,,,195986,49772,,308.217917,43.191667,6.6,,-0.11,B4III,0.007,0.001,,false
7862,,,,,,196035,88846,,308.541667,20.985278,6.48,,-0.14,B3IV,0.015,-0.002,,false
7863,   Mu 1Oct,,Mu,1,Oct,196051,257838,,310.512083,-76.180556,6.0,,0.44,F4III-IV,0.18,-0.006,,false
7864,   Mu 2Oct,,Mu,2,Oct,196067,257836,,310.432083,-75.350556,6.55,,0.62,G5III,0.141,-0.15,,false
7865,,,,,,196078,163712,,308.884167,-16.525833,6.19,,0.2,A7V,0.083,-0.021,,false
7866, 47    Cyg,47,,,Cyg,196093,70203,,308.475833,35.250833,4.61,,1.6,K2Ib+B3V,0.002,-0.006,0.002,false
7867,,,,,,196134,49796,,308.451667,41.772222,6.49,,1.0,K0III-IV,-0.015,-0.081,,false
7868,,,,,,196142,9793,,307.502917,72.531667,6.27,,1.35,gK4,-0.003,-0.022,,false
7869,   Alp Ind,,Alp,,Ind,196171,230300,,309.391667,-47.291389,3.11,,1.0,K0IIICNIII-IV,0.053,0.066,0.046,false
7870,,,,,,196178,49804,,308.47875,46.693889,5.78,,-0.16,B9pSi,0.011,-0.001,,false
7871,  4Zet Del,4,Zet,,Del,196180,106274,13163,308.827083,14.674167,4.68,,0.11,A3V,0.046,0.013,0.015,false
7872,,,,,,196317,254844,,309.964167,-62.907778,6.22,,1.1,K1III,0.012,-0.078,,false
7873, 70    Aql,70,,,Aql,196321,144624,,309.181667,-2.55,4.89,,1.6,K5II,0.013,-0.011,0.016,false
7874, 26    Vul,26,,,Vul,196362,88884,,309.034583,25.8825,6.41,,0.21,A5III,0.019,0.011,,false
7875,   Phi2Pav,,Phi,2,Pav,196378,254846,,310.010833,-60.548889,5.12,,0.53,F8V,0.307,-0.57,0.048,false
7876,,,,,,196379,32709,,308.71,51.854167,6.11,,0.41,A9II,-0.003,-0.005,,false
7877,,,,,,196385,189503,,309.467083,-25.108889,6.36,,0.33,F0III,0.064,-0.001,,false
7878,,,,,,196426,144632,,309.32625,0.096944,6.22,,-0.08,B8IIIp,0.0,-0.018,,false
7879, 73    Dra,73,,,Dra,196502,9802,AF Dra,307.876667,74.954722,5.2,,0.07,A0pSrCrEu,0.005,-0.015,0.012,false
7880, 27    Vul,27,,,Vul,196504,88903,,309.269583,26.461944,5.59,,-0.07,B9V,0.017,-0.012,,false
7881,   Ups Pav,,Ups,,Pav,196519,254854,13208,310.487917,-66.760833,5.15,,-0.06,B9III,0.009,-0.025,,false
7882,  6Bet Del,6,Bet,,Del,196524,106316,,309.3875,14.595278,3.63,,0.44,F5IV,0.113,-0.033,0.028,false
7883,  5Iot Del,5,Iot,,Del,196544,106322,,309.454583,11.377778,5.43,,0.06,A2V,0.04,-0.007,0.024,false
7884, 71    Aql,71,,,Aql,196574,144649,13187,309.584583,-1.105278,4.32,,0.95,G7.5IIIa,0.015,-0.022,0.01,false
7885, 48    Cyg,48,,,Cyg,196606,70287,,309.3825,31.5725,6.32,,-0.09,B8IIIn,0.01,0.0,,false
7886,,,,,,196610,106329,EU Del,309.4775,18.269167,6.25,,1.48,M6III,0.019,0.099,,false
7887,,,,,,196629,70289,,309.385833,31.521944,6.49,,0.34,F0V,-0.045,-0.033,,false
7888,,,,,,196642,70288,,309.348333,38.328611,6.2,,0.99,K0III,0.01,-0.043,,false
7889, 14Tau Cap,14,Tau,,Cap,196662,163771,,309.818333,-14.954722,5.22,,-0.12,B6III,0.007,-0.022,0.005,false
7890,,,,,,196712,144666,,309.805,-2.412778,6.22,,-0.1,B7IIIne,0.006,0.009,,false
7891, 29    Vul,29,,,Vul,196724,88944,,309.630417,21.201111,4.82,,-0.02,A0V,0.071,0.005,0.002,false
7892,  8The Del,8,The,,Del,196725,106342,,309.682917,13.315,5.72,,1.53,K3Ib,-0.001,-0.004,,false
7893,,,,,,196737,212333,,310.0825,-33.431944,5.47,,1.12,K1III,0.024,0.036,,false
7894, 28    Vul,28,,,Vul,196740,88945,,309.632917,24.116111,5.04,,-0.14,B5IV,0.01,-0.002,,false
7895,,,,,,196753,88946,,309.64625,23.680556,5.91,,0.98,K0II-III+A3V,0.015,-0.007,,false
7896,  7Kap Del,7,Kap,,Del,196755,126059,,309.7825,10.086111,5.05,,0.72,G2IV,0.321,0.023,0.026,false
7897,  1    Aqr,1,,,Aqr,196758,126062,,309.85375,0.486389,5.16,,1.06,K1III,0.101,-0.015,0.01,false
7898,,,,,,196761,189549,,310.04875,-23.773889,6.37,,0.72,G8V,0.491,0.464,0.07,false
7899,,,,,,196775,106347,,309.770833,15.838056,5.97,,-0.14,B3V,0.001,-0.017,,false
7900, 15Ups Cap,15,Ups,,Cap,196777,163779,,310.0125,-18.138611,5.1,,1.66,M2III,-0.022,-0.021,0.019,false
7901, 75    Dra,75,,,Dra,196787,3408,,307.060833,81.422778,5.46,,1.02,G9III,0.033,0.015,0.012,false
7902,,,,,,196815,189559,,310.15,-26.645,6.51,,0.57,F7V,0.033,-0.017,,false
7903,,,,,,196821,88959,13201,309.794167,21.817222,6.08,,-0.06,A0III,0.019,0.014,,false
7904,,,,,,196852,70323,,309.747917,30.334444,5.68,,1.09,K2III,-0.032,-0.058,0.013,false
7905,,,,,,196857,163783,,310.135417,-16.124167,5.8,,1.0,gG7,-0.067,0.071,,false
7906,  9Alp Del,9,Alp,,Del,196867,106357,13207,309.909583,15.911944,3.77,,-0.06,B9IV,0.066,-0.002,0.008,false
7907,,,,,,196885,106360,,309.965833,11.249722,6.42,,0.55,F8IV:,0.06,0.088,,false
7908, 74    Dra,74,,,Dra,196925,3413,,307.364583,81.091389,5.96,,0.92,K0III+F8V,0.064,0.222,0.022,false
7909,,,,,,196917,212345,,310.34875,-31.598333,5.76,,1.53,M0III,0.113,-0.065,0.023,false
7910,,,,,,196947,189575,,310.350417,-26.0,6.28,,1.22,K2III,-0.002,-0.029,,false
7911,,,,,,197018,49899,,309.88875,40.579444,6.06,,-0.16,B6IIIpMn,0.007,0.0,0.003,false
7912,,,,,,197036,49898,,309.84625,45.666944,6.58,,-0.06,B5IV,0.005,0.001,,false
7913,   Bet Pav,,Bet,,Pav,197051,254862,,311.239583,-66.203056,3.42,,0.16,A7III,-0.046,0.012,0.035,false
7914,,,,,,197076,106373,,310.188333,19.935278,6.45,,0.63,G5V,0.122,0.304,0.05,false
7915,,,,,,197093,212369,,310.720833,-39.558611,6.29,,1.08,K1III,0.024,-0.006,,false
7916,,,,,,197101,32763,,309.750833,56.005,6.48,R,,F2Vn,-0.005,-0.035,,false
7917,,,,,,197120,88997,,310.150833,29.805278,6.08,R,0.14,A2V,0.008,0.036,0.01,false
7918, 10    Del,10,,,Del,197121,106384,13227,310.3175,14.583056,5.99,,1.24,gK4,-0.006,0.002,,false
7919,,,,,,197139,49912,,310.012917,43.458611,5.95,,1.19,K2III,-0.07,-0.063,,false
7920,   Eta Ind,,Eta,,Ind,197157,246709,,311.009583,-51.921111,4.51,,0.27,A7III-IV-A9,0.158,-0.058,0.049,false
7921, 49    Cyg,49,,,Cyg,197177,70362,,310.260833,32.307222,5.51,,0.88,G8IIb,0.007,-0.014,0.004,false
7922,,,,,,197226,70367,,310.251667,39.082222,6.51,,-0.12,B6III,0.007,0.0,,false
7923,,,,,,197249,106396,,310.4925,17.521389,6.22,,0.94,G8III,0.022,0.044,,false
7924, 50Alp Cyg,50,Alp,,Cyg,197345,49941,Alp Cyg,310.357917,45.280278,1.25,,0.09,A2Ia,0.003,0.002,-0.006,false
7925,,,,,,197373,18979,,310.074583,60.505278,6.01,,0.46,F6IV,0.015,0.19,0.021,false
7926,,,,,,197392,49946,,310.485417,41.716944,5.67,,-0.12,B8II-III,0.006,0.0,,false
7927,,,,,,197419,70406,V568 Cyg,310.5925,35.456111,6.66,,-0.16,B2IV-Ve,-0.019,-0.009,,false
7928, 11Del Del,11,Del,,Del,197461,106425,Del Del,310.864583,15.074444,4.43,,0.32,A7IIIpDel Del,-0.019,-0.043,0.013,false
7929, 51    Cyg,51,,,Cyg,197511,32809,,310.5525,50.34,5.39,,-0.1,B2V,0.003,0.005,,false
7930,,,,,,197508,3418,,307.262917,83.625556,6.19,,0.13,A3/4Vm,0.025,-0.017,,false
7931,,,,,,197540,189641,,311.305,-27.247222,6.5,,0.94,G8III,0.008,0.006,,false
7932,,,,,,197572,70423,X Cyg,310.850833,35.587778,6.47,,1.23,F7Ib-G8Ib,-0.01,-0.003,-0.008,false
7933,,,,,,197630,212416,,311.58375,-39.199167,5.5,,-0.1,B8/9V,0.049,-0.03,,false
7934,   Sig Pav,,Sig,,Pav,197635,254871,,312.325417,-68.776389,5.41,,1.12,K0III,-0.069,-0.049,-0.0,false
7935,,,,,,197649,212417,,311.5775,-36.120278,6.49,,0.39,F3IV,0.044,-0.055,,false
7936, 16Psi Cap,16,Psi,,Cap,197692,189664,,311.52375,-25.270833,4.14,,0.43,F4V,-0.05,-0.157,0.098,false
7937, 17    Cap,17,,,Cap,197725,189667,,311.541667,-21.514167,5.93,,0.04,A0,0.024,-0.021,,false
7938,,,,,,197734,18998,,310.665417,60.601389,6.15,,0.01,A2IV,-0.003,-0.014,,false
7939, 30    Vul,30,,,Vul,197752,89084,,311.21875,25.270556,4.91,,1.18,K2III,-0.028,-0.182,0.006,false
7940,,,,,,197770,32832,,310.80625,57.114167,6.32,,0.33,B2III,-0.013,0.003,,false
7941,,,,,,197812,106458,U Del,311.3675,18.090278,6.38,,1.68,M5II-III,0.002,0.005,,false
7942, 52    Cyg,52,,,Cyg,197912,70467,,311.415417,30.719722,4.22,,1.05,G9.5III,-0.01,0.028,0.015,false
7943,   Iot Mic,,Iot,,Mic,197937,230379,,312.121667,-43.988611,5.11,,0.35,F1IV,0.185,-0.106,0.051,false
7944,,,,,,197939,32849,,311.091667,56.488056,5.78,,1.67,M3III,0.006,-0.015,,false
7945,  4    Cep,4,,,Cep,197950,19004,,310.795833,66.6575,5.58,,0.22,A8V,0.021,0.032,0.034,false
7946,,,,,,197954,144802,,311.765,-2.486667,6.27,,1.55,K2,-0.016,-0.016,,false
7947, 12Gam1Del,12,Gam,1,Del,197963,106475,,311.66125,16.124444,5.14,,0.49,F7V,-0.03,-0.191,0.026,false
7948, 12Gam2Del,12,Gam,2,Del,197964,106476,,311.664583,16.124167,4.27,,1.04,K1IV,-0.032,-0.197,0.026,false
7949, 53Eps Cyg,53,Eps,,Cyg,197989,70474,,311.552917,33.970278,2.46,,1.03,K0-III,0.356,0.328,0.057,false
7950,  2Eps Aqr,2,Eps,,Aqr,198001,144810,,311.919167,-9.495833,3.77,,0.0,A1V,0.035,-0.034,0.021,false
7951,  3    Aqr,3,,,Aqr,198026,144814,EN Aqr,311.934167,-5.027778,4.42,,1.65,M3III,0.003,-0.04,0.008,false
7952,   Zet Ind,,Zet,,Ind,198048,230391,,312.370833,-46.226944,4.89,,1.52,K5III,0.04,0.024,0.012,false
7953, 13    Del,13,,,Del,198069,126222,13299,311.95125,6.008333,5.58,,-0.02,A0V,0.01,-0.006,0.002,false
7954,,,,,,198070,126221,,311.949167,3.306667,6.4,,-0.02,A0Vn,0.031,0.021,,false
7955,,,,,,198084,32862,,311.337917,57.579722,4.51,,0.54,F8IV-V,-0.064,-0.236,0.046,false
7956,,,,,,198134,70499,T Cyg,311.795,34.374167,4.92,,1.32,K3III,0.047,0.004,0.005,false
7957,  3Eta Cep,3,Eta,,Cep,198149,19019,,311.3225,61.838889,3.43,,0.92,K0IV,0.087,0.818,0.071,false
7958,,,,,,198151,50050,,311.660417,46.531667,6.3,,0.03,A3V,-0.024,-0.013,,false
7959,,,,,,198160,254883,,312.909583,-62.429167,6.28,,0.15,A2-3IV-V,0.076,-0.047,0.009,false
7960,,,,,,198161,254884,,312.911667,-62.429167,6.59,,0.17,A2-3IV-V,0.078,-0.043,0.009,false
7961,,,,,,198174,189733,,312.323333,-25.781389,5.86,,-0.07,B7IIIp,0.015,-0.021,,false
7962,,,,,,198181,32877,,311.588333,52.995278,6.33,,1.12,K0,-0.081,-0.103,0.008,false
7963, 54Lam Cyg,54,Lam,,Cyg,198183,70505,,311.852083,36.490833,4.53,,-0.11,B5Ve,0.009,-0.005,0.008,false
7964,,,,,,198208,163910,,312.335417,-18.035833,6.21,,1.42,K3III,0.002,-0.03,,false
7965,   Alp Mic,,Alp,,Mic,198232,212472,13329,312.492083,-33.779722,4.9,,1.0,G7III,0.01,-0.025,0.012,false
7966,,,,,,198237,50060,,311.836667,45.579722,6.4,,1.61,K3III,0.005,-0.025,,false
7967,,,,,,198236,19018,,311.137917,69.751944,6.41,R,,G8III,-0.026,-0.027,0.002,false
7968,   Iot Ind,,Iot,,Ind,198308,246762,,312.875417,-51.608333,5.05,,1.13,K1II-III,0.007,-0.014,0.001,false
7969,,,,,,198345,50073,,311.955417,47.831944,5.57,,1.46,K5III,-0.006,-0.015,,false
7970,,,,,,198356,212487,,312.69625,-32.054444,6.36,,1.54,K5III,-0.016,-0.061,,false
7971,,,,,,198357,212488,,312.752917,-37.913333,5.52,,1.38,K3II,-0.011,-0.022,,false
7972,,,,,,198387,32897,,311.97,52.407222,6.27,,0.89,G7IV,0.068,-0.158,0.018,false
7973, 15    Del,15,,,Del,198390,106536,,312.4075,12.545278,5.98,,0.43,F5V,0.057,0.098,0.03,false
7974, 14    Del,14,,,Del,198391,126265,13337,312.45125,7.864167,6.33,,0.02,A1V s,0.032,0.011,,false
7975,,,,,,198404,126267,,312.49625,5.544722,6.21,,0.98,K0,0.04,0.006,,false
7976,,,,,,198431,163924,,312.674167,-12.545,5.88,,1.07,gK1,0.126,-0.07,0.021,false
7977, 55    Cyg,55,,,Cyg,198478,50099,V1661 Cyg,312.234583,46.114167,4.84,,0.41,B3Ia,0.004,0.0,0.017,false
7978,,,,,,198513,32908,,312.177917,51.910556,6.29,,-0.07,B8Vnp,0.006,0.007,,false
7979,   Bet Mic,,Bet,,Mic,198529,212499,,312.995,-33.177222,6.04,,0.03,A2Vn,0.015,0.014,,false
7980, 18Ome Cap,18,Ome,,Cap,198542,189781,13351,312.955417,-26.919167,4.11,,1.64,M0-III-IIIbBa0.2,-0.006,-0.001,0.001,false
7981,,,,,,198552,106562,,312.654167,18.051389,6.52,R,0.04,A1V s,0.076,0.016,,false
7982,  4    Aqr,4,,,Aqr,198571,144877,13350,312.857083,-5.626389,5.99,,0.46,F5V+F7V,0.099,-0.001,0.028,false
7983,,,,,,198625,50119,,312.477917,46.661111,6.33,,-0.07,B4Ve,0.008,0.0,,false
7984, 56    Cyg,56,,,Cyg,198639,50121,,312.520417,44.059444,5.04,,0.2,A4mDel Del,0.126,0.133,0.025,false
7985,  5    Aqr,5,,,Aqr,198667,144889,13360,313.03625,-5.506944,5.55,,-0.08,B9III,0.002,0.0,-0.009,false
7986,   Bet Ind,,Bet,,Ind,198700,246784,,313.7025,-58.454167,3.65,,1.25,K1II,0.017,-0.026,-0.005,false
7987,,,,,,198716,212522,,313.4175,-39.81,5.35,,1.32,K2III,0.044,-0.102,0.02,false
7988,,,,,,198726,89216,T Vul,312.8675,28.250556,5.77,,0.72,F5Ib,0.003,-0.003,0.006,false
7989,,,,,,198732,189801,,313.255,-23.783056,6.33,,0.88,K0III,0.099,-0.053,,false
7990,  6Mu  Aqr,6,Mu,,Aqr,198743,144895,,313.163333,-8.983333,4.73,,0.32,A3m,0.044,-0.03,0.019,false
7991,,,,,,198751,212521,,313.354167,-30.718611,6.35,,1.09,K1III,0.036,-0.008,,false
7992,,,,,,198766,246786,,313.645833,-50.727778,6.24,,-0.12,B5IV,0.002,-0.036,,false
7993,,,,,,198781,19051,,312.3225,64.042222,6.45,,0.07,B0.5V,-0.006,-0.004,,false
7994,,,,,,198802,163953,,313.273333,-11.573611,6.38,,0.67,G1V,0.05,0.046,,false
7995, 31    Vul,31,,,Vul,198809,89228,13373,313.032083,27.096944,4.59,,0.83,G7IIIFe-1,-0.067,-0.065,0.036,false
7996,,,,,,198820,70596,,313.00125,32.849167,6.44,,-0.15,B3III,-0.009,0.006,,false
7997,,,,,,198853,189815,,313.528333,-27.925556,6.41,,1.6,M4III,0.027,-0.025,,false
7998,,,,,,198949,144915,,313.493333,-6.889722,6.44,,0.37,F1IV,0.033,-0.027,,false
7999,,,,,,198976,89241,,313.280833,29.649444,6.34,,1.09,K2,-0.001,-0.047,,false
8000, 19    Cap,19,,,Cap,199012,163975,,313.699583,-17.923056,5.78,,1.12,K0III,-0.051,-0.02,,false
8001, 57    Cyg,57,,,Cyg,199081,50180,13388,313.311667,44.387222,4.78,,-0.14,B5V,0.01,0.001,,false
8002, 76    Dra,76,,,Dra,199095,3458,13319,310.646667,82.531111,5.75,,0.0,A0V,0.029,0.023,,false
8003,,,,,,199098,50182,13391,313.3275,45.181944,5.45,,1.1,K0II,0.014,0.003,-0.005,false
8004,,,,,,199099,50183,,313.36,42.410278,6.66,,-0.04,A1V,0.011,0.002,,false
8005,,,,,,199101,70645,,313.474583,33.437778,5.47,,1.52,gK5,-0.021,0.038,,false
8006,,,,,,199124,144941,EM Aqr,313.78375,-1.373333,6.55,,0.29,A9Vn,-0.002,0.02,,false
8007,,,,,,199140,89265,BW Vul,313.593333,28.521944,6.56,,-0.13,B2IIIe,0.007,-0.01,,false
8008, 32    Vul,32,,,Vul,199169,89272,13398,313.64,28.0575,5.01,,1.48,K4III,0.0,-0.002,0.003,false
8009,,,,,,199218,50209,,313.592917,40.703056,6.7,,-0.07,B8Vnne,0.01,0.003,,false
8010,,,,,,199223,126373,,313.919583,4.532778,6.05,,0.82,G6III-IV,0.07,0.01,-0.012,false
8011, 17    Del,17,,,Del,199253,106665,13408,313.902917,13.721389,5.17,,1.12,K0III,0.021,-0.014,0.017,false
8012, 16    Del,16,,,Del,199254,106666,,313.910833,12.568611,5.58,R,0.12,A4V,0.04,0.018,,false
8013,,,,,,199260,189856,13412,314.197083,-26.296389,5.7,,0.5,F7V,0.093,-0.065,0.039,false
8014,,,,,,199280,144957,,314.07625,-3.561389,6.57,,-0.1,B8Vn,0.027,0.018,,false
8015,  7    Aqr,7,,,Aqr,199345,144968,13419,314.225,-9.6975,5.51,,1.47,gK5,-0.003,-0.01,,false
8016,,,,,,199437,3467,13369,311.889167,80.552222,5.39,,1.12,K1III,-0.031,-0.037,0.011,false
8017,,,,,,199442,126396,,314.294167,0.463611,6.05,,1.22,K2III,0.018,-0.065,,false
8018,,,,,,199443,164013,,314.419167,-16.031667,5.87,,0.18,A2m,0.053,0.001,,false
8019,,,,,,199475,254918,,315.367083,-68.209722,6.37,,0.1,A2V,-0.01,-0.002,,false
8020,,,,,,199478,50246,,313.9575,47.417778,5.67,,0.47,B8Ia,-0.003,-0.002,,false
8021,   Alp Oct,,Alp,,Oct,199532,257879,,316.179167,-77.023889,5.15,,0.49,A7III+G2III,0.006,-0.369,0.025,false
8022,,,,,,199578,33001,,314.05375,51.075,6.63,,-0.1,B5V,0.017,0.004,,false
8023,,,,,,199579,50263,,314.144583,44.925,5.96,,0.05,O6V((f)),-0.005,0.008,,false
8024,,,,,,199603,164027,DV Aqr,314.674583,-14.482778,6.01,,0.23,F0IV,-0.042,-0.002,,false
8025,,,,,,199611,33004,,314.10625,50.728611,5.81,,0.3,F0III,0.041,-0.015,,false
8026,,,,,,199612,50262,,314.107917,49.195833,5.9,,1.04,G8II-III,0.009,0.007,0.004,false
8027,,,,,,199623,246820,,315.089583,-51.265278,5.76,,0.47,F5IV-V,-0.084,0.13,,false
8028, 58Nu  Cyg,58,Nu,,Cyg,199629,50274,,314.293333,41.167222,3.94,,0.02,A1Vn,0.012,-0.016,0.01,false
8029,,,,,,199661,33005,,314.070833,56.8875,6.23,,-0.18,B2.5IV,0.004,0.002,,false
8030, 18    Del,18,,,Del,199665,106712,,314.607917,10.839167,5.48,,0.93,gG6,-0.051,-0.036,,false
8031,,,,,,199684,212608,,314.99875,-36.129722,6.11,,0.39,F5V,0.106,-0.061,,false
8032, 33    Vul,33,,,Vul,199697,89332,,314.568333,22.325833,5.31,,1.4,K3.5III,-0.003,-0.003,,false
8033, 20    Cap,20,,,Cap,199728,164043,AO Cap,314.900417,-19.035278,6.25,,-0.13,B9pSi,0.011,-0.013,,false
8034,  1Eps Equ,1,Eps,,Equ,199766,126428,,314.768333,4.293611,5.23,,0.46,F6IV,-0.109,-0.148,0.021,false
8035,,,,,,199870,50298,,314.58125,44.471667,5.55,,0.97,K0IIIbFe-0.5,0.106,0.072,0.016,false
8036,,,,,,199892,50303,,314.628333,41.940278,6.16,,-0.08,B7III,-0.001,0.013,,false
8037,,,,,,199941,106738,,314.961667,16.824167,6.66,,0.38,F4III,0.041,-0.014,,false
8038,,,,,,199942,126447,,315.01625,7.516389,5.99,,0.26,F1Vp,0.029,0.02,0.009,false
8039,   Gam Mic,,Gam,,Mic,199951,212636,,315.322917,-32.257778,4.67,,0.89,G6III,-0.002,0.005,0.034,false
8040,,,,,,199955,33034,,314.625417,50.462222,5.61,,-0.15,B5Vn,0.013,0.01,0.008,false
8041, 11    Aqr,11,,,Aqr,199960,145022,,315.140833,-4.730278,6.21,,0.63,G1V,0.051,-0.137,0.033,false
8042,,,,,,200011,230492,,315.5525,-43.001944,6.64,,0.68,G3IV+K0IV,0.06,-0.103,0.018,false
8043,,,,,,200039,9911,,313.684583,75.925556,6.05,,0.93,G5III,0.029,0.043,,false
8044,,,,,,200044,106747,13454,315.115417,19.329444,5.65,,1.61,M3IIIab,-0.016,-0.063,0.01,false
8045,,,,,,200052,189942,,315.43875,-26.881111,6.05,,0.06,A7V:m:,0.015,-0.023,,false
8046,,,,,,200073,212653,,315.613333,-38.530556,5.94,,1.11,K0IV,0.163,-0.158,0.018,false
8047, 59    Cyg,59,,,Cyg,200120,50335,V832 Cyg,314.956667,47.521111,4.74,,-0.05,B1ne,0.006,0.002,,false
8048,   Zet Mic,,Zet,,Mic,200163,212666,,315.741667,-38.631667,5.3,,0.41,F3V,-0.028,-0.111,0.024,false
8049,,,,,,200205,33048,,314.855833,59.438611,5.51,,1.4,gK4,0.044,0.015,0.002,false
8050,,,,,,200245,189966,,315.7925,-27.731944,6.25,,0.95,K0III,0.035,-0.044,,false
8051,,,,,,200253,70794,,315.30375,36.026111,5.97,,0.98,G5III,-0.005,-0.005,,false
8052,,,,,,200266,257887,,317.199583,-76.2125,6.58,,1.23,K1III,-0.027,-0.022,,false
8053, 60    Cyg,60,,,Cyg,200310,50359,V1931 Cyg,315.295417,46.155833,5.37,,-0.21,B1Ve,0.006,0.008,,false
8054,,,,,,200340,145050,,315.748333,-0.924722,6.5,,-0.1,B6V,0.007,-0.002,,false
8055,   Mu  Ind,,Mu,,Ind,200365,246854,,316.309167,-54.727222,5.16,,1.21,K2III,0.01,-0.046,0.023,false
8056,,,,,,200375,126491,,315.7625,1.531944,6.25,,0.48,F5V,-0.116,-0.053,0.035,false
8057,,,,,,200430,106796,,315.7575,14.73,6.31,,1.67,M1III,0.021,0.005,,false
8058, 12    Aqr,12,,,Aqr,200496,145064,,316.019167,-5.823333,7.31,H,,A3V,0.003,0.012,0.003,false
8059, 12    Aqr,12,,,Aqr,200497,145065,,316.019583,-5.823056,5.89,H,0.68,G4III,0.018,-0.009,0.003,false
8060, 22Eta Cap,22,Eta,,Cap,200499,189986,,316.10125,-19.855,4.84,,0.17,A5V,-0.034,-0.037,0.055,false
8061,,,,,,200525,257890,,317.342917,-73.173056,5.68,,0.59,F8-G0V,0.432,-0.331,0.048,false
8062,,,,,,200527,50381,,315.600417,44.791111,6.19,,1.69,S4/1III,-0.014,0.003,,false
8063,,,,,,200577,70832,,315.77,38.6575,6.07,,1.01,G8III,0.016,-0.008,,false
8064,,,,,,200595,50390,,315.702083,45.848889,6.48,,-0.15,B3Vn,-0.005,-0.001,0.009,false
8065,,,,,,200614,33078,,315.537917,56.669722,5.83,,-0.07,B8III,0.016,0.004,0.004,false
8066,  3    Equ,3,,,Equ,200644,126518,,316.144583,5.502778,5.61,,1.65,K5III,0.017,-0.002,0.011,false
8067,,,,,,200661,126519,,316.17375,2.941944,6.42,,1.05,K0,0.013,0.001,,false
8068,,,,,,200663,126522,,316.189167,2.269722,6.33,,0.97,G5,0.098,-0.065,,false
8069,   Eta Mic,,Eta,,Mic,200702,230523,,316.60625,-41.386111,5.53,,1.35,K3III,0.026,-0.016,,false
8070,   Del Mic,,Del,,Mic,200718,212709,,316.505,-30.125,5.68,,1.03,K0/1III,0.041,-0.068,,false
8071,,,,,,200723,50409,,315.967083,41.628056,6.33,,0.38,F3IV,0.001,-0.054,,false
8072,,,,,,200740,33091,,315.858333,50.351944,6.37,,0.98,K0,0.058,0.053,,false
8073,,,,,,200751,254941,,317.137083,-63.928889,5.76,,1.18,K0III,0.007,-0.011,,false
8074,,,,,,200753,50408,,315.930417,46.861944,6.32,,0.25,F0IVn,-0.055,-0.11,,false
8075, 23The Cap,23,The,,Cap,200761,164132,,316.486667,-17.232778,4.07,,-0.01,A1V,0.083,-0.06,0.017,false
8076,,,,,,200763,212716,,316.602917,-32.341667,5.18,,1.1,K2III,-0.001,0.01,0.012,false
8077,  4    Equ,4,,,Equ,200790,126535,,316.36125,5.958333,5.94,,0.54,F8V,-0.09,-0.129,0.015,false
8078,,,,,,200817,33098,,315.948333,53.286111,5.9,,0.99,K0III,0.04,0.037,,false
8079, 62Xi  Cyg,62,Xi,,Cyg,200905,50424,13518,316.232917,43.927778,3.72,,1.65,K4.5Ib-II,0.008,0.001,0.007,false
8080, 24    Cap,24,,,Cap,200914,190025,,316.782083,-25.005833,4.5,,1.61,M0.5III,-0.023,-0.043,0.022,false
8081,,,,,,200924,257893,,317.83625,-72.544167,6.2,,1.08,K1III,0.026,-0.022,,false
8082,,,,,,201051,89459,,316.597917,26.924444,6.12,,1.05,K0II-III,0.044,-0.017,,false
8083,,,,,,201057,164156,13549,316.935833,-17.455278,6.17,,0.02,A0V,0.018,-0.027,,false
8084,,,,,,201078,70917,DT Cyg,316.62625,31.184722,5.82,,0.56,F7.5Ib-II,0.007,-0.004,,false
8085, 61    Cyg,61,,,Cyg,201091,70919,V1803 Cyg,316.7275,38.745833,5.21,,1.18,K5V,4.136,3.203,0.292,false
8086, 61    Cyg,61,,,Cyg,201092,,13546,316.730417,38.743333,6.03,,1.37,K7V,4.126,3.208,0.294,false
8087, 25Chi Cap,25,Chi,,Cap,201184,190050,,317.14,-21.193611,5.3,,0.01,A0V,0.022,-0.06,0.046,false
8088,,,,,,201196,106853,,316.89,15.658611,6.34,,1.01,K2IV,0.049,-0.059,,false
8089, 63    Cyg,63,,,Cyg,201251,50456,13548,316.650417,47.648333,4.55,,1.57,K4Ib-IIa,0.008,0.001,0.008,false
8090,,,,,,201298,126566,,317.1175,6.989444,6.15,,1.66,K5III,-0.006,0.003,,false
8091, 27    Cap,27,,,Cap,201352,190069,13566,317.3875,-20.556389,6.25,,0.38,F1IV,0.12,-0.124,,false
8092,   Omi Pav,,Omi,,Pav,201371,257896,,318.335417,-70.126389,5.02,,1.58,M1-2III,0.04,-0.025,0.008,false
8093, 13Nu  Aqr,13,Nu,,Aqr,201381,164182,,317.39875,-11.371667,4.51,,0.94,G8III,0.095,-0.015,0.017,false
8094,,,,,,201433,70968,V389 Cyg,317.162083,30.205833,5.59,,-0.1,B9VpSi,0.025,-0.017,-0.006,false
8095,,,,,,201507,126587,,317.492917,2.943333,6.45,,0.37,F5IV,0.04,0.017,,false
8096,,,,,,201567,145171,,317.695417,-9.353889,6.27,,1.16,K0III,0.114,-0.056,,false
8097,  5Gam Equ,5,Gam,,Equ,201601,126593,Gam Equ,317.585417,10.131667,4.69,,0.26,F0IIIp,0.057,-0.153,0.028,false
8098,  6    Equ,6,,,Equ,201616,126597,,317.63,10.048889,6.07,,0.02,A2V s,-0.009,0.015,0.01,false
8099,,,,,,201636,9957,,316.597083,71.431944,5.87,,0.4,F3IV,-0.048,-0.116,0.03,false
8100,,,,,,201647,230575,,318.056667,-40.269444,5.83,,0.45,F5IV,0.047,-0.222,0.042,false
8101,,,,,,201671,89505,,317.633333,22.454722,6.68,,0.03,A1V,0.02,-0.008,,false
8102,,,,,,201707,164204,EW Aqr,317.922083,-14.472222,6.48,,0.28,F0Del Del:,0.039,0.004,,false
8103,,,,,,201733,50521,Var?,317.494167,45.5025,6.63,,-0.16,B4IVpe,0.004,-0.001,,false
8104,,,,,,201772,212793,,318.262917,-39.425278,5.26,,0.44,F5IV+F6V,0.186,-0.123,0.029,false
8105,,,,,,201819,71032,Var,317.76625,36.299167,6.54,,-0.14,B1Vp,0.021,-0.015,,false
8106,,,,,,201834,33185,,317.565,53.563333,5.73,,-0.12,B9III,0.026,0.001,,false
8107,,,,,,201836,50536,,317.629167,47.691944,6.46,,-0.01,B6IV,0.004,-0.007,,false
8108,,,,,,201852,212800,,318.32875,-36.423889,5.96,,0.98,K0III,0.029,-0.013,,false
8109,,,,,,201888,19223,,317.370417,63.295556,6.54,,-0.13,B7III,0.013,0.005,,false
8110,,,,,,201901,190129,,318.322083,-27.619444,5.42,,1.42,K5III,0.099,-0.116,,false
8111,,,,,,201906,257904,,319.567083,-75.346667,6.63,,0.03,A1V,0.013,-0.035,,false
8112,,,,,,201908,9959,,316.372083,78.126389,5.91,,-0.07,B8Vn,0.02,0.029,,false
8113,,,,,,202012,19229,T Cep,317.383333,68.490278,7.33,,1.49,M7IIIe,-0.032,-0.067,0.002,false
8114,,,,,,202103,246929,,318.94125,-53.263056,5.75,,0.19,A6IV,0.035,-0.017,,false
8115, 64Zet Cyg,64,Zet,,Cyg,202109,71070,,318.234167,30.226944,3.2,,0.99,G8+III-IIIaBa0.6,0.001,-0.056,0.027,false
8116,,,,,,202128,106930,,318.37,15.9825,6.27,,0.24,A7Vn,0.043,-0.023,-0.005,false
8117,,,,,,202135,230596,,318.81125,-40.506389,6.21,,1.14,K2III,0.139,-0.009,,false
8118,,,,,,202149,164240,,318.569583,-10.605278,6.77,,-0.08,B9pHgMn,0.014,0.004,,false
8119,,,,,,202214,33210,13598,317.950833,59.986389,5.64,,0.11,B0II,0.0,-0.005,0.002,false
8120,,,,,,202240,71086,,318.359583,36.633611,6.05,,0.21,F0III,-0.018,0.006,,false
8121,,,,,,202259,145229,13614,318.654167,0.092222,6.38,,1.61,M1III,0.028,-0.009,,false
8122,,,,,,202261,164249,,318.7775,-17.345,6.04,,0.96,G5,-0.004,-0.02,,false
8123,  7Del Equ,7,Del,,Equ,202275,126643,,318.620417,10.006944,4.49,,0.5,F5V+G0V,0.049,-0.305,0.058,false
8124,,,,,,202287,212843,,318.945,-36.210833,6.12,,1.37,K3III,0.032,-0.009,,false
8125,,,,,,202299,254966,13627,319.50125,-64.681667,6.31,,-0.07,B8V,0.006,-0.037,,false
8126,,,,,,202314,89549,,318.542917,29.901111,6.17,,1.09,G6Ib-IIaCa1Ba0.3,0.001,0.005,,false
8127, 28Phi Cap,28,Phi,,Cap,202320,190173,,318.907917,-20.651667,5.24,,1.17,gG9,0.013,0.002,0.02,false
8128, 29    Cap,29,,,Cap,202369,164263,13620,318.937083,-15.171389,5.28,,1.64,M3III,0.027,0.005,-0.0,false
8129,,,,,,202418,258899,13686,323.0175,-84.81,6.45,,1.4,K3III,0.045,-0.027,,false
8130, 65Tau Cyg,65,Tau,,Cyg,202444,71121,Tau Cyg,318.697917,38.045556,3.72,,0.39,F2IV,0.16,0.435,0.055,false
8131,  8Alp Equ,8,Alp,,Equ,202447,126662,,318.955833,5.247778,3.92,,0.53,G0III+A5V,0.059,-0.088,0.021,false
8132,,,,,,202554,145259,,319.165,-1.607778,6.48,,0.98,K0,0.036,-0.014,,false
8133,,,,,,202582,19257,,318.4275,64.403889,6.39,,0.6,G2IV+G2IV,0.027,-0.105,0.024,false
8134,,,,,,202606,164279,,319.30625,-13.278889,6.4,,0.04,A2V,-0.022,-0.002,,false
8135,   Eps Mic,,Eps,,Mic,202627,212874,,319.484583,-32.1725,4.71,,0.06,A1V,0.058,-0.026,0.033,false
8136,,,,,,202654,50631,,318.903333,47.973611,6.46,,-0.15,B4IV,-0.042,-0.023,,false
8137, 30    Cap,30,,,Cap,202671,164286,,319.48875,-17.985278,5.43,,-0.12,B8III,0.017,-0.002,,false
8138,,,,,,202720,50656,,319.123333,42.251389,6.43,R,,K2,0.003,-0.028,,false
8139, 31    Cap,31,,,Cap,202723,164289,,319.565417,-17.462222,7.05,,0.34,F2V,0.036,0.004,,false
8140,   The Ind,,The,,Ind,202730,246965,,319.966667,-53.449722,4.39,,0.19,A5V,0.105,-0.072,0.043,false
8141, 15    Aqr,15,,,Aqr,202753,145278,,319.54625,-4.519444,5.82,,-0.13,B5V,0.011,0.015,0.008,false
8142,,,,,,202773,190220,,319.726667,-28.765556,6.4,,0.97,G8IV,-0.181,-0.058,,false
8143, 67Sig Cyg,67,Sig,,Cyg,202850,71165,13640,319.354167,39.394722,4.23,,0.12,B9Iab,0.001,-0.003,0.011,false
8144,,,,,,202862,50671,,319.346667,42.683333,6.19,,-0.11,B7Vn,0.015,-0.008,,false
8145,,,,,,202874,230635,T Ind,320.039583,-45.022222,6.0,,2.33,C5II,0.0,-0.01,,false
8146, 66Ups Cyg,66,Ups,,Cyg,202904,71173,Ups Cyg,319.479583,34.896944,4.43,,-0.11,B2Vne,0.014,-0.002,0.019,false
8147,,,,,,202923,33281,,319.258333,53.9975,6.13,,0.05,A1V,0.031,0.033,,false
8148,,,,,,202940,190236,,319.940833,-26.353056,6.56,,0.73,G5V,-0.539,-0.357,0.056,false
8149,,,,,,202951,107020,,319.716667,11.203333,5.96,,1.65,K5III,0.026,0.015,,false
8150,,,,,,202987,33287,,319.309583,55.798056,5.98,,1.45,K3III,0.018,0.017,,false
8151,   The1Mic,,The,1,Mic,203006,230644,The1 Mic,320.19,-40.809722,4.82,,0.02,ApCrEuSr,0.069,-0.005,0.012,false
8152,,,,,,203010,246983,13662,320.318333,-49.937778,6.38,,1.32,K3III,-0.021,-0.151,,false
8153,,,,,,203025,33288,13646,319.328333,58.611667,6.42,,0.2,B2IIIe,0.001,0.003,,false
8154, 68    Cyg,68,,,Cyg,203064,50690,V1809 Cyg,319.613333,43.945833,5.0,,-0.01,O7.5III:n((f)),0.006,-0.009,,false
8155,,,,,,203096,50699,,319.730417,41.040833,6.15,,0.3,A5IV,-0.006,0.009,,false
8156,,,,,,203133,254990,Y Pav,321.069583,-69.734167,6.41,,2.82,C5II,0.005,-0.018,,false
8157,,,,,,203156,71203,V1334 Cyg,319.8425,38.2375,5.83,,0.5,F1II,0.011,-0.006,,false
8158,,,,,,203206,89628,,320.058333,22.026389,6.29,,-0.08,B6IV,0.003,0.01,,false
8159,,,,,,203212,257920,,321.325417,-71.799444,6.09,,1.26,K2III,0.018,-0.007,,false
8160, 16    Aqr,16,,,Aqr,203222,145317,,320.267917,-4.56,5.87,,0.92,gG7,-0.012,0.011,0.014,false
8161,,,,,,203245,50713,,319.87,49.510278,5.76,,-0.15,B6V,0.017,0.002,0.001,false
8162,  5Alp Cep,5,Alp,,Cep,203280,19302,13660,319.645,62.585556,2.44,,0.22,A7V,0.151,0.049,0.068,false
8163,  9    Equ,9,,,Equ,203291,126719,,320.27,7.354444,5.82,,1.66,M2IIIa,0.041,-0.019,,false
8164,,,,,,203338,33318,,319.815833,58.623611,5.66,,1.38,M1Ibep+B2pe+B3V,0.005,-0.001,0.004,false
8165,,,,,,203344,89640,,320.268333,23.855833,5.57,,1.05,K1III,0.243,-0.12,-0.005,false
8166,,,,,,203358,71230,,320.20875,32.452778,5.68,,1.08,G8IV,0.053,-0.033,0.018,false
8167, 32Iot Cap,32,Iot,,Cap,203387,164346,,320.561667,-16.834444,4.28,,0.9,G7IIIFe-1.5,0.033,0.004,0.033,false
8168,,,,,,203399,10007,,318.925833,77.012222,5.95,,1.5,K5III,0.013,0.01,,false
8169,,,,,,203439,71237,,320.341667,32.612778,6.04,,0.03,A1V,0.018,-0.011,0.007,false
8170,,,,,,203454,50739,,320.255833,40.345556,6.4,,0.53,F8V,-0.019,-0.207,0.034,false
8171,  6    Cep,6,,,Cep,203467,19313,Var,319.8425,64.871944,5.18,,-0.04,B3IVe,0.006,0.004,-0.015,false
8172,,,,,,203475,190285,,320.752083,-22.668889,5.6,,1.63,M1III,0.037,0.01,,false
8173,  1    Peg,1,,,Peg,203504,107073,,320.521667,19.804444,4.08,,1.11,K1III,0.106,0.064,0.014,false
8174,,,,,,203501,3534,,318.339583,81.230833,6.15,,0.09,A3IV,-0.009,0.0,,false
8175, 17    Aqr,17,,,Aqr,203525,145351,,320.734583,-9.319444,5.99,,1.54,M0III,-0.025,-0.026,,false
8176,,,,,,203532,258902,,323.476667,-82.683056,6.38,,0.13,B3IV,0.018,0.0,,false
8177,,,,,,203548,230665,,321.086667,-46.615,6.31,,0.2,A7mSr:,0.042,-0.022,,false
8178, 10Bet Equ,10,Bet,,Equ,203562,126749,,320.723333,6.811111,5.16,,0.05,A3V,0.056,0.01,0.028,false
8179,,,,,,203574,19333,,320.139583,60.756944,6.11,,1.0,G5III,-0.04,-0.001,,false
8180,   The2Mic,,The,2,Mic,203585,230667,,321.103333,-41.006667,5.77,,-0.05,A0IIIpSi,0.031,0.0,0.006,false
8181,   Gam Pav,,Gam,,Pav,203608,254999,13689,321.610833,-65.366111,4.22,,0.49,F6V,0.079,0.799,0.111,false
8182,,,,,,203630,71259,,320.674583,30.309722,6.05,,1.08,K1III,0.015,0.004,,false
8183, 33    Cap,33,,,Cap,203638,190295,13683,321.04,-20.851944,5.41,,1.16,K0III,-0.007,-0.125,0.021,false
8184,,,,,,203639,190293,,321.032917,-22.746944,6.38,,1.02,gK0,-0.028,-0.003,,false
8185,,,,,,203644,50761,,320.501667,49.388889,5.69,,1.1,K0III,0.034,0.067,0.011,false
8186,,,,,,203696,71266,,320.695417,38.634167,6.63,,0.01,A1V,0.004,-0.024,,false
8187, 18    Aqr,18,,,Aqr,203705,164364,13684,321.047917,-12.878056,5.49,,0.29,F1V,0.091,0.008,,false
8188,   Gam Ind,,Gam,,Ind,203760,247031,13692,321.564167,-54.660556,6.12,,0.34,F1III,0.004,0.036,,false
8189,,,,,,203784,71276,,320.845833,37.406667,6.58,,,F6II-III,0.046,0.025,,false
8190,,,,,,203803,89678,,320.995,24.274167,5.71,,0.32,F1IV,0.136,0.022,0.027,false
8191,,,,,,203842,126774,,321.1025,10.174167,6.35,,0.47,F5III,0.072,0.021,,false
8192, 20    Aqr,20,,,Aqr,203843,145376,,321.215417,-3.398333,6.36,,0.33,F0III,-0.006,-0.053,,false
8193,,,,,,203857,71280,,320.95125,37.351389,6.47,R,,K5,-0.009,-0.007,,false
8194,,,,,,203858,89680,,321.030833,25.312222,6.15,,,A2V,0.039,0.0,,false
8195, 19    Aqr,19,,,Aqr,203875,145382,,321.304583,-9.748611,5.7,,0.2,F0IV,0.024,-0.171,0.007,false
8196,,,,,,203881,255003,SX Pav,322.187083,-69.505278,5.34,,1.55,M5III,0.075,-0.047,0.023,false
8197,,,,,,203886,89682,,321.09625,24.528889,6.32,,1.04,K0III,0.033,0.0,,false
8198,,,,,,203925,89685,,321.141667,26.174444,5.68,,0.31,A8III,0.048,0.002,0.013,false
8199, 21    Aqr,21,,,Aqr,203926,145384,,321.320833,-3.556667,5.49,,1.46,K4III,-0.008,-0.065,,false
8200,,,,,,203949,212998,,321.595417,-37.829444,5.63,,1.19,K2III,0.163,-0.012,,false
8201,,,,,,203955,258904,,323.335833,-80.039167,6.47,,0.04,A0V,0.006,-0.012,,false
8202,,,,,,204018,230692,,321.756667,-42.547778,5.51,,0.39,Am,-0.049,0.017,,false
8203,,,,,,204041,126789,,321.464583,0.534444,6.46,,0.16,A1IV,0.04,0.013,,false
8204, 34Zet Cap,34,Zet,,Cap,204075,190341,,321.666667,-22.411389,3.74,,1.0,G4Ib,0.001,0.023,-0.01,false
8205,,,,,,204121,126794,,321.617083,1.103333,6.13,,0.44,F5V,0.113,-0.163,0.028,false
8206,,,,,,204131,50817,V1934 Cyg,321.23125,49.323333,6.58,,-0.03,B9pSi:Cr:Sr:,-0.015,-0.007,,false
8207, 35    Cap,35,,,Cap,204139,190349,,321.811667,-21.196111,5.78,,1.44,K5III,-0.026,-0.03,,false
8208,,,,,,204153,50824,,321.331667,46.714444,5.6,,0.32,F0V,0.195,0.048,0.039,false
8209, 69    Cyg,69,,,Cyg,204172,71329,,321.445833,36.6675,5.94,,-0.08,B0Ib,0.006,-0.005,,false
8210,,,,,,204188,107138,IK Peg,321.61125,19.375556,6.07,,0.22,A8m,0.081,0.014,,false
8211,,,,,,204228,247043,,322.25125,-53.705833,6.39,,1.14,K2IIICNIb,0.081,-0.025,,false
8212,,,,,,204363,164415,,322.057917,-11.568333,6.61,,0.49,F3V,0.009,-0.048,,false
8213, 36    Cap,36,,,Cap,204381,190374,,322.180833,-21.807222,4.51,,0.91,G5III,0.138,-0.006,0.023,false
8214,  5    PsA,5,,,PsA,204394,213034,,322.265833,-31.238611,6.5,,0.03,A0,0.022,-0.011,,false
8215, 70    Cyg,70,,,Cyg,204403,71358,,321.839167,37.116667,5.31,,-0.14,B3V,0.0,0.002,,false
8216,,,,,,204411,50867,13718,321.715,48.835,5.31,,0.07,A6pCrEu:,0.06,0.023,0.008,false
8217, 35    Vul,35,,,Vul,204414,89720,,321.917083,27.608611,5.41,,0.04,A1V,0.041,0.018,0.019,false
8218,,,,,,204428,33434,,321.6875,52.898611,6.03,,-0.12,B6V,0.017,0.008,0.018,false
8219,,,,,,204445,126818,13727,322.103333,8.195556,6.4,,1.64,M1,0.011,-0.025,,false
8220,,,,,,204485,71371,,322.034583,32.225278,5.8,,0.32,F0V,0.137,0.083,0.023,false
8221,,,,,,204560,107168,13738,322.249583,17.905833,6.44,,1.39,K5,-0.015,-0.001,,false
8222,,,,,,204577,164433,,322.498333,-19.147778,6.57,,0.41,F0V,0.034,-0.045,,false
8223,,,,,,204585,89737,13740,322.249583,22.179444,5.93,,1.53,M4.5III-IIIa,0.045,0.011,,false
8224,,,,,,204599,33443,13729,321.855417,59.75,6.1,,1.75,M3IIIaBa0.2,-0.022,-0.018,,false
8225,  2    Peg,2,,,Peg,204724,89752,,322.487083,23.638889,4.57,,1.62,M1+III,0.024,0.004,0.013,false
8226,,,,,,204754,33458,13745,322.219583,55.418611,6.12,,0.14,B8III,0.014,0.011,,false
8227,  7    Cep,7,,,Cep,204770,19432,,321.942083,66.809167,5.44,,-0.11,B7V,-0.014,-0.019,0.006,false
8228, 71    Cyg,71,,,Cyg,204771,50934,,322.3625,46.540556,5.24,,0.97,K0-III,0.045,0.104,0.023,false
8229,   Xi  Gru,,Xi,,Gru,204783,230726,,323.024583,-41.179167,5.29,,1.1,K0III,0.018,0.015,0.012,false
8230,  6    PsA,6,,,PsA,204854,213078,13762,323.060833,-33.944722,5.97,,0.05,A2IV,-0.001,-0.004,,false
8231,,,,,,204862,107195,,322.79,12.1375,6.08,,-0.05,B9.5V,0.019,-0.014,,false
8232, 22Bet Aqr,22,Bet,,Aqr,204867,145457,,322.889583,-5.571111,2.91,,0.83,G0Ib,0.021,-0.008,0.006,false
8233,,,,,,204873,247080,,323.32375,-52.7375,6.41,,1.48,K4III,-0.005,-0.009,,false
8234,,,,,,204904,257942,,324.734167,-79.4425,6.18,,0.46,F4IV,0.059,-0.022,,false
8235,,,,,,204943,190423,,323.13875,-24.590556,6.43,,0.2,A7V,0.073,0.007,,false
8236,,,,,,204960,230737,,323.347917,-44.848611,5.57,,1.04,K1III,-0.017,-0.007,,false
8237,,,,,,204965,33477,,322.585,52.958056,6.02,,0.08,A2Vp,0.024,0.015,,false
8238,  8Bet Cep,8,Bet,,Cep,205021,10057,Bet Cep,322.165,70.560833,3.23,,-0.22,B1IV,0.01,0.007,0.014,false
8239,,,,,,205072,3568,,321.207083,80.524722,5.97,,0.92,gG6,0.044,-0.016,,false
8240,,,,,,205087,89786,13774,323.112917,23.394444,6.7,,-0.09,B9pSiSrCr,0.036,0.002,,false
8241,,,,,,205096,230741,,323.570833,-42.925,6.32,,1.09,K1IIICNII,-0.041,-0.024,,false
8242,,,,,,205114,33497,,322.864583,52.62,6.16,,0.9,G2Ib+B9V,0.009,0.003,,false
8243,,,,,,205139,19466,,322.747083,60.459444,5.53,,0.12,B1II,-0.002,-0.001,,false
8244,,,,,,205265,190458,,323.720833,-29.696111,6.41,,-0.11,B8III,0.017,-0.017,,false
8245, 37    Cap,37,,,Cap,205289,190461,,323.7125,-20.084444,5.69,,0.4,F1V,-0.037,0.031,,false
8246,,,,,,205314,51019,,323.235833,49.977778,5.75,,-0.03,A0V,0.02,0.015,,false
8247,,,,,,205342,190469,,323.81625,-23.454167,6.4,,1.1,gG7,0.077,-0.008,,false
8248,,,,,,205349,51027,13784,323.324583,45.854167,6.25,,1.81,K1Ib,-0.001,0.003,,false
8249,,,,,,205417,255040,,324.512083,-64.824167,6.2,,0.03,A0-1IV,0.032,-0.01,,false
8250,,,,,,205420,89807,,323.641667,22.754722,6.47,,0.51,F7V,0.014,-0.041,,false
8251,,,,,,205423,145510,,323.823333,-3.983056,5.77,,1.11,gG9,-0.005,0.001,0.001,false
8252, 73Rho Cyg,73,Rho,,Cyg,205435,51035,13787,323.495417,45.591944,4.02,,0.89,G8IIIFe-0.5,-0.023,-0.094,0.002,false
8253,  8    PsA,8,,,PsA,205471,190478,,324.045833,-26.171389,5.73,,0.22,A7/8IV,0.111,-0.023,,false
8254,   Nu  Oct,,Nu,,Oct,205478,257948,,325.36875,-77.39,3.76,,1.0,K0III,0.045,-0.24,0.053,false
8255, 72    Cyg,72,,,Cyg,205512,71480,,323.694167,38.534167,4.9,,1.08,K0.5III,0.124,0.099,0.012,false
8256,  7    PsA,7,,,PsA,205529,213136,,324.20375,-33.048056,6.11,,0.22,A7Vn,0.089,-0.003,,false
8257,,,,,,205539,89815,,323.829167,28.197222,6.31,,0.35,F0IV,0.128,-0.043,,false
8258,,,,,,205541,89819,,323.8625,24.452222,6.11,,,A4V,0.011,-0.011,0.002,false
8259,,,,,,205551,33540,,323.614583,51.698333,6.15,,0.02,B9IIIe,0.007,0.0,-0.006,false
8260, 39Eps Cap,39,Eps,,Cap,205637,164520,Eps Cap,324.27,-19.466111,4.68,,-0.17,B2.5Vpe,0.015,0.003,,false
8261,,,,,,205688,89834,,324.057917,30.055556,6.36,R,,G8III-IV,-0.063,0.062,,false
8262,,,,,,205730,51079,W Cyg,324.01,45.374722,5.53,,1.58,M5IIIae,0.051,0.006,,false
8263,,,,,,205765,145533,,324.390833,-0.390278,6.25,,0.06,A2V,-0.015,-0.023,,false
8264, 23Xi  Aqr,23,Xi,,Aqr,205767,145537,,324.437917,-7.854167,4.69,,0.17,A7V,0.116,-0.025,0.012,false
8265,  3    Peg,3,,,Peg,205811,126940,,324.432083,6.618333,6.18,,0.02,A2V,0.06,-0.007,,false
8266, 74    Cyg,74,,,Cyg,205835,51101,,324.2375,40.413611,5.01,,0.18,A5V,-0.001,0.013,0.02,false
8267,  5    Peg,5,,,Peg,205852,107288,,324.439167,19.318611,5.45,,0.3,F1IV,0.101,0.013,0.007,false
8268,,,,,,205872,213168,,324.775417,-33.679167,6.28,,0.92,G8IV,0.066,-0.051,,false
8269,,,,,,205877,247128,,324.99875,-52.359167,6.21,,0.6,F7III,-0.017,0.001,,false
8270,  4    Peg,4,,,Peg,205924,126956,,324.632917,5.771667,5.67,,0.25,A9IV-Vn,0.114,0.024,0.033,false
8271,,,,,,205935,247132,,325.14,-55.7375,6.33,,1.06,K0II-III,0.01,0.023,,false
8272,,,,,,205939,51109,CP Cyg,324.36625,44.696667,6.2,,0.19,A7III,-0.001,-0.028,,false
8273,,,,,,206005,164555,,324.867083,-10.576944,6.08,,1.03,K0,0.019,-0.05,,false
8274,,,,,,206027,89870,,324.6875,25.498889,6.16,,1.02,G9III,-0.021,0.003,,false
8275,,,,,,206040,33596,,324.41125,54.042222,6.15,,0.99,K1III,-0.019,0.0,,false
8276,,,,,,206043,89871,,324.754583,20.265278,5.85,,0.32,F2V,0.113,-0.003,0.021,false
8277, 25    Aqr,25,,,Aqr,206067,126965,,324.88875,2.243611,5.1,,1.04,K0III,-0.026,-0.082,0.006,false
8278, 40Gam Cap,40,Gam,,Cap,206088,164560,,325.022917,-16.662222,3.68,,0.32,F0p,0.19,-0.023,0.029,false
8279,  9    Cep,9,,,Cep,206165,19541,V337 Cep,324.48,62.081944,4.73,,0.3,B2Ib,-0.003,-0.002,-0.008,false
8280,   Lam Oct,,Lam,,Oct,206240,258914,,327.72625,-82.719167,5.29,,0.75,G8-K0III,0.058,-0.036,0.011,false
8281,,,,,,206267,33626,,324.74,57.489167,5.62,,0.21,O6.5V((f)),-0.001,-0.003,,false
8282,,,,,,206291,190555,,325.442083,-25.101944,6.49,,1.19,K0,-0.021,-0.003,,false
8283, 42    Cap,42,,,Cap,206301,164580,,325.387083,-14.0475,5.18,,0.65,G1V+G0V,-0.118,-0.307,0.034,false
8284, 75    Cyg,75,,,Cyg,206330,51167,13834,325.04625,43.273889,5.11,,1.6,M1IIIab,0.063,0.016,0.004,false
8285, 41    Cap,41,,,Cap,206356,190559,,325.503333,-23.262778,5.24,,0.95,G9III,0.102,-0.089,0.025,false
8286,,,,,,206399,257955,,326.37,-71.008889,6.01,,-0.1,B8IV,0.009,-0.019,,false
8287, 26    Aqr,26,,,Aqr,206445,126997,,325.542083,1.285278,5.67,,1.44,K2III,0.001,-0.007,,false
8288, 43Kap Cap,43,Kap,,Cap,206453,164593,,325.664583,-18.866389,4.73,,0.88,G8III,0.147,-0.006,0.028,false
8289,  7    Peg,7,,,Peg,206487,127002,13848,325.564583,5.68,5.3,,1.64,M2IIIab,0.014,-0.006,,false
8290,,,,,,206509,33656,,325.180417,54.872222,6.2,,1.16,K0III,0.01,0.005,,false
8291, 76    Cyg,76,,,Cyg,206538,51189,,325.392917,40.805278,6.11,,0.07,A2V,-0.012,-0.046,0.013,false
8292,,,,,,206540,107340,,325.6375,10.824722,6.09,,-0.11,B5IV,0.024,-0.002,,false
8293,,,,,,206546,164601,,325.80625,-19.620833,6.22,,0.27,A3m,0.077,-0.011,,false
8294,,,,,,206553,258931,CG Oct,341.369167,-88.818333,6.57,,0.28,F0IV-V,0.016,-0.04,,false
8295, 44    Cap,44,,,Cap,206561,164600,,325.768333,-14.399722,5.88,,0.25,F0IV,-0.002,0.025,,false
8296, NOVA 1876,NO,VA,1,876,,,Q Cyg,,,,,,,,,,true
8297,,,,,,206570,71613,V460 Cyg,325.504583,35.510278,6.07,,2.52,C6.3,0.007,0.0,,false
8298,,,,,,206632,51204,V1339 Cyg,325.535,45.765833,6.17,,1.55,M4III:,0.006,-0.013,0.003,false
8299,,,,,,206642,213248,,326.122917,-38.5525,6.3,,1.12,G5III,0.081,-0.168,,false
8300, 77    Cyg,77,,,Cyg,206644,51207,,325.595417,41.077222,5.69,,0.01,A0V,0.021,0.003,0.003,false
8301, 80Pi 1Cyg,80,Pi,1,Cyg,206672,33665,,325.52375,51.189722,4.67,,-0.12,B3IV,0.006,-0.006,,false
8302, 45    Cap,45,,,Cap,206677,164612,,326.004167,-14.749444,5.99,,0.21,F0V,-0.023,0.008,,false
8303,,,,,,206690,230822,,326.329167,-49.498611,6.45,,1.15,K1III,0.094,0.053,,false
8304,,,,,,206731,51217,,325.662083,49.600278,6.09,,1.0,G8II,0.01,-0.002,,false
8305,  9Iot PsA,9,Iot,,PsA,206742,213258,,326.236667,-33.025833,4.34,,-0.05,A0V,0.034,-0.094,0.041,false
8306,,,,,,206749,51221,13857,325.776667,41.155,5.49,,1.59,M2IIIab,-0.023,-0.015,,false
8307, 79    Cyg,79,,,Cyg,206774,71643,,325.857083,38.283889,5.65,R,0.0,A0V,0.036,0.004,,false
8308,  8Eps Peg,8,Eps,,Peg,206778,127029,Eps Peg,326.046667,9.875,2.39,,1.53,K2Ib,0.031,-0.001,0.006,false
8309, 78Mu 1Cyg,78,Mu,1,Cyg,206826,89940,,326.035833,28.742778,4.73,H,0.48,F6V,0.292,-0.241,0.049,false
8310, 78Mu 2Cyg,78,Mu,2,Cyg,206827,89939,,326.034583,28.743056,6.08,H,0.36,G2V,0.231,-0.219,0.049,false
8311, 46    Cap,46,,,Cap,206834,145637,,326.25125,-9.0825,5.09,,1.11,G8II-III,0.021,-0.005,0.002,false
8312,,,,,,206842,33683,,325.689167,59.271111,6.08,,1.34,K1III,-0.003,0.01,,false
8313,  9    Peg,9,,,Peg,206859,107365,13864,326.127917,17.35,4.34,,1.17,G5Ib,0.012,-0.013,0.008,false
8314,,,,,,206860,107364,HN Peg,326.130417,14.771944,5.94,,0.59,G0V,0.234,-0.119,0.065,false
8315, 10Kap Peg,10,Kap,,Peg,206901,89949,,326.16125,25.645,4.13,,0.43,F5IV,0.034,0.01,0.035,false
8316,   Mu  Cep,,Mu,,Cep,206936,33693,Mu  Cep,325.876667,58.78,4.08,,2.35,M2-Ia,0.003,-0.003,0.003,false
8317, 11    Cep,11,,,Cep,206952,10126,,325.480417,71.311389,4.56,,1.1,K1III,0.117,0.099,0.008,false
8318, 47    Cap,47,,,Cap,207005,145648,AG Cap,326.567917,-9.275833,6.0,,1.66,M3III,0.021,0.009,,false
8319, 48Lam Cap,48,Lam,,Cap,207052,164639,,326.63375,-11.365833,5.58,,-0.01,A1V,0.031,-0.008,0.015,false
8320,,,,,,207088,71675,,326.435417,35.857222,6.4,,1.0,G8III,0.094,0.012,,false
8321, 12    Peg,12,,,Peg,207089,89972,,326.518333,22.948889,5.29,,1.41,K0IbHdel 0.5,0.01,-0.005,0.006,false
8322, 49Del Cap,49,Del,,Cap,207098,164644,Del Cap,326.76,-16.127222,2.87,,0.29,Am,0.263,-0.297,0.087,false
8323,,,,,,207129,230846,,327.065833,-47.303611,5.58,,0.6,G0V,0.167,-0.298,0.073,false
8324,,,,,,207130,10131,,325.766667,72.320278,5.17,,1.05,K0III,-0.044,-0.038,0.015,false
8325,,,,,,207134,89976,,326.6,25.563333,6.28,,1.21,K3III:,0.166,0.044,0.006,false
8326, 10The PsA,10,The,,PsA,207155,213292,,326.934167,-30.898333,5.01,,0.04,A2V,-0.032,0.002,0.006,false
8327,,,,,,207198,19621,,326.222083,62.460556,5.95,,0.31,O9Ib-II,-0.007,-0.002,,false
8328, 11    Peg,11,,,Peg,207203,127060,,326.808333,2.686111,5.64,,0.0,A1V,0.01,-0.003,0.005,false
8329,,,,,,207218,51277,,326.569167,43.060833,6.54,,0.28,G0:III+A4V,0.013,0.013,,false
8330,,,,,,207223,107395,,326.769583,17.194167,6.21,,0.34,F3V,0.094,-0.014,,false
8331,,,,,,207229,255080,,327.500417,-64.7125,5.62,,1.02,K0III,-0.003,-0.042,,false
8332,,,,,,207235,145671,,326.90875,-5.917222,6.17,,0.22,A7V,0.049,-0.002,,false
8333,   Omi Ind,,Omi,,Ind,207241,255087,,327.69625,-69.629444,5.53,,1.37,K2-3III,-0.031,-0.002,0.029,false
8334, 10Nu  Cep,10,Nu,,Cep,207260,19624,Nu Cep,326.362083,61.120833,4.29,,0.52,A2Ia,-0.003,-0.003,0.013,false
8335, 81Pi 2Cyg,81,Pi,2,Cyg,207330,51293,,326.698333,49.309444,4.23,,-0.12,B3III,0.004,-0.002,-0.001,false
8336,,,,,,207446,71716,,327.034583,36.580556,6.47,R,,K5,-0.028,0.002,,false
8337,,,,,,207503,164679,,327.42125,-12.723056,6.31,,0.22,A3m,-0.003,0.015,,false
8338,,,,,,207516,71722,,327.1225,38.648611,6.12,,-0.08,B8V,0.022,-0.002,,false
8339, 12    Cep,12,,,Cep,207528,19642,,326.855417,60.692778,5.52,,1.52,M1IIIb,-0.008,0.0,0.021,false
8340,,,,,,207552,164686,,327.554583,-16.844722,6.38,,1.42,K0,0.034,0.0,,false
8341,,,,,,207563,90027,,327.362083,20.4625,6.29,,-0.1,B2V,0.003,-0.002,,false
8342,,,,,,207636,19646,,326.754167,70.150833,6.29,R,,A0V,-0.004,-0.026,,false
8343, 14    Peg,14,,,Peg,207650,90040,,327.46125,30.174167,5.04,,-0.03,A1V s,0.019,-0.027,0.006,false
8344, 13    Peg,13,,,Peg,207652,107425,13891,327.53625,17.285556,5.29,,0.37,F2III-IV,0.076,-0.061,0.015,false
8345,,,,,,207673,51344,,327.417083,41.148889,6.48,,0.42,A2Ib,-0.002,-0.007,,false
8346,,,,,,207760,164697,,327.924167,-18.623056,6.16,,0.36,F0III,0.148,-0.079,,false
8347,,,,,,207780,19663,,327.329167,61.272778,6.17,,1.67,M1II-III,0.003,-0.024,,false
8348,,,,,,207840,107445,,327.8925,19.826667,5.77,,-0.1,B8III,0.014,0.017,,false
8349,,,,,,207857,71767,V1619 Cyg,327.770417,39.536667,6.17,,-0.08,B9pHgMn,0.006,0.005,,false
8350,,,,,,207932,90059,HO Peg,328.075833,21.273056,6.89,R,,M4III,0.015,0.021,,false
8351, 51Mu  Cap,51,Mu,,Cap,207958,164713,,328.324167,-13.551667,5.08,,0.37,F1III,0.313,0.013,0.047,false
8352,,,,,,207964,255101,,328.797917,-61.886389,5.9,,0.39,F1III,0.05,-0.084,0.019,false
8353,   Gam Gru,,Gam,,Gru,207971,213374,,328.482083,-37.365,3.01,,-0.12,B8III,0.102,-0.021,0.013,false
8354, 15    Peg,15,,,Peg,207978,90065,,328.124583,28.793333,5.53,,0.42,F6IV-V vw,-0.059,-0.067,0.04,false
8355,,,,,,208008,164717,,328.4,-10.311667,6.59,,-0.12,B9V,0.012,-0.004,,false
8356, 16    Peg,16,,,Peg,208057,90075,,328.265833,25.925,5.08,,-0.17,B3Ve,0.009,-0.002,0.003,false
8357,,,,,,208095,33819,13909,328.004167,55.796944,5.71,,-0.13,B6IV-V,0.013,0.003,0.005,false
8358,,,,,,208108,107474,,328.405833,19.668333,5.68,,0.01,A0V s,0.013,0.013,,false
8359,,,,,,208110,127141,,328.490833,6.864444,6.15,,0.8,G0III s,0.081,0.0,,false
8360,,,,,,208111,145731,,328.543333,-4.276111,5.71,,1.18,K2III,0.057,-0.093,0.017,false
8361,,,,,,208132,19686,,327.905417,65.752778,6.37,,,A1m,-0.006,-0.015,0.01,false
8362,   Pi  Ind,,Pi,,Ind,208149,247230,,329.058333,-57.899444,6.19,,0.21,Am,0.016,0.011,,false
8363,,,,,,208177,145735,,328.649583,-3.301111,6.2,,0.48,F5IV,0.018,-0.028,,false
8364,,,,,,208202,107489,,328.5725,19.718333,6.39,,0.97,K0III+F7V,-0.034,-0.008,,false
8365,,,,,,208285,213406,,328.981667,-30.606389,6.41,,0.93,G8III,0.051,-0.026,,false
8366,,,,,,208321,213414,,329.095,-37.253611,5.46,,0.08,A2Vn,-0.016,-0.002,,false
8367,,,,,,208435,213427,BZ Gru,329.259167,-37.746944,6.18,,0.33,F1III-IV,0.022,-0.003,,false
8368,   Del Ind,,Del,,Ind,208450,247244,,329.479583,-54.9925,4.4,,0.28,F0IV,0.048,-0.007,0.02,false
8369,   Kap1Ind,,Kap,1,Ind,208496,247247,BG Ind,329.625417,-59.012222,6.12,,0.46,F3V,0.005,0.026,,false
8370,,,,,,208500,257990,,330.467083,-77.6625,6.41,,0.22,A5IV-V,-0.031,-0.002,,false
8371, 13    Cep,13,,,Cep,208501,33864,13963,328.721667,56.611389,5.8,,0.73,B8Ib,-0.003,-0.001,,false
8372,,,,,,208527,90112,,329.1,21.239722,6.4,,1.7,K5V,0.002,0.015,0.004,false
8373, 17    Peg,17,,,Peg,208565,107528,,329.235,12.076389,5.54,,0.05,A2Vnn,-0.024,-0.014,,false
8374,,,,,,208606,19738,,328.83625,61.541944,6.13,,1.6,G8Ib,0.004,0.007,,false
8375,,,,,,208682,19742,13966,328.879583,65.320833,5.86,,-0.06,B2.5Ve,0.007,0.003,,false
8376,,,,,,208703,145778,,329.555417,-5.424722,6.33,,0.37,F5IV,0.04,-0.101,,false
8377,,,,,,208727,51477,,329.259167,48.668611,6.42,,-0.08,B8V,0.005,0.002,,false
8378,,,,,,208735,190786,,329.6825,-21.182778,6.12,,1.65,M4III,0.023,-0.002,,false
8379,,,,,,208737,213452,,329.824583,-38.395278,5.5,,1.0,K0III,0.042,-0.006,,false
8380,,,,,,208741,257993,,330.765833,-76.118611,5.95,,0.39,F3III,0.022,-0.08,,false
8381,,,,,,208796,247262,,330.100417,-55.882778,6.01,,-0.1,B9IV-V,0.01,0.014,,false
8382,,,,,,208801,145784,,329.729167,-4.373056,6.22,,1.0,K2V,0.001,-0.254,0.034,false
8383,,,,,,208816,19753,VV Cep,329.162917,63.625556,4.91,,1.77,M2Iaep+B8Ve,-0.005,-0.004,0.004,false
8384,,,,,,208947,19760,,329.29625,66.156111,6.43,,-0.05,B2V,0.005,0.001,,false
8385, 18    Peg,18,,,Peg,209008,127219,,330.032917,6.7175,6.0,,-0.12,B3III,0.015,0.004,,false
8386, 12Eta PsA,12,Eta,,PsA,209014,190822,13993,330.209167,-28.453611,5.42,,-0.09,B8V,0.016,0.006,0.011,false
8387,   Eps Ind,,Eps,,Ind,209100,247287,,330.84,-56.786111,4.69,,1.06,K4-5V,3.961,-2.538,0.285,false
8388,,,,,,209112,19773,,329.7225,62.698333,5.93,,1.67,M3IIIab,0.004,0.026,,false
8389,,,,,,209124,33943,,329.845833,57.658333,6.59,,0.03,A0III-IV,0.004,-0.015,,false
8390, 28    Aqr,28,,,Aqr,209128,127235,,330.270833,0.605,5.58,,1.28,gK4,0.01,-0.013,,false
8391,,,,,,209149,71932,,330.111667,33.006111,6.46,,,F5III,-0.006,0.064,,false
8392, 20    Peg,20,,,Peg,209166,107587,,330.2725,13.119722,5.6,,0.34,F4III,0.059,-0.057,0.038,false
8393, 19    Peg,19,,,Peg,209167,127239,,330.288333,8.257222,5.65,,1.44,gK5,-0.009,-0.002,,false
8394,,,,,,209240,164827,,330.549583,-17.903611,6.28,,1.01,gG7,0.123,-0.06,,false
8395,,,,,,209258,10208,,329.4625,74.996667,6.35,,1.56,K5,-0.007,-0.012,,false
8396, 29    Aqr,29,,,Aqr,209278,164830,DX Aqr,330.610833,-16.964167,6.37,,0.42,A2V+K0III,0.015,0.001,0.006,false
8397,,,,,,209288,107599,14001,330.505833,10.973889,6.37,,-0.1,B5IIIn,0.022,0.003,,false
8398,,,,,,209335,213502,,330.821667,-29.904167,7.1,,0.32,F0IIIn,0.122,-0.014,,false
8399,,,,,,209339,19792,13998,330.16375,62.488056,6.66,,0.06,B0IV,-0.001,0.007,,false
8400, 16    Cep,16,,,Cep,209369,10216,,329.8125,73.18,5.03,,0.44,F5V,-0.068,-0.161,0.033,false
8401, 30    Aqr,30,,,Aqr,209396,145836,,330.818333,-6.5225,5.54,,0.96,K0III,0.045,0.006,,false
8402, 31Omi Aqr,31,Omi,,Aqr,209409,145837,Omi Aqr,330.82875,-2.155278,4.69,,-0.06,B7IVe,0.028,-0.012,,false
8403,,,,,,209419,33985,,330.460833,52.882222,5.78,,-0.11,B5III,0.011,0.006,,false
8404, 21    Peg,21,,,Peg,209459,107625,,330.829167,11.386389,5.8,,-0.07,B9.5V,0.017,-0.012,,false
8405, 13    PsA,13,,,PsA,209476,213517,,331.099583,-29.916667,6.47,,1.63,K5III,0.014,0.001,,false
8406, 14    Cep,14,,,Cep,209481,33990,LZ Cep,330.519167,58.000556,5.56,,0.06,O9Vn,-0.002,0.0,-0.009,false
8407,,,,,,209515,51595,V1942 Cyg,330.73625,44.65,5.6,,-0.03,A0IV,-0.018,-0.033,,false
8408,,,,,,209522,190864,14011,331.153333,-26.8225,5.96,,-0.14,B4IVne,0.017,-0.015,,false
8409,   Kap2Ind,,Kap,2,Ind,209529,247303,,331.462083,-59.636111,5.62,,1.46,K4III,0.048,-0.056,,false
8410, 32    Aqr,32,,,Aqr,209625,145853,,331.1975,-0.906667,5.3,,0.23,A5m,-0.015,-0.052,0.014,false
8411,   Lam Gru,,Lam,,Gru,209688,213543,,331.52875,-39.543333,4.46,,1.37,K3III,-0.023,-0.124,0.013,false
8412,,,,,,209693,71998,,331.143333,32.941944,6.38,,1.1,G5Ia,-0.007,0.001,,false
8413, 22Nu  Peg,22,Nu,,Peg,209747,127285,14020,331.42,5.058611,4.84,,1.44,K4III,0.111,0.1,0.014,false
8414, 34Alp Aqr,34,Alp,,Aqr,209750,145862,,331.445833,-0.319722,2.96,,0.98,G2Ib,0.02,-0.01,0.012,false
8415,,,,,,209761,90214,,331.2975,26.673889,5.78,,1.25,K2III,0.034,0.032,,false
8416, 18    Cep,18,,,Cep,209772,19828,MO Cep,330.970417,63.119722,5.29,,1.58,M5IIIab,0.031,0.055,-0.006,false
8417, 17Xi  Cep,17,Xi,,Cep,209790,19827,,330.9475,64.627778,4.29,,0.34,A3/6Vm,0.209,0.085,0.032,false
8418, 33Iot Aqr,33,Iot,,Aqr,209819,164861,,331.609167,-13.869722,4.27,,-0.07,B9IV-V,0.042,-0.056,,false
8419, 23    Peg,23,,,Peg,209833,90217,,331.394583,28.963889,5.7,,-0.06,B9Vn,0.031,-0.012,,false
8420,,,,,,209855,258003,,332.677083,-75.880556,6.55,,1.18,K2IIICNII,0.035,-0.002,,false
8421,,,,,,209857,51632,HT Lac,331.318333,46.744722,6.13,,1.61,M4IIIab,-0.042,-0.02,,false
8422,,,,,,209932,51640,,331.460833,45.112222,6.44,,-0.03,A0V,0.026,-0.009,,false
8423,,,,,,209942,3673,,329.552917,82.869722,6.98,,0.52,F6IV-V,-0.141,-0.041,0.011,false
8424,,,,,,209945,51650,14028,331.508333,45.014444,5.14,,1.57,K5III,-0.007,-0.016,0.006,false
8425,   Alp Gru,,Alp,,Gru,209952,230992,14040,332.058333,-46.961111,1.74,,-0.13,B7IV,0.129,-0.151,0.057,false
8426, 20    Cep,20,,,Cep,209960,19847,Var?,331.252083,62.785556,5.27,,1.41,K4III,0.015,0.058,-0.0,false
8427,,,,,,209961,51645,V365 Lac,331.463333,48.231667,6.27,,-0.06,B2V,-0.005,0.004,,false
8428, 19    Cep,19,,,Cep,209975,19849,,331.287083,62.28,5.11,,0.08,O9.5Ib,0.003,0.0,,false
8429,,,,,,209993,51652,,331.551667,45.248611,6.19,,0.09,A3V,0.036,-0.01,,false
8430, 24Iot Peg,24,Iot,,Peg,210027,90238,14034,331.752917,25.345,3.76,,0.44,F5V,0.298,0.025,0.082,false
8431, 14Mu  PsA,14,Mu,,PsA,210049,213576,,332.095833,-32.988611,4.5,,0.05,A2V,0.08,-0.031,0.03,false
8432,,,,,,210056,258006,,332.980417,-76.116111,6.15,,1.0,K0III,-0.044,-0.043,,false
8433,   Ups PsA,,Ups,,PsA,210066,213577,,332.108333,-34.043889,4.99,,1.48,M1III,0.008,-0.049,0.009,false
8434,,,,,,210071,34055,,331.55625,56.343056,6.39,,-0.1,A0III,0.014,-0.011,,false
8435,,,,,,210074,107675,,331.869167,19.475556,5.75,R,,dF2,0.125,0.037,0.016,false
8436,,,,,,210090,107676,14039,331.875,18.000556,6.35,,1.64,M1,0.025,-0.04,,false
8437,,,,,,210111,213583,,332.177917,-33.125556,6.37,,0.2,A2III/IV,0.022,0.029,,false
8438, 25    Peg,25,,,Peg,210129,90252,,331.959583,21.702778,5.78,,-0.1,B7Vne,-0.047,-0.069,,false
8439, 35    Aqr,35,,,Aqr,210191,164888,,332.245833,-18.519722,5.81,,-0.17,B2.5IV,0.003,-0.012,,false
8440,,,,,,210204,231005,,332.491667,-48.107222,6.43,,1.39,K3III,0.077,-0.047,,false
8441,,,,,,210210,90259,,332.071667,25.543611,6.11,,0.27,F1IV,-0.038,-0.037,,false
8442,,,,,,210220,34072,,331.79,58.840833,6.32,,0.88,G6III,-0.013,-0.022,0.017,false
8443,,,,,,210221,34076,,331.85625,53.307222,6.14,,0.43,A3Ib,-0.007,-0.009,,false
8444,,,,,,210271,213599,14049,332.482083,-34.014722,5.37,,0.24,A5V,-0.017,0.038,0.027,false
8445,,,,,,210289,51678,,332.06875,49.796389,6.42,R,,K5III,0.029,-0.023,,false
8446,,,,,,210300,190930,,332.500417,-28.2925,6.44,,0.15,A5V,0.032,0.026,,false
8447, 15Tau PsA,15,Tau,,PsA,210302,213602,,332.536667,-32.548333,4.92,,0.48,F6V,0.434,0.013,0.053,false
8448,,,,,,210334,51684,AR Lac,332.170833,45.741944,6.11,,0.72,G2IV+K0III,-0.027,0.031,,false
8449, 27Pi 1Peg,27,Pi,1,Peg,210354,72064,,332.306667,33.172222,5.58,,1.0,G8IIIb,-0.059,-0.067,0.006,false
8450, 26The Peg,26,The,,Peg,210418,127340,14057,332.55,6.197778,3.53,,0.08,A2Vp,0.276,0.027,0.049,false
8451,,,,,,210419,145914,,332.587917,-3.894167,6.27,,-0.01,A1Vnn,0.019,-0.05,,false
8452, 38    Aqr,38,,,Aqr,210424,164910,,332.65625,-11.565,5.46,,-0.12,B7III,0.036,0.009,,false
8453,,,,,,210434,145916,,332.640833,-4.267222,6.01,,0.98,K0III-IV,0.076,-0.003,,false
8454, 29Pi 2Peg,29,Pi,2,Peg,210459,72077,,332.496667,33.178333,4.29,,0.46,F5III,-0.014,-0.021,0.007,false
8455,,,,,,210460,107706,,332.579167,19.616944,6.18,,0.69,G0V,0.086,-0.075,,false
8456,,,,,,210461,107707,,332.5925,14.63,6.33,,1.08,K0III,0.034,-0.026,,false
8457,,,,,,210464,190945,,332.76,-21.2325,6.09,,0.5,F6V,0.122,-0.033,,false
8458,,,,,,210502,107712,,332.655833,11.624444,5.78,,1.58,M1III,-0.046,-0.054,,false
8459, 28    Peg,28,,,Peg,210516,90287,,332.625833,20.978056,6.46,,0.12,A3III,0.0,-0.008,,false
8460,,,,,,210594,72095,,332.715,30.553056,6.32,,0.18,A8IV,0.008,-0.009,,false
8461,,,,,,210702,107729,,332.96375,16.040556,5.95,,0.95,K1III,-0.008,-0.019,,false
8462, 39    Aqr,39,,,Aqr,210705,164923,14068,333.1075,-14.193889,6.03,,0.38,F2V,0.028,-0.042,,false
8463,,,,,,210715,34143,,332.79125,50.823333,5.4,,0.15,A5V,0.139,0.041,0.008,false
8464,,,,,,210739,190967,,333.239583,-26.327778,6.17,,0.17,A3V,-0.019,-0.033,,false
8465, 21Zet Cep,21,Zet,,Cep,210745,34137,14066,332.71375,58.201111,3.35,,1.57,K1.5Ib,0.015,0.004,0.017,false
8466,,,,,,210762,90317,,333.033333,24.95,5.92,,1.51,K0,-0.004,-0.022,,false
8467,,,,,,210763,145940,,333.1825,-4.720833,6.39,,0.5,F7V,-0.051,-0.035,,false
8468, 24    Cep,24,,,Cep,210807,10265,,332.451667,72.341111,4.79,,0.92,G7II-III,0.032,0.003,0.017,false
8469, 22Lam Cep,22,Lam,,Cep,210839,34149,14069,332.877917,59.414444,5.04,,0.25,O6I(n)fp,0.003,-0.011,0.006,false
8470,,,,,,210848,190976,,333.435,-25.180833,5.58,,0.49,F6III-II,0.074,0.016,,false
8471,   Psi Oct,,Psi,,Oct,210853,258020,,334.460417,-77.511667,5.51,,0.31,F3III,-0.041,0.011,,false
8472,,,,,,210855,34151,,332.953333,56.839444,5.24,,0.51,F8V,0.237,0.13,0.024,false
8473,,,,,,210873,10267,,332.56375,72.111111,6.37,,-0.06,B9pHgMn:,-0.009,-0.028,,false
8474,,,,,,210884,19922,,332.662083,70.132778,5.5,,0.38,F2V,-0.06,0.028,0.038,false
8475,,,,,,210889,72132,,333.199167,34.604722,5.33,,1.13,K2-III-IIIb,0.02,-0.05,0.003,false
8476,,,,,,210905,34158,,332.987083,59.084722,6.3,,1.13,K0III,0.129,0.083,,false
8477,,,,,,210918,231045,,333.660833,-41.381667,6.23,,0.65,G5V,0.567,-0.79,0.046,false
8478, 16Lam PsA,16,Lam,,PsA,210934,190985,,333.578333,-27.766944,5.43,,-0.16,B8III,0.026,0.002,0.012,false
8479,,,,,,210939,19932,,333.007917,60.759444,5.35,,1.17,K1III,-0.008,0.019,,false
8480, 41    Aqr,41,,,Aqr,210960,190986,,333.575,-21.074167,5.32,,0.8,K0III+F2V,0.016,0.066,0.016,false
8481,   Eps Oct,,Eps,,Oct,210967,258928,Eps Oct,335.00625,-80.439722,5.1,,1.47,M5III,0.043,-0.045,,false
8482,,,,,,211006,90337,,333.410833,28.608333,5.89,,1.15,K2III,0.071,-0.001,,false
8483,,,,,,211029,19937,,333.092917,63.291389,5.79,,1.67,M3IIIab,-0.006,-0.01,,false
8484,,,,,,211053,231053,,333.89625,-44.451944,6.1,,1.02,G8-K0III,0.013,-0.019,,false
8485,,,,,,211073,72155,14076,333.469583,39.715,4.49,,1.39,K3III,0.038,0.013,0.02,false
8486,   Mu 1Gru,,Mu,1,Gru,211088,231055,,333.90375,-41.346667,4.79,,0.8,G8III+G,0.044,0.022,0.009,false
8487,,,,,,211096,51783,,333.455417,45.440833,5.53,,0.04,A0III,0.081,0.009,,false
8488,   Mu 2Gru,,Mu,2,Gru,211202,231063,,334.110833,-41.6275,5.1,,0.92,G8III,-0.005,-0.013,0.01,false
8489,,,,,,211211,51797,,333.685,42.953889,5.71,,0.0,A2Vnn,0.049,-0.025,,false
8490,,,,,,211242,19948,,333.45625,63.1625,6.11,,-0.08,B8Vn,-0.02,-0.003,,false
8491,,,,,,211287,127420,,333.999167,8.549444,6.21,,0.02,A1Vn,0.034,-0.011,,false
8492,,,,,,211291,191016,,334.155833,-25.898333,6.15,,1.11,K1II/III,0.037,-0.018,,false
8493,,,,,,211300,10284,14078,333.220417,73.307222,6.08,,1.01,K0II-III+A3V,0.023,0.02,0.015,false
8494, 23Eps Cep,23,Eps,,Cep,211336,34227,Eps Cep,333.758333,57.043611,4.19,,0.28,F0IV,0.447,0.048,0.041,false
8495,,,,,,211356,145989,,334.14,-1.596389,6.15,,0.19,A5Vn,-0.029,-0.011,,false
8496, 42    Aqr,42,,,Aqr,211361,164974,,334.200417,-12.831389,5.34,,1.14,gK0,0.015,0.006,,false
8497,,,,,,211364,191021,,334.249167,-23.14,6.17,,1.05,G5,0.084,-0.055,,false
8498,  1    Lac,1,,,Lac,211388,72191,,333.9925,37.748889,4.13,,1.46,K3-II-III,0.013,0.004,0.003,false
8499, 43The Aqr,43,The,,Aqr,211391,145991,,334.208333,-7.783333,4.16,,0.98,G8III-IV,0.121,-0.022,0.021,false
8500,,,,,,211392,145992,14095,334.219167,-9.04,5.79,,1.16,gK3,-0.047,-0.009,,false
8501,,,,,,211415,247400,,334.565,-53.627778,5.37,,0.6,G3V,0.429,-0.667,0.083,false
8502,   Alp Tuc,,Alp,,Tuc,211416,255193,,334.625417,-60.259722,2.86,,1.39,K3III,-0.072,-0.043,0.026,false
8503,,,,,,211432,90379,,334.12375,27.804167,6.37,,0.99,G9III,-0.009,0.002,,false
8504, 44    Aqr,44,,,Aqr,211434,145993,14100,334.277083,-5.387222,5.75,,0.88,G6III,-0.002,0.02,,false
8505,   Ups Oct,,Ups,,Oct,211539,258932,,337.905833,-85.967222,5.77,,1.02,K0III,-0.041,0.059,,false
8506,,,,,,211554,34256,,334.110417,57.220278,5.88,,0.93,G8III,0.043,0.006,,false
8507,,,,,,211575,146004,,334.517917,-0.237778,6.39,,0.44,F3V,-0.039,-0.062,,false
8508, 45    Aqr,45,,,Aqr,211676,164996,,334.753333,-13.305,5.95,,1.06,gG7,0.079,-0.012,,false
8509,,,,,,211726,247410,,335.150833,-57.51,6.34,,1.37,K3-4III,0.022,-0.015,,false
8510,,,,,,211797,72228,,334.734167,37.769444,6.17,,0.28,A9IIIp,0.057,0.044,0.013,false
8511, 25    Cep,25,,,Cep,211833,19991,,334.552917,62.804444,5.75,,1.26,K3III,0.046,0.015,,false
8512, 46Rho Aqr,46,Rho,,Aqr,211838,146023,,335.049583,-7.821111,5.37,,-0.06,B8IIIpMn:Hg:,0.016,-0.001,,false
8513, 30    Peg,30,,,Peg,211924,127453,14122,335.115,5.789444,5.37,,-0.02,B5IV,0.023,-0.001,,false
8514,,,,,,211976,127460,,335.2325,8.186667,6.17,,0.44,F6V,0.048,0.023,,false
8515,   Nu  Ind,,Nu,,Ind,211998,258033,,336.153333,-72.255556,5.29,,0.65,A3V:+F9V,1.299,-0.678,0.031,false
8516, 47    Aqr,47,,,Aqr,212010,191083,,335.398333,-21.598333,5.13,,1.07,K2III,-0.008,-0.085,0.015,false
8517,,,,,,212047,90437,14127,335.250417,26.935278,6.47,,1.59,M4III,0.015,-0.006,,false
8518, 48Gam Aqr,48,Gam,,Aqr,212061,146044,14132,335.414167,-1.387222,3.84,,-0.05,A0V,0.132,0.007,0.046,false
8519,,,,,,212071,34335,,335.165,50.980833,6.42,R,,K2,0.012,0.004,,false
8520, 31    Peg,31,,,Peg,212076,107854,IN Peg,335.379583,12.205278,5.01,,-0.13,B2IV-Ve,0.009,0.006,,false
8521,   Pi 1Gru,,Pi,1,Gru,212087,231105,Pi1 Gru,335.682917,-45.947778,6.62,,2.01,"S5,7e",0.007,-0.012,,false
8522, 32    Peg,32,,,Peg,212097,90440,,335.330417,28.330556,4.81,,0.0,B9III,0.018,0.002,0.023,false
8523,  2    Lac,2,,,Lac,212120,51904,14130,335.256667,46.536667,4.57,,-0.1,B6V,0.023,0.005,0.04,false
8524,   Pi 2Gru,,Pi,2,Gru,212132,231111,,335.783333,-45.928611,5.62,,0.36,F3III-IV,0.237,-0.061,0.027,false
8525,,,,,,212150,10312,,334.585,76.488056,6.66,,0.0,A1Vn,0.005,0.003,,false
8526,,,,,,212168,258036,,336.4625,-75.015556,6.04,,0.64,G3V,0.048,0.01,,false
8527,,,,,,212211,258034,,336.29375,-70.431667,5.78,,0.38,F3III,0.115,-0.062,,false
8528,,,,,,212222,51918,,335.462083,42.078333,6.41,,-0.08,B5V,0.019,0.0,,false
8529, 49    Aqr,49,,,Aqr,212271,191105,,335.87875,-24.7625,5.53,,0.99,gG9,0.103,0.0,,false
8530,,,,,,212320,146062,,335.88375,-7.194444,5.93,,1.0,G6IIIBaII,-0.001,0.007,,false
8531,,,,,,212330,247441,,336.235,-57.797222,5.32,,0.67,G3IV,0.143,-0.343,0.058,false
8532, 33    Peg,33,,,Peg,212395,90462,,335.915,20.848333,6.04,R,,F7V,0.337,-0.015,0.037,false
8533, 51    Aqr,51,,,Aqr,212404,146067,,336.02875,-4.836944,5.78,,-0.04,A0V,0.033,-0.004,0.006,false
8534, 50    Aqr,50,,,Aqr,212430,165044,,336.112917,-13.529444,5.76,,0.97,G6.5III,0.053,0.012,,false
8535,,,,,,212454,34383,,335.750833,57.284444,6.16,,-0.13,B8III-IV,0.015,0.001,,false
8536,,,,,,212487,72296,,335.975833,38.573611,6.22,,0.49,F5IV:,0.255,0.119,-0.005,false
8537,,,,,,212495,20042,,335.750833,62.42,6.04,,0.05,A1V,-0.005,0.04,,false
8538,  3Bet Lac,3,Bet,,Lac,212496,34395,,335.89,52.229167,4.43,,1.02,G8.5IIIbCa1,-0.013,-0.186,0.021,false
8539, 52Pi  Aqr,52,Pi,,Aqr,212571,127520,Pi  Aqr,336.319167,1.3775,4.66,,-0.03,B1Ve,0.019,0.001,,false
8540,   Del Tuc,,Del,,Tuc,212581,255222,14158,336.833333,-64.966389,4.48,,-0.03,B9.5V,0.071,0.003,,false
8541,  4    Lac,4,,,Lac,212593,51970,,336.129167,49.476389,4.57,,0.09,B9Iab,-0.007,-0.003,0.003,false
8542,,,,,,212643,191144,,336.544583,-23.6825,6.29,,-0.03,A0V,0.018,-0.002,,false
8543,,,,,,212670,107906,,336.419583,18.444444,6.26,,1.22,K0,0.028,0.027,,false
8544, 53    Aqr,53,,,Aqr,212697,165077,,336.6425,-16.741389,6.57,H,,G2V,0.262,-0.013,0.057,false
8545, 53    Aqr,53,,,Aqr,212698,165078,,336.643333,-16.7425,6.35,H,0.61,G1V,0.223,-0.003,0.057,false
8546,,,,,,212710,3721,,333.294167,86.108056,5.27,,-0.03,B9.5Vn,0.052,0.045,0.006,false
8547,,,,,,212728,255227,,337.157083,-67.489167,5.55,,0.2,A4V,0.149,-0.072,,false
8548, 34    Peg,34,,,Peg,212754,127529,,336.655833,4.393611,5.75,,0.52,F7V,0.301,0.048,0.041,false
8549,,,,,,212883,72344,,336.690417,37.443889,6.46,,-0.13,B2V,0.013,-0.003,,false
8550,,,,,,212937,10351,,335.922083,78.243333,6.76,,-0.06,B9,-0.008,0.018,,false
8551, 35    Peg,35,,,Peg,212943,127540,,336.964583,4.695556,4.79,,1.05,K0III,0.081,-0.308,0.025,false
8552,   Nu  Gru,,Nu,,Gru,212953,213850,,337.163333,-39.131944,5.47,,0.95,G9III,0.039,-0.164,0.015,false
8553,,,,,,212978,72358,,336.860417,39.809722,6.14,,-0.14,B2V,0.001,-0.011,,false
8554,,,,,,212986,34460,,336.746667,56.433333,6.57,,-0.1,B5III,0.019,0.0,,false
8555,,,,,,212988,72366,,336.9425,31.840278,5.98,,1.45,K2,0.045,0.034,,false
8556,   Del1Gru,,Del,1,Gru,213009,231154,14169,337.3175,-43.495556,3.97,,1.03,G6-8III,0.028,-0.005,0.024,false
8557,,,,,,213022,10366,,336.503333,70.770833,5.47,,1.2,gK2,0.018,0.006,,false
8558, 55Zet1Aqr,55,Zet,1,Aqr,213051,146107,,337.207083,-0.020278,4.59,H,,F6IV,0.181,0.009,0.022,false
8559, 55Zet2Aqr,55,Zet,2,Aqr,213052,146108,,337.20875,-0.02,4.42,H,0.38,F3V,0.209,0.042,0.022,false
8560,   Del2Gru,,Del,2,Gru,213080,231161,Del2 Gru,337.439583,-43.749444,4.11,,1.57,M4.5IIIa,-0.007,0.0,-0.005,false
8561, 26    Cep,26,,,Cep,213087,20075,,336.772083,65.132222,5.46,,0.37,B0.5Ibe:,0.001,-0.002,,false
8562, 36    Peg,36,,,Peg,213119,127544,,337.283333,9.128889,5.58,,1.55,K5IIIa,0.055,-0.022,,false
8563,,,,,,213135,191182,14175,337.441667,-27.107222,5.95,,0.33,F1V,0.123,-0.012,,false
8564,,,,,,213179,90544,,337.2925,26.763056,5.79,,1.25,K2II,0.026,-0.004,,false
8565,,,,,,213198,165123,,337.50625,-12.915,6.4,,0.32,F3IV,0.168,0.001,,false
8566, 37    Peg,37,,,Peg,213235,127551,,337.491667,4.431667,5.48,,0.38,F2V+F2V,-0.023,-0.144,0.032,false
8567, 56    Aqr,56,,,Aqr,213236,165127,,337.5725,-14.585833,6.37,,-0.04,B8V s,0.039,-0.039,,false
8568,,,,,,213242,20088,,337.082083,64.085556,6.29,,1.08,K0,0.023,-0.013,,false
8569,,,,,,213272,72399,,337.432917,35.725556,6.56,,,A2V,-0.026,-0.037,,false
8570,   Zet PsA,,Zet,,PsA,213296,191196,14180,337.72375,-26.073611,6.43,,1.08,K1III,0.034,-0.07,,false
8571, 27Del Cep,27,Del,,Cep,213306,34508,Del Cep,337.292917,58.415278,3.75,,0.6,F5Ib-G2Ib,0.015,0.001,0.011,false
8572,  5    Lac,5,,,Lac,213310,52055,14177,337.3825,47.706944,4.36,,1.68,M0II+B8V,0.002,0.0,0.006,false
8573, 57Sig Aqr,57,Sig,,Aqr,213320,165134,,337.661667,-10.678056,4.82,,-0.06,A0IV s,0.003,-0.03,0.021,false
8574, 38    Peg,38,,,Peg,213323,72406,,337.5075,32.5725,5.65,,-0.04,B9.5V,0.034,-0.014,,false
8575,,,,,,213389,52073,V350 Lac,337.527083,49.356111,6.4,,1.15,K2IIIe,-0.024,-0.043,,false
8576, 17Bet PsA,17,Bet,,PsA,213398,213883,,337.87625,-32.346111,4.29,,0.01,A0V,0.065,-0.018,0.021,false
8577,,,,,,213402,258049,,338.86,-78.771667,6.15,,1.38,K1III,0.046,-0.006,,false
8578, 28Rho1Cep,28,Rho,1,Cep,213403,10375,,336.677083,78.785833,5.83,,0.15,A2Vm,-0.016,-0.043,,false
8579,  6    Lac,6,,,Lac,213420,52079,,337.622083,43.123333,4.51,,-0.09,B2IV,-0.001,-0.005,,false
8580,,,,,,213428,146136,,337.826667,-2.911111,6.16,,1.08,K0,-0.005,-0.036,,false
8581,,,,,,213429,146135,,337.826667,-6.555,6.14,,0.56,F7V,0.173,-0.106,0.044,false
8582,   Nu  Tuc,,Nu,,Tuc,213442,255247,Nu  Tuc,338.250417,-61.982222,4.81,,1.61,M4III,0.039,-0.025,0.007,false
8583, 58    Aqr,58,,,Aqr,213464,165147,,337.922083,-10.905556,6.38,,0.28,A8III,0.075,-0.045,,false
8584,,,,,,213534,90568,GX Peg,337.8925,29.542778,6.35,,0.19,A5m,-0.044,-0.029,,false
8585,  7Alp Lac,7,Alp,,Lac,213558,34542,,337.822917,50.2825,3.77,,0.01,A1V,0.138,0.019,0.04,false
8586, 39    Peg,39,,,Peg,213617,107986,,338.147917,20.23,6.42,,0.32,F1V,0.163,0.029,0.013,false
8587,,,,,,213644,107989,,338.195417,15.863333,6.32,,1.19,K0,0.022,0.026,,false
8588,,,,,,213660,72446,,338.11,39.779722,5.88,,0.16,A6V,0.004,-0.011,,false
8589,,,,,,213720,34555,,338.078333,54.0375,6.35,R,,G8III,0.035,0.027,,false
8590, 60    Aqr,60,,,Aqr,213789,146160,,338.512083,-1.574167,5.89,,0.99,G6III,0.036,-0.04,,false
8591, 29Rho2Cep,29,Rho,2,Cep,213798,10402,,337.470417,78.824167,5.5,,0.06,A3V,0.001,-0.022,0.008,false
8592, 59Ups Aqr,59,Ups,,Aqr,213845,191235,,338.673333,-20.708333,5.2,,0.44,F4IV,0.222,-0.145,0.046,false
8593,,,,,,213884,247505,,338.970417,-57.883611,6.23,,0.2,A5V,0.077,-0.009,,false
8594,,,,,,213930,34574,14213,338.419167,56.625,5.71,,0.96,G8III-IV,0.073,0.047,,false
8595,,,,,,213973,20150,,338.262083,69.913611,6.6,,0.32,A9III,0.116,0.068,0.002,false
8596,,,,,,213986,191246,,338.902083,-23.991111,5.97,,0.99,gK0,0.039,-0.006,,false
8597, 62Eta Aqr,62,Eta,,Aqr,213998,146181,,338.839167,-0.1175,4.02,,-0.09,B9IV-Vn,0.091,-0.056,0.025,false
8598,,,,,,214019,10418,,338.320833,70.373889,6.34,,0.0,A0V,0.051,0.02,-0.003,false
8599,,,,,,214035,10414,,338.0675,76.226389,5.68,,0.05,A2V,-0.021,-0.011,,false
8600,   Sig1Gru,,Sig,1,Gru,214085,231211,,339.122083,-40.582778,6.28,,0.12,A3Vn,0.048,-0.07,,false
8601,,,,,,214122,213948,,339.1475,-31.663889,5.82,,1.09,K1III,-0.042,-0.044,,false
8602,   Sig2Gru,,Sig,2,Gru,214150,231217,,339.245,-40.591111,5.86,,0.06,A1V,0.038,-0.075,,false
8603,  8    Lac,8,,,Lac,214168,72509,14242,338.967917,39.634167,5.73,,-0.15,B2Ve,0.005,-0.006,,false
8604,,,,,,214200,72517,,339.032917,35.577222,6.1,,1.0,K0,0.0,-0.067,,false
8605,,,,,,214203,108036,,339.151667,11.696944,6.4,,0.0,A1III,-0.008,0.018,,false
8606,,,,,,214240,52171,,338.9725,50.071111,6.29,,-0.05,B3V,0.006,0.008,,false
8607,,,,,,214279,34605,,338.965833,56.07,6.38,,0.12,A3V,-0.003,-0.019,,false
8608,,,,,,214298,108043,,339.269583,12.577222,6.3,,,K5,-0.03,-0.017,,false
8609,,,,,,214313,72535,,339.202917,35.6525,6.3,,1.37,K5,-0.004,0.0,,false
8610, 63Kap Aqr,63,Kap,,Aqr,214376,146210,,339.439167,-4.228056,5.03,,1.14,K2III,-0.067,-0.12,0.019,false
8611,,,,,,214441,247531,CC Gru,339.785,-52.692222,6.65,,0.35,F1III,0.005,-0.016,,false
8612,,,,,,214448,146216,14255,339.5925,-7.897778,6.23,,0.78,G0III+F0V,0.076,-0.004,,false
8613,  9    Lac,9,,,Lac,214454,34628,,339.343333,51.545278,4.63,,0.24,A8IV,-0.054,-0.101,0.022,false
8614,,,,,,214462,191292,,339.68625,-28.747778,6.47,,1.04,K1III,-0.035,0.001,,false
8615, 31    Cep,31,,,Cep,214470,10425,,338.942083,73.643056,5.08,,0.39,F3III-IV,0.172,0.023,0.008,false
8616,,,,,,214484,213981,,339.714583,-33.081389,5.66,,0.05,A2Vp,0.006,0.014,,false
8617,,,,,,214558,52211,,339.572917,45.183056,6.4,R,,G2III+A4V,0.003,0.0,,false
8618, 40    Peg,40,,,Peg,214567,108064,,339.719167,19.522222,5.82,,0.92,G8II,-0.042,-0.099,0.01,false
8619,,,,,,214599,191308,,339.933333,-28.325278,6.31,,1.01,K0IV,0.076,-0.031,0.01,false
8620,,,,,,214632,247544,,340.20375,-57.422222,5.97,,1.46,K4III,0.055,-0.007,,false
8621,,,,,,214665,34651,14260,339.657917,56.795833,5.21,R,1.58,M4+III,0.053,-0.029,-0.013,false
8622, 10    Lac,10,,,Lac,214680,72575,,339.815417,39.050278,4.88,,-0.2,O9V,0.001,-0.005,,false
8623,,,,,,214690,214000,14266,340.092917,-30.658889,5.87,,1.3,K3III,-0.103,-0.209,0.014,false
8624, 41    Peg,41,,,Peg,214698,108078,,339.945833,19.681111,6.21,R,0.0,A2V,-0.004,-0.01,,false
8625,,,,,,214710,10440,,339.304167,75.371667,5.79,,1.57,M1IIIab,0.044,0.006,,false
8626,,,,,,214714,72581,,339.892917,37.592778,6.03,,0.86,G3Ib-IICN-1CH2Fe-1,0.008,-0.001,,false
8627, 30    Cep,30,,,Cep,214734,20190,,339.6625,63.584444,5.19,,0.06,A3IV,-0.003,-0.025,0.008,false
8628, 18Eps PsA,18,Eps,,PsA,214748,191318,14270,340.164167,-27.043611,4.17,,-0.11,B8V,0.03,-0.001,,false
8629,,,,,,214810,146239,,340.2,-3.554167,6.31,,0.52,F6V,0.003,-0.042,0.012,false
8630,   Bet Oct,,Bet,,Oct,214846,258941,,341.51375,-81.381667,4.15,,0.2,A9IV-V,-0.067,-0.001,,false
8631,,,,,,214850,108094,,340.219583,14.549444,5.71,,0.72,G4V,0.268,0.144,0.032,false
8632, 11    Lac,11,,,Lac,214868,52251,,340.12875,44.276389,4.46,,1.33,K2+III-IIIb,0.094,0.012,0.01,false
8633,,,,,,214878,34682,,340.076667,53.846111,5.93,,0.93,K0III,0.001,-0.014,,false
8634, 42Zet Peg,42,Zet,,Peg,214923,108103,,340.365417,10.831389,3.4,,-0.09,B8V,0.08,-0.013,0.023,false
8635,,,,,,214953,231257,14277,340.65375,-47.210556,5.98,,0.58,G0V,0.009,-0.326,0.067,false
8636,   Bet Gru,,Bet,,Gru,214952,231258,Bet Gru,340.667083,-46.884722,2.1,,1.6,M5III,0.137,-0.008,0.008,false
8637, 19    PsA,19,,,PsA,214966,191337,,340.592083,-29.360833,6.17,,1.54,M5III,0.028,-0.015,,false
8638,,,,,,214979,72625,,340.380833,30.965833,6.34,R,,K5,0.063,0.0,,false
8639,,,,,,214987,231260,14278,340.679583,-44.247778,6.07,,0.98,K0III,0.042,0.037,,false
8640, 12    Lac,12,,,Lac,214993,72627,DD Lac,340.369167,40.225556,5.25,,-0.14,B2III,-0.005,-0.001,,false
8641, 43Omi Peg,43,Omi,,Peg,214994,90717,,340.439167,29.3075,4.79,,-0.01,A1IV,-0.004,-0.027,0.024,false
8642,,,,,,214995,108109,,340.489167,14.516389,5.9,,1.11,gK0,0.092,-0.021,-0.01,false
8643,,,,,,215030,52270,,340.400417,41.549444,5.94,R,,G9III,0.148,0.065,0.001,false
8644,   Rho Gru,,Rho,,Gru,215104,231265,,340.875,-41.414444,4.85,,1.03,K0III,0.006,-0.095,0.03,false
8645,,,,,,215114,146271,,340.764583,-8.311667,6.45,,0.17,A5V,0.024,-0.006,0.004,false
8646,,,,,,215121,255299,,341.06875,-60.499444,6.3,,0.56,F3V,0.004,0.025,,false
8647, 67    Aqr,67,,,Aqr,215143,146273,,340.809583,-6.962778,6.41,,-0.04,A0Vn,0.03,-0.008,,false
8648,,,,,,215159,34713,,340.586667,53.908889,6.12,,1.62,K2,-0.001,-0.006,,false
8649, 66    Aqr,66,,,Aqr,215167,165252,14291,340.897083,-18.830278,4.69,,1.37,K4III,-0.027,-0.028,0.013,false
8650, 44Eta Peg,44,Eta,,Peg,215182,90734,14285,340.750417,30.221389,2.94,,0.86,G2II-III+F0V,0.015,-0.025,0.017,false
8651,,,,,,215191,72652,,340.73125,37.802778,6.43,,-0.09,B1V,0.011,-0.009,,false
8652,,,,,,215242,52296,14290,340.76875,47.168611,6.39,,0.47,A1V+G:,0.014,-0.002,0.002,false
8653,,,,,,215243,108131,,340.927917,10.939167,6.51,,0.46,G8IV,0.015,-0.168,,false
8654,,,,,,215359,72675,,341.021667,39.465556,5.95,,1.48,K5III+K2III,0.007,-0.021,0.01,false
8655,   Eta Gru,,Eta,,Gru,215369,247570,,341.407917,-53.500278,4.85,,1.18,K2IIICNIV,0.029,0.014,0.005,false
8656, 13    Lac,13,,,Lac,215373,52317,,341.022917,41.819167,5.08,,0.96,K0III,-0.007,0.004,0.01,false
8657,,,,,,215405,231278,,341.419583,-46.5475,5.51,,1.32,K2III,-0.031,-0.02,-0.003,false
8658,,,,,,215456,231285,,341.533333,-48.978889,6.62,,0.63,F9V,0.203,-0.05,,false
8659,,,,,,215504,231287,,341.617917,-49.685833,6.48,,1.14,K1III,0.089,-0.277,,false
8660, 45    Peg,45,,,Peg,215510,108154,,341.3675,19.366667,6.25,,1.05,gG6,-0.026,0.056,,false
8661,,,,,,215518,34757,,341.205,52.517222,6.55,R,,K2,-0.001,0.012,,false
8662,,,,,,215545,231290,,341.682083,-46.939444,6.56,,0.3,A9IIIm:,0.058,0.004,,false
8663,   Xi  Oct,,Xi,,Oct,215573,258946,,342.595417,-80.124167,5.35,,-0.15,B6IV,0.017,-0.022,,false
8664,,,,,,215631,258069,,342.420417,-77.050556,6.73,,0.11,A4V,0.071,0.013,,false
8665, 46Xi  Peg,46,Xi,,Peg,215648,108165,,341.673333,12.172778,4.19,,0.5,F6III-IV,0.235,-0.498,0.052,false
8666,,,,,,215664,52348,14311,341.5425,44.546111,5.76,,0.36,F0III-IV,0.14,0.032,0.019,false
8667, 47Lam Peg,47,Lam,,Peg,215665,90775,,341.632917,23.565556,3.95,,1.07,G8IIIa*,0.058,-0.01,0.042,false
8668,,,,,,215669,214081,,341.829583,-34.161111,6.28,,1.16,K1III,-0.066,0.048,,false
8669,,,,,,215682,255321,,342.089167,-61.684167,6.37,,1.06,K0III,0.069,0.003,,false
8670, 68    Aqr,68,,,Aqr,215721,165293,,341.887917,-19.613333,5.26,,0.94,G7III,-0.101,-0.204,0.034,false
8671,,,,,,215724,214087,,341.94625,-38.221944,6.71,,0.48,F4IV,-0.068,-0.076,,false
8672,,,,,,215729,258070,,342.3225,-70.347778,6.34,,0.07,A2V,0.005,0.04,,false
8673, 69Tau1Aqr,69,Tau,1,Aqr,215766,165298,,341.928333,-14.056389,5.66,,-0.05,A0V,0.032,-0.009,,false
8674,,,,,,215782,191412,,341.984167,-25.911944,6.3,,0.91,G5III,0.112,-0.114,,false
8675,   Eps Gru,,Eps,,Gru,215789,247593,14320,342.13875,-51.316944,3.49,,0.08,A3V,0.108,-0.071,0.044,false
8676, 70    Aqr,70,,,Aqr,215874,165308,FM Aqr,342.125833,-10.555556,6.19,,0.28,A9III-IV,0.035,0.007,,false
8677,,,,,,215907,34824,,341.846667,58.482778,6.36,,-0.04,B9.5IV,0.007,0.001,,false
8678,,,,,,215943,72732,14321,342.045417,37.416667,5.9,,1.03,gG8,-0.055,-0.058,,false
8679, 71Tau2Aqr,71,Tau,2,Aqr,216032,165321,14329,342.397917,-13.5925,4.01,,1.57,M0III,-0.012,-0.038,0.021,false
8680,,,,,,216042,214119,,342.49625,-32.805278,6.33,,0.31,F0V+F3V,-0.05,-0.017,0.015,false
8681,,,,,,216048,108204,,342.384583,10.478889,6.54,,0.29,F0IV-V,0.091,-0.031,,false
8682,,,,,,216057,34845,,342.199167,54.415,6.12,,-0.07,B5Vne,-0.018,0.007,,false
8683,,,,,,216102,20253,,342.184167,62.938333,6.06,,1.2,K0,0.007,-0.052,,false
8684, 48Mu  Peg,48,Mu,,Peg,216131,90816,,342.500833,24.601667,3.48,,0.93,G8+III,0.147,-0.042,0.04,false
8685,,,,,,216149,214134,,342.759167,-39.156944,5.42,,1.43,M0III,0.022,-0.011,-0.001,false
8686,,,,,,216169,255336,,342.937083,-59.881389,6.46,,1.13,K1IIICNII,-0.046,-0.009,,false
8687,,,,,,216172,20259,,342.252917,68.570278,6.19,R,,F5V,0.112,0.068,0.025,false
8688,,,,,,216174,34858,,342.4425,55.902778,5.43,,1.17,K1III,0.083,0.043,,false
8689,,,,,,216187,255339,,343.04125,-63.188611,6.12,,1.03,K0III,0.016,-0.04,,false
8690, 14    Lac,14,,,Lac,216200,52412,V360 Lac,342.590833,41.953611,5.92,,0.08,B3IV:,0.01,0.0,,false
8691,,,,,,216201,108211,,342.662917,19.140833,6.4,R,,K0,0.05,-0.02,,false
8692,,,,,,216206,34862,,342.5425,50.676944,6.21,,1.14,G4Ib,0.013,0.004,,false
8693, 21    PsA,21,,,PsA,216210,191444,,342.837083,-29.536111,5.97,,0.91,G8/K0III,-0.004,-0.011,,false
8694, 32Iot Cep,32,Iot,,Cep,216228,20268,,342.42,66.200556,3.52,,1.05,K0-III,-0.065,-0.125,0.041,false
8695, 22Gam PsA,22,Gam,,PsA,216336,214153,14338,343.131667,-32.875556,4.46,,-0.04,A0III*,-0.03,-0.025,0.043,false
8696,,,,,,216380,20281,,342.845,61.696944,5.6,,0.78,G8III-IV+G2IV,0.108,0.044,0.005,false
8697, 49Sig Peg,49,Sig,,Peg,216385,127810,,343.100417,9.835556,5.16,,0.48,F7IV,0.522,0.044,0.043,false
8698, 73Lam Aqr,73,Lam,,Aqr,216386,146362,Lam Aqr,343.15375,-7.579722,3.74,,1.64,M2.5IIIaFe-1,0.011,0.037,0.017,false
8699, 15    Lac,15,,,Lac,216397,52436,,343.008333,43.3125,4.94,,1.56,M0III,0.11,0.029,0.021,false
8700,   Tau1Gru,,Tau,1,Gru,216435,231343,,343.407917,-48.598056,6.04,,0.62,G0V,0.216,-0.078,0.042,false
8701,   Rho Ind,,Rho,,Ind,216437,258084,,343.664167,-70.073611,6.05,,0.66,G2-3IV,-0.05,0.072,,false
8702,,,,,,216446,3794,,341.870833,83.153889,4.74,,1.26,K3III,0.021,0.049,-0.018,false
8703,,,,,,216489,108231,IM Peg,343.259583,16.841111,5.64,,1.12,K1-2II-III,-0.018,-0.024,,false
8704, 74    Aqr,74,,,Aqr,216494,165359,HI Aqr,343.369583,-11.616667,5.8,,-0.08,B9III,0.025,0.001,,false
8705,,,,,,216523,34917,,343.217917,50.411944,6.46,,-0.04,B8V,0.019,-0.011,,false
8706,,,,,,216538,72812,14346,343.297083,40.167222,6.34,,-0.08,B7III-IV,0.001,-0.009,,false
8707,,,,,,216595,34921,,343.265833,60.101111,6.01,,1.75,sgK2,0.017,0.002,,false
8708,,,,,,216608,52465,,343.417083,44.749167,5.81,,0.26,A3Vm+F6V,-0.016,-0.013,0.018,false
8709, 76Del Aqr,76,Del,,Aqr,216627,165375,14356,343.6625,-15.820833,3.27,,0.05,A3V,-0.04,-0.025,0.038,false
8710, 78    Aqr,78,,,Aqr,216637,146382,,343.642083,-7.204722,6.19,,1.28,K3III,-0.012,-0.038,,false
8711, 77    Aqr,77,,,Aqr,216640,165376,14358,343.689583,-16.271944,5.56,,1.14,K2.5IIIb,-0.222,-0.09,0.019,false
8712,,,,,,216646,52471,,343.529167,40.376944,5.81,,1.13,K0III,0.103,0.036,,false
8713,,,,,,216666,214182,,343.812083,-36.388611,6.4,,1.31,K2III,0.046,0.002,,false
8714,,,,,,216672,108246,HR Peg,343.64875,16.941667,6.12,,1.77,S4+/1+,0.019,-0.008,,false
8715,  1    Psc,1,,,Psc,216701,127836,,343.747917,1.064722,6.11,,0.2,A7III,0.023,0.001,,false
8716,,,,,,216718,146388,14360,343.795833,-4.987778,5.72,,0.88,K0III-IV,0.034,-0.005,0.012,false
8717, 50Rho Peg,50,Rho,,Peg,216735,127839,,343.807083,8.815833,4.9,,0.0,A1V,0.079,0.014,0.006,false
8718,,,,,,216756,72838,,343.760833,37.076944,5.91,,0.42,F5II,0.086,0.007,,false
8719,,,,,,216761,214187,,343.964167,-31.633056,6.1,,1.36,K3III,-0.033,-0.006,,false
8720, 23Del PsA,23,Del,,PsA,216763,214189,,343.987083,-32.539722,4.21,,0.97,G8III,0.018,0.031,0.021,false
8721,,,,,,216803,214197,TW PsA,344.1,-31.565556,6.48,,1.1,K4V,0.327,-0.162,0.13,false
8722,   Tau3Gru,,Tau,3,Gru,216823,231364,,344.199167,-47.969167,5.7,,0.22,Am,-0.028,-0.001,,false
8723,,,,,,216831,72851,,343.935417,36.351667,5.74,,-0.05,B7III,0.022,0.005,,false
8724,,,,,,216900,108275,,344.214583,11.848333,6.51,,0.18,A3V s,0.063,-0.009,0.008,false
8725, 16    Lac,16,,,Lac,216916,52512,EN Lac,344.098333,41.603889,5.59,,-0.14,B2IV,-0.002,0.0,,false
8726,,,,,,216946,52516,14368,344.108333,49.733611,4.95,,1.78,K5Ib,0.003,-0.002,-0.001,false
8727,,,,,,216953,146404,,344.321667,-4.81,6.31,,0.94,G9III,-0.015,0.002,,false
8728, 24Alp PsA,24,Alp,,PsA,216956,191524,14372,344.412917,-29.622222,1.16,,0.09,A3V,0.333,-0.165,0.149,false
8729, 51    Peg,51,,,Peg,217014,90896,14374,344.36625,20.768889,5.49,,0.67,G2.5IVa,0.204,0.059,0.074,false
8730,,,,,,217019,127860,,344.386667,3.810278,6.28,,1.12,K1III,0.07,0.029,,false
8731,,,,,,217050,52526,EW Lac,344.26875,48.684167,5.43,,-0.09,B4IIIep,0.012,-0.009,,false
8732,,,,,,217096,214215,,344.645833,-35.523056,6.13,,0.58,F8III-IV,-0.001,-0.111,,false
8733,,,,,,217101,72883,,344.419583,39.308889,6.18,,-0.15,B2IV-V,0.002,-0.008,,false
8734,,,,,,217107,146412,,344.564583,-2.395278,6.16,,0.74,G8IV,-0.003,-0.018,,false
8735,,,,,,217131,146415,,344.59875,-1.410278,6.37,,0.35,F0-2V,0.09,-0.007,,false
8736,,,,,,217157,3808,,342.759167,85.373611,5.9,,1.32,K5,0.003,0.107,,false
8737,,,,,,217166,127870,14379,344.64625,9.356944,6.43,,0.64,G2V+G4V,0.403,-0.141,0.035,false
8738,,,,,,217186,127874,,344.6775,7.339722,6.33,,0.06,A1V,-0.04,-0.08,,false
8739, 52    Peg,52,,,Peg,217232,108307,,344.799167,11.728889,5.75,,0.32,A8V+F6V,0.033,-0.041,0.014,false
8740,,,,,,217236,191550,14380,344.899167,-29.462222,5.51,,0.25,A5n,-0.003,0.009,,false
8741,,,,,,217251,165425,,344.89875,-13.070833,6.07,,1.45,K5III,-0.01,0.0,,false
8742,  2    Psc,2,,,Psc,217264,127881,,344.864167,0.962778,5.43,,0.98,gK1,0.086,-0.071,,false
8743,,,,,,217303,191554,,345.024167,-25.164167,5.65,,1.25,gK0,0.035,-0.075,,false
8744,,,,,,217314,35022,,344.792917,52.654444,6.29,,1.42,K2,-0.025,0.033,,false
8745,,,,,,217348,35026,,344.7875,59.814722,6.43,,0.03,B9III,0.003,0.005,,false
8746,,,,,,217358,191565,,345.1025,-25.626667,6.29,,1.13,K1III,0.086,-0.034,,false
8747,   Zet Gru,,Zet,,Gru,217364,247680,,345.22,-52.754167,4.12,,0.98,G8-K0III,-0.067,-0.014,0.039,false
8748,,,,,,217382,3816,,343.603333,84.346111,4.71,,1.43,K4III,0.092,0.026,0.001,false
8749,,,,,,217403,247683,,345.28125,-50.95,5.68,,1.42,K3III,0.078,-0.006,,false
8750,  3    Psc,3,,,Psc,217428,146443,Var?,345.157917,0.185833,6.21,,0.89,G4III,0.044,0.013,,false
8751,,,,,,217459,127894,,345.17875,3.011667,5.83,,1.34,K4III,0.011,-0.086,,false
8752,,,,,,217476,35039,V509 Cas,345.02125,56.945278,5.0,,1.42,G40,0.0,-0.003,0.002,false
8753,,,,,,217477,72924,,345.177083,31.083056,6.6,,-0.04,B9IIIpMn,0.031,0.005,,false
8754,,,,,,217484,191581,,345.330833,-28.853611,5.55,,1.35,K3III,0.066,-0.01,,false
8755,,,,,,217491,52587,,345.143333,45.375,6.5,,,A3V,0.01,0.002,,false
8756,,,,,,217498,191585,,345.345833,-22.790833,6.28,,0.13,A5V,0.026,-0.027,,false
8757, 81    Aqr,81,,,Aqr,217531,146447,,345.348333,-7.061111,6.21,,1.41,K5III,-0.015,-0.011,,false
8758,,,,,,217543,72929,14386,345.227917,38.708056,6.54,,-0.11,B3Vpe,0.001,-0.005,,false
8759,,,,,,217563,146451,,345.382083,-4.711389,5.94,,1.0,K0,0.019,0.009,,false
8760,,,,,,217642,214261,,345.641667,-36.420833,6.47,,0.94,K1III,0.031,-0.035,0.003,false
8761,,,,,,217673,35062,,345.377917,57.105556,6.2,,1.5,K1.5II,-0.003,-0.007,,false
8762,  1Omi And,1,Omi,,And,217675,52609,Omi And,345.480417,42.326111,3.62,,-0.09,B6IIIpe+A2p,0.023,-0.006,0.015,false
8763, 82    Aqr,82,,,Aqr,217701,146465,,345.635833,-6.574167,6.15,,1.58,M2III,-0.004,-0.037,,false
8764,,,,,,217703,191604,,345.684583,-20.870556,5.97,,0.94,K0III-IV,-0.058,-0.117,,false
8765,,,,,,217754,72949,,345.637917,31.780556,6.57,,0.35,F2IV,0.005,-0.016,,false
8766,  2    And,2,,,And,217782,52623,14396,345.65125,42.757778,5.1,,0.09,A3Vn,0.055,-0.004,0.034,false
8767,   Pi  PsA,,Pi,,PsA,217792,214275,Pi  PsA,345.874167,-34.749444,5.11,,0.29,F0V+F3V,0.076,0.08,0.052,false
8768,,,,,,217811,52626,LN And,345.688333,44.058889,6.39,,0.0,B2V,0.001,-0.002,,false
8769,,,,,,217831,255395,,346.2175,-68.820278,5.52,,0.36,F4III,0.04,0.063,,false
8770,,,,,,217833,35092,V638 Cas,345.6825,55.236389,6.5,,-0.08,B9IIIHe wk,0.008,0.012,,false
8771,,,,,,217842,231419,,345.997917,-41.478333,5.79,,1.08,K0III,0.006,0.069,,false
8772,,,,,,217877,146482,,345.98875,-4.795278,6.68,,0.58,F8V,0.32,0.028,,false
8773,  4Bet Psc,4,Bet,,Psc,217891,127934,14410,345.969167,3.82,4.53,,-0.12,B6Ve,0.013,-0.011,,false
8774,   Kap Gru,,Kap,,Gru,217902,247711,,346.165,-53.965,5.37,,1.45,K5III,0.055,-0.102,0.012,false
8775, 53Bet Peg,53,Bet,,Peg,217906,90981,Bet Peg,345.94375,28.082778,2.42,,1.67,M2.5II-III,0.189,0.137,0.022,false
8776,,,,,,217926,127937,,346.004167,6.616667,6.41,,0.39,F2V,0.003,0.019,,false
8777,,,,,,217943,20393,,345.84875,60.445278,6.74,,-0.02,B2V,0.007,-0.006,,false
8778,,,,,,217944,35103,,345.84,58.564722,6.43,,0.9,G8IV,0.067,0.017,,false
8779,,,,,,218029,20398,,345.887083,67.209167,5.24,,1.26,K3III,0.026,0.007,-0.002,false
8780,  3    And,3,,,And,218031,52649,,346.045833,50.052222,4.65,,1.06,K0IIIbFe-0.5,0.164,0.168,0.004,false
8781, 54Alp Peg,54,Alp,,Peg,218045,108378,14417,346.190417,15.205278,2.49,,-0.04,B9V,0.063,-0.042,0.038,false
8782, 83    Aqr,83,,,Aqr,218060,146498,,346.290833,-7.693611,5.43,,0.3,F2IV+F0V,0.129,0.011,0.021,false
8783,,,,,,218061,165481,,346.303333,-17.079167,6.14,,1.37,K0,-0.048,-0.039,,false
8784,,,,,,218101,108383,,346.27625,16.563056,6.44,,0.83,G8IV,-0.185,-0.194,0.025,false
8785,,,,,,218103,127960,,346.323333,1.306944,6.39,,0.94,G9III,0.035,-0.027,,false
8786,,,,,,218108,258105,,347.09875,-79.480833,6.12,,0.14,A3-4V,0.084,-0.038,,false
8787,   The Gru,,The,,Gru,218227,231444,,346.72,-43.520556,4.28,,0.42,F5mDel Del,-0.039,-0.023,0.017,false
8788,,,,,,218235,108400,,346.575833,18.5175,6.13,,0.44,F6V s,0.232,0.057,0.016,false
8789, 86    Aqr,86,,,Aqr,218240,191651,,346.670417,-23.743056,4.47,,0.9,G9III,0.066,-0.003,0.028,false
8790,   Ups Gru,,Ups,,Gru,218242,214313,,346.723333,-38.892222,5.61,,0.01,A1V,0.04,0.013,,false
8791,,,,,,218255,231445,,346.789583,-49.606667,6.33,,1.45,K4III,0.017,-0.014,,false
8792,,,,,,218261,108402,,346.632917,19.910833,6.3,,0.49,F7V,0.295,0.002,,false
8793,,,,,,218269,247739,,346.81125,-50.686389,5.83,,0.48,F6-7IV-V,-0.044,-0.02,,false
8794,,,,,,218288,258106,,347.14875,-73.586389,6.15,,1.42,K3III,0.021,-0.011,,false
8795, 55    Peg,55,,,Peg,218329,127976,14428,346.75125,9.409444,4.52,,1.57,M1IIIab,0.011,-0.014,0.016,false
8796, 56    Peg,56,,,Peg,218356,91019,14429,346.778333,25.468333,4.76,,1.34,G8Ib,0.004,-0.031,0.006,false
8797,  1    Cas,1,,,Cas,218376,35147,,346.65375,59.419722,4.85,,-0.03,B0.5IV,0.009,0.001,,false
8798,,,,,,218395,73010,14430,346.865417,32.825833,6.02,R,0.12,A4Vn,-0.024,0.008,0.011,false
8799,,,,,,218396,91022,Var,346.869583,21.134167,5.99,,0.26,A5V,0.108,-0.052,,false
8800,,,,,,218407,52707,,346.825417,46.068056,6.66,,-0.05,B2V,0.005,-0.001,,false
8801,,,,,,218416,35151,,346.792083,52.816389,6.11,,1.05,K0III,0.013,0.006,,false
8802,,,,,,218434,191674,,347.0875,-28.823333,5.6,,0.88,G9III,-0.047,-0.031,,false
8803,,,,,,218440,35152,,346.793333,59.7275,6.4,,-0.01,B2V,0.005,0.001,,false
8804,  4    And,4,,,And,218452,52711,,346.91375,46.387222,5.33,,1.41,K5III,-0.009,-0.028,,false
8805,  5    And,5,,,And,218470,52713,,346.939167,49.295833,5.7,,0.44,F5V,0.154,0.133,0.021,false
8806,,,,,,218525,52717,,347.05125,44.561667,6.56,,0.17,A2IV,0.024,-0.005,,false
8807,  5    Psc,5,,,Psc,218527,127993,,347.170417,2.127778,5.4,,0.91,G8III-IV,0.145,0.108,,false
8808,,,,,,218537,20439,,346.94875,63.633333,6.26,,-0.02,B3V,0.002,-0.004,0.006,false
8809,,,,,,218558,255420,,347.54875,-66.8575,6.47,,0.95,K0III,0.201,0.038,,false
8810,,,,,,218559,258961,,348.05,-80.912778,6.41,,1.5,K4III,0.009,-0.011,,false
8811,,,,,,218560,20441,,346.988333,64.2225,6.21,,1.1,K0,0.01,0.001,,false
8812, 88    Aqr,88,,,Aqr,218594,191683,,347.361667,-21.1725,3.66,,1.22,K1III,0.055,0.031,0.01,false
8813,,,,,,218619,191686,,347.435833,-28.088611,5.87,,1.31,K2III,0.022,0.003,,false
8814,,,,,,218630,231464,,347.48875,-42.860556,5.81,,0.48,F4IV,-0.325,-0.007,0.042,false
8815, 57    Peg,57,,,Peg,218634,128001,GZ Peg,347.38125,8.677222,5.12,,1.47,M4IIIS+A2V,0.004,0.002,0.007,false
8816,,,,,,218639,165522,,347.456667,-14.510556,6.42,,0.01,A0Vn,0.031,-0.009,,false
8817, 89    Aqr,89,,,Aqr,218640,191687,,347.478333,-22.4575,4.69,,0.65,G2IV+A2V,0.026,-0.009,0.04,false
8818,,,,,,218655,231465,14441,347.540833,-40.591667,5.83,,1.62,M4III,0.035,-0.046,,false
8819, 33Pi  Cep,33,Pi,,Cep,218658,10629,,346.974583,75.3875,4.41,,0.8,G2III,0.012,-0.03,0.006,false
8820,   Iot Gru,,Iot,,Gru,218670,231468,,347.59,-45.246667,3.9,,1.02,K1III,0.136,-0.03,0.03,false
8821, 58    Peg,58,,,Peg,218700,128007,,347.50625,9.821944,5.39,,-0.08,B9III,-0.012,-0.012,,false
8822,  2    Cas,2,,,Cas,218753,35186,Var?,347.43375,59.333056,5.7,,0.33,A5III,-0.003,0.009,,false
8823,,,,,,218759,191703,,347.694167,-29.525,6.51,,0.27,F1III-IV,-0.034,-0.058,,false
8824,,,,,,218792,108443,,347.6775,17.594444,5.71,,1.34,K4III,0.021,-0.028,,false
8825,  6    And,6,,,And,218804,52761,,347.613333,43.544167,5.94,,0.44,F5IV,-0.191,-0.191,0.023,false
8826, 59    Peg,59,,,Peg,218918,128022,,347.934167,8.72,5.16,,0.13,A5Vn,-0.006,-0.006,0.029,false
8827, 60    Peg,60,,,Peg,218935,91080,,347.955,26.847222,6.17,,0.94,G8III-IV,-0.19,-0.12,0.026,false
8828,,,,,,219023,231493,,348.3125,-49.618889,6.8,,0.92,G8-K0III,0.002,-0.018,,false
8829,,,,,,219077,255435,,348.5275,-62.7,6.12,,0.79,G8V,0.473,-0.424,0.032,false
8830,  7    And,7,,,And,219080,52787,,348.1375,49.406389,4.52,,0.29,F0V,0.092,0.098,0.051,false
8831,,,,,,219110,91095,,348.266667,29.441667,6.35,,0.93,G8III,-0.031,-0.033,,false
8832,,,,,,219134,35236,14458,348.320833,57.168333,5.56,,1.01,K3V,2.075,0.296,0.152,false
8833,,,,,,219139,108463,,348.360417,11.065,5.82,,1.01,G8III,-0.005,-0.003,,false
8834, 90Phi Aqr,90,Phi,,Aqr,219215,146585,,348.580833,-6.048889,4.22,,1.56,M1.5III,0.042,-0.196,0.01,false
8835,,,,,,219263,231512,,348.744167,-41.105556,5.77,,1.18,K2III,0.112,-0.112,,false
8836,,,,,,219279,165578,,348.6675,-10.688611,6.12,,1.49,K5III,-0.001,-0.034,,false
8837,,,,,,219290,35251,,348.559583,50.617778,6.31,,,A0V,0.038,-0.006,,false
8838,,,,,,219291,91111,,348.590417,29.771667,6.41,,0.45,F6IV w,-0.007,-0.013,,false
8839,,,,,,219310,91113,,348.652083,24.103056,6.36,R,,K2III,0.114,0.007,,false
8840,,,,,,219402,146593,,348.892917,-3.496389,5.55,,0.06,A3V,-0.007,-0.003,,false
8841, 91Psi1Aqr,91,Psi,1,Aqr,219449,146598,,348.972917,-9.087778,4.21,,1.11,K0III,0.372,-0.016,0.049,false
8842, 61    Peg,61,,,Peg,219477,91130,,348.942917,28.247778,6.49,,0.85,G5II-III,0.02,-0.005,,false
8843,,,,,,219482,255446,,349.240417,-62.001111,5.66,,0.51,F7V,0.173,-0.026,,false
8844,,,,,,219485,10664,,348.655417,74.231111,5.84,R,,A0V,0.048,0.006,,false
8845,,,,,,219487,91133,,348.99125,24.771111,6.6,,0.4,F5V,0.093,0.005,,false
8846,,,,,,219507,231532,,349.165417,-44.489167,5.92,,1.06,K1III,-0.004,-0.007,,false
8847,,,,,,219531,231533,,349.2075,-41.194444,6.47,,1.08,K0III,-0.024,0.012,,false
8848,   Gam Tuc,,Gam,,Tuc,219571,247814,,349.3575,-58.235833,3.99,,0.4,F1III,-0.029,0.079,0.043,false
8849,,,,,,219572,258127,,349.78375,-79.472778,6.33,,0.91,K0III,0.013,0.007,,false
8850, 92Chi Aqr,92,Chi,,Aqr,219576,146612,Chi Aqr,349.212083,-7.726667,5.06,,1.6,M3III,-0.016,-0.015,0.009,false
8851,,,,,,219586,10671,,348.9075,70.888056,5.56,,0.24,F0IV,0.018,-0.005,,false
8852,  6Gam Psc,6,Gam,,Psc,219615,128085,,349.29125,3.282222,3.69,,0.92,G9-III:Fe-2,0.762,0.017,0.036,false
8853,,,,,,219623,35285,,349.17625,53.213611,5.54,,0.52,F7V,0.115,-0.233,0.036,false
8854,,,,,,219634,20531,V649 Cas,349.111667,61.963056,6.53,,0.23,B0Vn,-0.026,-0.002,,false
8855,,,,,,219644,255455,,349.583333,-67.471111,6.13,,1.35,K2-3III,0.021,0.014,,false
8856,,,,,,219659,165609,14483,349.416667,-11.713056,6.34,,0.05,A1Vn,0.039,-0.003,,false
8857,,,,,,219668,52865,,349.319167,45.164167,6.43,,1.07,K0IV,0.097,-0.065,,false
8858, 93Psi2Aqr,93,Psi,2,Aqr,219688,146620,,349.475833,-9.1825,4.39,,-0.15,B5V,0.021,-0.012,,false
8859,   Phi Gru,,Phi,,Gru,219693,231539,,349.54125,-40.824444,5.53,,0.44,F5V,0.136,-0.128,,false
8860,  8    And,8,,,And,219734,52871,14484,349.43625,49.015278,4.85,,1.67,M2+IIIBa0.3,0.037,0.008,0.011,false
8861,,,,,,219749,52876,ET And,349.48375,45.488889,6.48,,-0.03,B9pSi,0.034,-0.017,,false
8862,   Tau Oct,,Tau,,Oct,219765,258970,,352.015417,-87.482222,5.49,,1.27,K2III,0.015,0.009,,false
8863,   Gam Scl,,Gam,,Scl,219784,214444,,349.705833,-32.531944,4.41,,1.13,K1III,0.019,-0.07,0.043,false
8864,  9    And,9,,,And,219815,52881,AN And,349.5975,41.773611,6.02,,,A7/8Vm,-0.006,-0.012,,false
8865, 95Psi3Aqr,95,Psi,3,Aqr,219832,146635,14491,349.740417,-9.610833,4.98,,-0.02,A0V,0.047,-0.002,0.012,false
8866, 94    Aqr,94,,,Aqr,219834,165625,,349.777917,-13.458889,5.08,,0.8,G5IV,0.298,-0.101,0.04,false
8867,,,,,,219841,10684,,349.32875,75.299167,6.38,,0.03,A2V s,0.018,-0.002,,false
8868, 96    Aqr,96,,,Aqr,219877,146639,,349.85,-5.124444,5.55,,0.39,F3IV-V,0.202,-0.02,,false
8869,,,,,,219879,165628,,349.850417,-18.075278,5.93,,1.52,gK3,0.004,0.009,,false
8870,,,,,,219891,52892,,349.76,45.137222,6.5,,,A5Vn,0.058,0.006,,false
8871,,,,,,219912,214459,,349.93,-33.708056,6.37,,1.3,K2III,0.047,-0.041,,false
8872, 34Omi Cep,34,Omi,,Cep,219916,20554,14495,349.65625,68.111667,4.75,,0.84,K0III,0.058,0.016,0.024,false
8873,,,,,,219927,73171,,349.864167,34.793333,6.32,,-0.08,B8III,0.016,-0.003,,false
8874, 11    And,11,,,And,219945,52907,,349.874167,48.625278,5.44,,1.03,K0III,0.019,0.056,0.016,false
8875,,,,,,219962,52912,,349.923333,48.380833,6.32,,1.12,K1III,0.209,0.032,-0.001,false
8876, 10    And,10,,,And,219981,52914,,349.968333,42.078056,5.79,,1.48,M0III,0.052,0.01,,false
8877,,,,,,220003,247838,,350.208333,-50.306667,6.05,,0.42,F5mDel Del,0.028,-0.077,,false
8878,  7    Psc,7,,,Psc,220009,128126,,350.085833,5.381389,5.05,,1.2,K2III,0.082,-0.062,0.002,false
8879,,,,,,220035,146652,14515,350.170417,-5.908056,6.17,,1.07,K0III,-0.101,-0.057,,false
8880, 62Tau Peg,62,Tau,,Peg,220061,91186,Tau Peg,350.159167,23.740278,4.6,,0.17,A5Vp,0.033,-0.008,0.037,false
8881,,,,,,220074,20567,,350.059583,61.97,6.45,R,,K1V,0.003,-0.013,,false
8882, 63    Peg,63,,,Peg,220088,73187,,350.206667,30.415,5.59,,1.5,M0III,0.081,-0.069,,false
8883,,,,,,220096,191840,,350.314583,-26.986667,5.64,,0.82,G4V,-0.013,-0.012,,false
8884,,,,,,220105,52927,,350.183333,44.116389,6.13,R,0.17,A5Vn,-0.016,-0.027,,false
8885, 12    And,12,,,And,220117,73190,,350.222083,38.182222,5.77,,0.46,F5V,0.13,-0.063,,false
8886,,,,,,220130,20572,,350.144167,62.213056,6.39,,1.61,K2III,0.003,-0.005,,false
8887, 64    Peg,64,,,Peg,220222,73205,,350.47875,31.8125,5.32,,-0.11,B6III,0.005,-0.01,0.001,false
8888,,,,,,220242,91208,,350.4925,26.608889,6.62,,0.37,F5V,-0.098,-0.074,,false
8889,,,,,,220263,255474,14529,350.737083,-60.055833,6.09,,1.6,M3III,0.09,-0.009,,false
8890, 97    Aqr,97,,,Aqr,220278,165658,,350.663333,-15.039167,5.2,,0.2,A3Vp,0.112,0.019,0.022,false
8891, 65    Peg,65,,,Peg,220318,91220,,350.66875,20.828611,6.29,,-0.04,B9.5V,0.019,-0.012,,false
8892, 98    Aqr,98,,,Aqr,220321,191858,,350.7425,-20.100556,3.97,,1.1,K0III,-0.12,-0.096,0.036,false
8893, 66    Peg,66,,,Peg,220363,108580,,350.769167,12.313889,5.08,,1.31,K3III,0.027,-0.017,-0.001,false
8894,,,,,,220369,35361,,350.635417,60.133611,5.56,,1.68,K3II,0.009,-0.001,,false
8895,,,,,,220392,247854,,350.97625,-53.808333,6.15,,0.26,A4III,0.059,-0.027,,false
8896,,,,,,220401,231587,,350.939167,-43.124444,6.1,,1.46,K3III,0.015,0.01,,false
8897,,,,,,220406,128156,,350.882917,0.291389,6.31,,1.61,K2,0.068,0.01,,false
8898,,,,,,220440,247858,,351.054583,-51.891389,5.75,,1.59,M0III,0.005,-0.041,,false
8899,,,,,,220460,73223,,350.947917,32.531389,6.69,,0.45,F4V w,0.232,0.04,0.012,false
8900,,,,,,220465,165672,,351.0325,-18.6875,6.19,,1.02,G8III,0.149,0.071,,false
8901,,,,,,220572,247867,,351.330833,-56.849167,5.59,,1.07,K0III,0.08,-0.024,,false
8902,,,,,,220575,52987,,351.145833,41.112778,6.72,,0.06,B8III,0.015,-0.009,,false
8903, 67    Peg,67,,,Peg,220599,73241,,351.211667,32.385,5.57,,-0.11,B9III,0.017,0.002,0.004,false
8904,  4    Cas,4,,,Cas,220652,20614,14549,351.209583,62.282778,4.98,,1.68,M1III,0.011,-0.013,0.007,false
8905, 68Ups Peg,68,Ups,,Peg,220657,91253,,351.345,23.404167,4.4,,0.61,F8III,0.193,0.037,0.036,false
8906, 99    Aqr,99,,,Aqr,220704,191900,14554,351.511667,-20.641944,4.39,,1.47,K5III,-0.052,-0.058,0.007,false
8907,   Omi Gru,,Omi,,Gru,220729,247874,,351.6525,-52.721667,5.52,,0.4,F4V,0.038,0.123,,false
8908,,,,,,220759,255486,,351.78,-66.581111,6.45,,1.47,K4III,-0.042,-0.023,,false
8909,,,,,,220790,247882,,351.8125,-58.476111,5.63,,0.98,G8III,0.051,0.062,,false
8910,,,,,,220802,247880,,351.787917,-50.157222,6.2,,-0.08,B9V,0.032,0.006,,false
8911,  8Kap Psc,8,Kap,,Psc,220825,128186,Kap Psc,351.733333,1.255556,4.94,,0.03,A0pCrSi:Sr:,0.089,-0.097,0.04,false
8912,  9    Psc,9,,,Psc,220858,128188,14568,351.811667,1.1225,6.25,,1.02,G7III,0.044,-0.035,,false
8913, 13    And,13,,,And,220885,53039,,351.780833,42.911944,5.75,,0.0,B9III,0.091,0.015,,false
8914,,,,,,220929,214561,,352.002917,-35.544444,6.32,,1.2,K2III,0.007,0.001,,false
8915, 69    Peg,69,,,Peg,220933,91278,HV Peg,351.918333,25.167222,5.98,,-0.06,A0pHgMn,0.026,-0.041,,false
8916, 10The Psc,10,The,,Psc,220954,128196,,351.992083,6.378889,4.28,,1.07,K1III,-0.121,-0.045,0.016,false
8917,,,,,,220957,165708,,352.021667,-11.449722,6.37,,0.9,G0V,0.102,-0.023,,false
8918,,,,,,220974,10737,,351.819167,70.359722,5.6,,0.19,A6IV,0.119,-0.006,0.023,false
8919,,,,,,221006,255497,CG Tuc,352.254167,-63.110833,5.68,,-0.17,ApSi,0.037,-0.017,,false
8920,,,,,,221051,231622,,352.253333,-44.497778,6.43,,1.18,K2III,0.037,-0.011,,false
8921,,,,,,221081,146729,,352.2525,-9.266111,6.18,,1.44,K0,-0.05,-0.026,,false
8922,,,,,,221113,91295,,352.273333,23.047778,6.35,R,,G9III,-0.039,-0.094,,false
8923, 70    Peg,70,,,Peg,221115,108638,,352.28875,12.760556,4.55,,0.94,G7+III,0.064,0.027,0.016,false
8924,,,,,,221148,146736,14588,352.38375,-4.532778,6.25,,1.09,K3III,0.183,-0.232,0.019,false
8925,,,,,,221246,53088,,352.530833,49.133056,6.17,,1.46,K3III,0.033,0.002,,false
8926,,,,,,221253,35478,AR Cas,352.508333,58.548889,4.91,,-0.12,B3IV,0.02,0.005,0.006,false
8927,,,,,,221293,73308,,352.665417,38.661944,6.05,,0.99,G9III,0.042,0.011,,false
8928,,,,,,221308,146748,,352.754583,-6.288333,6.39,,1.26,K0,-0.013,-0.036,,false
8929,,,,,,221323,231642,,352.8625,-44.843611,6.02,,1.02,K1III,0.048,-0.025,,false
8930, 14    And,14,,,And,221345,73311,14599,352.8225,39.236389,5.22,,1.02,K0III,0.289,-0.08,0.015,false
8931,,,,,,221356,146752,,352.88125,-4.087222,6.49,,0.54,F8V,0.175,-0.19,0.041,false
8932,100    Aqr,100,,,Aqr,221357,191970,,352.925417,-21.369444,6.29,,0.33,A9III,0.009,0.005,,false
8933,,,,,,221394,91321,Var,352.929583,28.403611,6.41,,0.01,A1pSrCr:Eu:,-0.025,-0.008,,false
8934, 13    Psc,13,,,Psc,221409,146756,,352.99,-1.085833,6.38,,1.18,K1III,0.012,0.017,,false
8935,,,,,,221420,258154,,353.33125,-77.385278,5.81,,0.68,G2V,0.01,0.0,,false
8936,,,,,,221491,73325,,353.1025,34.9525,6.65,,-0.06,B8V,-0.007,-0.006,,false
8937,   Bet Scl,,Bet,,Scl,221507,214615,14608,353.242917,-37.818333,4.37,,-0.09,B9.5IVpHgMnEu,0.087,0.021,,false
8938,,,,,,221525,3916,,351.753333,87.3075,5.58,,0.23,A7IV,0.075,0.018,,false
8939,101    Aqr,101,,,Aqr,221565,191988,,353.319167,-20.914444,4.71,,0.02,A1n,-0.007,0.013,-0.0,false
8940, 71    Peg,71,,,Peg,221615,91340,HW Peg,353.367083,22.498889,5.32,,1.6,M5IIIa,0.01,-0.017,,false
8941,,,,,,221661,53147,,353.427917,45.058056,6.24,,0.98,G8II,-0.029,0.01,,false
8942,,,,,,221662,91349,,353.48125,20.840833,6.06,,1.73,M3III,-0.004,-0.022,,false
8943, 72    Peg,72,,,Peg,221673,73341,14617,353.488333,31.325278,4.98,,1.38,K4IIIb,0.052,-0.016,0.018,false
8944, 14    Psc,14,,,Psc,221675,146780,,353.5375,-1.2475,5.87,,0.3,A2m,0.108,-0.013,,false
8945,,,,,,221740,255520,,353.802917,-64.689444,7.4,,,F2IV-V,0.015,0.004,,false
8946,,,,,,221745,165780,,353.705833,-15.245833,5.96,,1.36,K0,0.051,-0.079,,false
8947, 15    And,15,,,And,221756,73346,14627,353.65625,40.236389,5.59,,0.1,A1Vp,-0.017,-0.046,0.014,false
8948, 73    Peg,73,,,Peg,221758,73345,,353.659167,33.497222,5.63,,1.03,gK0,0.001,0.019,,false
8949,   Iot Phe,,Iot,,Phe,221760,231675,Iot Phe,353.769167,-42.615,4.71,,0.08,A2VpSrCrEu,0.046,-0.001,0.005,false
8950,,,,,,221776,73351,,353.694583,38.023889,6.18,,1.58,K7III,0.008,0.009,,false
8951,,,,,,221835,146795,,353.88375,-7.464444,6.39,,0.88,gG5,0.001,0.016,,false
8952,,,,,,221861,10790,,353.745833,71.642222,5.84,,1.8,G9Ib,-0.004,0.0,,false
8953,,,,,,221905,91367,,353.982917,24.561111,6.45,,1.73,M1III,0.004,0.009,,false
8954, 16    Psc,16,,,Psc,221950,128281,,354.097083,2.102222,5.68,,0.44,F6Vb vw,-0.103,0.061,,false
8955,,,,,,221970,73368,,354.127083,32.904167,6.35,,0.46,F6V,-0.008,0.0,,false
8956,,,,,,222004,214659,,354.2725,-31.870833,6.52,,1.26,K1III,0.048,0.002,0.003,false
8957,,,,,,222060,258166,,354.600417,-76.87,6.0,,0.9,K0-2III,0.082,-0.032,,false
8958,,,,,,222093,165804,,354.415,-13.060278,5.65,,1.03,G9IIIFe-0.5,0.037,0.024,,false
8959,,,,,,222095,231707,,354.4625,-45.4925,4.74,,0.08,A2V,0.073,-0.014,0.016,false
8960, 74    Peg,74,,,Peg,222098,108729,,354.415833,16.825556,6.26,,0.0,A1V,0.134,0.0,,false
8961, 16Lam And,16,Lam,,And,222107,53204,Lam And,354.39125,46.458056,3.82,,1.01,G8III-IV,0.162,-0.421,0.05,false
8962,,,,,,222109,53202,,354.383333,44.429167,5.8,,-0.06,B8V,0.015,-0.01,0.004,false
8963, 75    Peg,75,,,Peg,222133,108732,KS Peg,354.486667,18.400556,5.53,,0.0,A1Vn,0.05,0.017,,false
8964,,,,,,222143,53210,,354.494167,46.199722,6.58,,0.66,G5,0.37,-0.003,0.032,false
8965, 17Iot And,17,Iot,,And,222173,53216,14646,354.534167,43.268056,4.29,,-0.1,B8V,0.029,-0.001,0.011,false
8966,   The Phe,,The,,Phe,222287,231719,,354.866667,-46.637778,6.09,,0.24,A8V+F0V,0.028,0.033,0.008,false
8967, 18    And,18,,,And,222304,35642,,354.784583,50.471667,5.3,,-0.06,B9V,-0.017,-0.002,,false
8968,102Ome1Aqr,102,Ome,1,Aqr,222345,165818,,354.94625,-14.221667,5.0,,0.24,F0IV,0.057,-0.038,0.016,false
8969, 17Iot Psc,17,Iot,,Psc,222368,128310,14657,354.9875,5.626389,4.13,,0.51,F7V,0.378,-0.438,0.075,false
8970,,,,,,222377,128309,,354.979583,9.677222,5.97,,0.2,A2IVm,0.099,-0.011,,false
8971,,,,,,222386,10814,,354.793333,75.292778,5.95,,0.13,A3V,0.012,0.011,,false
8972,,,,,,222387,10817,,354.837917,74.002778,5.98,,0.89,G8III,-0.012,0.004,,false
8973,,,,,,222399,73422,,355.011667,37.6525,6.53,,0.35,F2IV,-0.013,-0.084,,false
8974, 35Gam Cep,35,Gam,,Cep,222404,10818,14656,354.836667,77.6325,3.21,,1.03,K1III-IV,-0.067,0.151,0.064,false
8975,   Mu  Scl,,Mu,,Scl,222433,214701,14661,355.159167,-32.073056,5.31,,0.97,K1III,-0.089,-0.055,0.027,false
8976, 19Kap And,19,Kap,,And,222439,53264,,355.102083,44.333889,4.14,,-0.08,B9IVn,0.083,-0.019,0.018,false
8977,,,,,,222451,73428,,355.169167,36.720833,6.23,,0.39,F1V,0.236,0.02,,false
8978,,,,,,222485,192083,14665,355.279167,-24.160278,6.6,,1.57,M1III,0.006,-0.01,,false
8979,,,,,,222493,165828,,355.287083,-11.680556,5.89,,1.0,G9III,0.07,0.009,,false
8980,103    Aqr,103,,,Aqr,222547,165834,,355.39375,-18.027222,5.34,,1.57,K5III,-0.039,-0.071,,false
8981,,,,,,222570,53276,,355.362083,49.512222,6.26,,0.19,A4V,0.002,-0.021,,false
8982,104    Aqr,104,,,Aqr,222574,165836,14671,355.440833,-17.816389,4.82,,0.82,G0Ib-II,0.015,0.004,-0.009,false
8983,,,,,,222602,128335,14672,355.48625,7.250556,5.89,,0.1,A3Vn,-0.024,-0.042,,false
8984, 18Lam Psc,18,Lam,,Psc,222603,128336,,355.511667,1.78,4.5,,0.2,A7V,-0.129,-0.155,0.028,false
8985,,,,,,222618,35682,,355.477083,57.26,6.24,R,,G8III,0.005,-0.002,,false
8986,,,,,,222641,53292,14674,355.561667,44.991944,6.57,R,,gK5,-0.011,-0.01,,false
8987,,,,,,222643,165841,,355.61625,-15.447778,5.28,,1.37,K4III,0.025,-0.008,0.015,false
8988,105Ome2Aqr,105,Ome,2,Aqr,222661,165842,,355.680417,-14.545,4.49,,-0.04,B9.5V,0.101,-0.066,0.041,false
8989,,,,,,222670,20791,,355.586667,64.515556,6.56,,1.88,M2III,0.003,-0.002,,false
8990,,,,,,222682,20793,,355.63125,61.679444,6.4,,1.24,K2III,0.043,-0.021,,false
8991, 77    Peg,77,,,Peg,222764,108789,14679,355.843333,10.331389,5.06,,1.68,M2III,0.008,0.007,0.01,false
8992,,,,,,222800,165849,R Aqr,355.95625,-15.284444,6.36,,1.58,M7IIIpe,0.032,-0.025,,false
8993,,,,,,222803,231756,,356.005833,-45.083333,6.09,,0.98,K1III-IV,0.338,-0.006,0.019,false
8994,,,,,,222805,258178,,356.105833,-70.490278,6.07,,0.91,G8-K0IV,0.243,0.062,0.014,false
8995,,,,,,222806,258179,,356.169583,-78.791389,5.75,,1.11,K1III,0.048,0.004,,false
8996,,,,,,222820,255557,,356.05,-64.404444,5.72,,1.4,K2II-III,0.011,0.031,0.007,false
8997, 78    Peg,78,,,Peg,222842,91457,,355.997917,29.361667,4.93,,0.95,K0III,0.071,-0.037,0.018,false
8998,106    Aqr,106,,,Aqr,222847,165854,,356.050417,-18.276944,5.24,,-0.08,B9Vn,0.029,-0.003,,false
8999,,,,,,222872,192116,,356.120417,-26.246389,6.17,,0.5,F4V,-0.07,-0.015,,false
9000,,,,,,222932,35728,,356.20125,55.799722,6.51,R,,gG4,0.02,-0.005,0.008,false
9001,,,,,,223011,231769,,356.505,-40.1825,6.31,,0.2,A7III-IV,0.097,-0.036,,false
9002,107    Aqr,107,,,Aqr,223024,165867,,356.50375,-18.678056,5.29,,0.28,F2III+F2V,0.134,0.03,0.012,false
9003, 20Psi And,20,Psi,,And,223047,53355,,356.50875,46.420278,4.95,,1.11,G5Ib+A0V,0.011,-0.005,0.001,false
9004, 19    Psc,19,,,Psc,223075,128374,TX Psc,356.597917,3.486667,5.04,,2.6,C5II,-0.03,-0.025,-0.004,false
9005,,,,,,223128,20838,,356.652917,66.782222,5.95,,-0.04,B2IV,0.004,0.001,,false
9006,   Sig Phe,,Sig,,Phe,223145,248018,,356.816667,-50.226667,5.18,,-0.19,B3V,0.011,-0.029,,false
9007,,,,,,223148,255567,,356.847083,-68.394167,6.89,,0.46,F2V,0.045,-0.043,,false
9008,  5Tau Cas,5,Tau,,Cas,223165,35763,14707,356.764583,58.651944,4.87,,1.11,K1IIIa,0.061,0.057,0.014,false
9009,,,,,,223170,165880,,356.81625,-11.910833,5.73,,1.08,gK1,-0.049,-0.086,,false
9010,,,,,,223173,35761,,356.757917,57.451389,5.51,,1.65,K3IIb,0.002,-0.003,,false
9011,,,,,,223229,53374,14709,356.888333,46.8325,6.07,,-0.14,B3IV,0.013,-0.003,0.002,false
9012, 20    Psc,20,,,Psc,223252,146915,,356.985417,-2.761667,5.49,,0.94,G8III,0.096,0.005,,false
9013,,,,,,223274,20853,,356.978333,67.806944,5.04,,-0.01,A1Vn,0.014,-0.001,0.015,false
9014,,,,,,223311,146919,14715,357.135417,-6.380556,6.07,,1.45,K4III,0.003,-0.019,,false
9015,,,,,,223346,128393,,357.205417,2.214167,6.46,,0.44,F5III-IV,0.007,-0.042,,false
9016,   Del Scl,,Del,,Scl,223352,192167,,357.231667,-28.130278,4.57,,0.01,A0V,0.105,-0.106,0.039,false
9017,,,,,,223358,20866,V650 Cas,357.1625,64.876389,6.41,,0.06,A0pSrSi:Cr:,0.013,-0.02,0.009,false
9018,  6    Cas,6,,,Cas,223385,20869,V566 Cas,357.209167,62.214444,5.43,,0.67,A3Ia,-0.005,-0.001,0.001,false
9019,,,,,,223386,35794,,357.224583,59.978889,6.34,,-0.01,A0V,0.048,0.007,,false
9020,,,,,,223421,35798,,357.3,58.963056,6.33,,0.4,F2IV,0.038,-0.014,,false
9021,,,,,,223428,165905,,357.381667,-15.861111,6.24,,1.22,K2IIIbFe-0.5,0.049,-0.022,,false
9022, 21    Psc,21,,,Psc,223438,128401,,357.364583,1.076111,5.77,,0.16,A5Vm,-0.002,-0.03,,false
9023,,,,,,223444,255578,,357.43625,-62.839444,6.59,,1.48,K5III,0.031,-0.035,,false
9024,,,,,,223460,73535,OU And,357.420833,36.425278,5.9,,0.79,G1III,0.001,-0.048,,false
9025, 79    Peg,79,,,Peg,223461,91522,,357.414167,28.8425,5.97,,0.19,A2m,0.061,0.024,,false
9026,,,,,,223466,192180,,357.456667,-25.331389,6.42,,0.12,A3V,-0.021,-0.024,,false
9027,,,,,,223524,165911,,357.56125,-9.974167,5.94,,1.13,K0IV,0.14,0.076,,false
9028,,,,,,223552,35823,,357.592917,51.621667,6.44,,0.37,F3V,0.123,-0.015,,false
9029,,,,,,223559,165915,,357.63875,-14.401944,5.72,,1.51,K4.5IIIb,0.037,-0.033,,false
9030, 80    Peg,80,,,Peg,223637,128421,HH Peg,357.838333,9.313333,5.79,,1.66,M3IIIa,-0.016,-0.063,,false
9031,108    Aqr,108,,,Aqr,223640,165918,ET Aqr,357.83875,-18.908889,5.18,,-0.14,B9pSiSrCr,0.021,0.0,0.023,false
9032,   Gam1Oct,,Gam,1,Oct,223647,258989,,358.026667,-82.018889,5.11,,0.92,G7III,-0.055,-0.019,,false
9033, 22    Psc,22,,,Psc,223719,128427,,357.99125,2.930278,5.55,,1.53,K4IIIaBa0.3,0.02,-0.015,,false
9034,,,,,,223731,10874,,357.99,77.599444,6.55,,0.44,F5V,0.264,-0.092,0.042,false
9035,,,,,,223755,91548,,358.0975,21.670833,6.11,,1.59,M2III,-0.049,-0.015,,false
9036, 81Phi Peg,81,Phi,,Peg,223768,108878,14735,358.122083,19.120278,5.08,,1.6,M2.5IIIb,-0.005,-0.036,0.011,false
9037,,,,,,223774,165933,,358.125,-14.251111,5.87,,1.28,K3III,-0.101,0.0,,false
9038,,,,,,223778,10879,,358.104583,75.544722,6.39,,0.98,K3V,0.314,0.049,0.097,false
9039, 82    Peg,82,,,Peg,223781,108879,HT Peg,358.154583,10.9475,5.3,,0.18,A4Vn,-0.029,0.001,0.018,false
9040,,,,,,223807,146953,,358.210417,-8.996667,5.75,,1.17,K0III,0.064,-0.021,,false
9041, 24    Psc,24,,,Psc,223825,146954,,358.231667,-3.155556,5.93,,1.07,G9III,0.075,-0.046,,false
9042, 25    Psc,25,,,Psc,223855,128436,,358.27,2.090556,6.28,,-0.01,A1V,0.022,-0.012,,false
9043,,,,,,223884,192218,,358.336667,-24.229167,6.24,,0.19,A3Shell,0.047,-0.011,,false
9044,,,,,,223991,192231,,358.589167,-27.042222,6.35,,0.2,A2V+F2V,0.02,0.025,0.006,false
9045,  7Rho Cas,7,Rho,,Cas,224014,35879,Rho Cas,358.595833,57.499444,4.54,,1.22,G20e,-0.002,-0.002,0.023,false
9046,,,,,,224022,231842,,358.660833,-40.3,6.03,,0.57,F8IV,0.368,0.028,0.029,false
9047,,,,,,224062,146973,XZ Psc,358.694167,0.109167,5.61,,1.59,M5III,-0.04,-0.018,,false
9048, 26    Psc,26,,,Psc,224103,128466,,358.7825,7.071111,6.21,,-0.07,B9V,0.021,-0.019,,false
9049,,,,,,224113,214860,AL Scl,358.819167,-31.921667,6.1,,-0.08,B6V,0.022,-0.003,,false
9050,,,,,,224112,214861,,358.819167,-31.884167,6.83,,-0.08,B8V,0.003,0.008,,false
9051,,,,,,224128,91582,,358.845833,25.955,6.54,R,,K5,-0.003,-0.008,,false
9052,,,,,,224151,35899,V373 Cas,358.890417,57.412222,6.0,,0.21,B0.5II+B0.5II,-0.008,-0.003,0.029,false
9053,,,,,,224165,53486,,358.89,47.355833,6.0,,1.16,G8Ib,0.0,-0.005,,false
9054,,,,,,224283,192252,,359.124583,-24.737222,6.31,,0.92,G5,0.003,0.01,,false
9055,,,,,,224303,91595,,359.172917,22.648056,6.15,,1.6,M2III,-0.022,-0.005,,false
9056,,,,,,224309,3994,V Cep,359.115417,83.191111,6.59,,0.05,A3V,0.047,0.007,,false
9057,,,,,,224342,53511,,359.265,42.658333,5.97,,0.69,F8III,0.008,-0.001,,false
9058,,,,,,224350,192262,14772,359.284583,-26.623611,6.26,,1.45,K3III,0.071,0.017,,false
9059,,,,,,224355,35917,14773,359.285417,55.705833,5.55,,0.49,F1/6V+F3,-0.019,-0.011,,false
9060,,,,,,224361,255606,,359.332917,-62.956389,5.97,,0.11,A1IV,0.082,0.018,,false
9061,   Gam2Oct,,Gam,2,Oct,224362,258996,,359.38625,-82.17,5.73,,1.05,K0III,-0.035,-0.026,,false
9062,   Eta Tuc,,Eta,,Tuc,224392,255609,,359.396667,-64.298333,5.0,,0.06,A1V,0.086,-0.068,0.036,false
9063,,,,,,224404,35922,,359.389583,60.023611,6.47,,0.01,B9III-IV,0.012,-0.002,,false
9064, 84Psi Peg,84,Psi,,Peg,224427,91611,14777,359.439583,25.141389,4.66,,1.59,M3III,-0.034,-0.033,0.005,false
9065,  1    Cet,1,,,Cet,224481,165972,,359.588333,-15.8475,6.26,,1.08,K0II-III,0.086,-0.006,,false
9066,,,,,,224490,35938,R Cas,359.603333,51.388611,4.8,,1.83,M7IIIe,0.08,0.009,,false
9067, 27    Psc,27,,,Psc,224533,147008,14785,359.668333,-3.556111,4.86,,0.93,G9III,-0.051,-0.072,0.029,false
9068,,,,,,224544,73650,Var?,359.705,32.381667,6.52,,-0.11,B6IVe,0.003,-0.007,,false
9069,   Pi  Phe,,Pi,,Phe,224554,248087,,359.7325,-52.745833,5.13,,1.13,K0III,0.055,0.061,0.016,false
9070,,,,,,224559,53540,LQ And,359.69375,46.413056,6.54,,-0.09,B4Ven,0.022,-0.005,,false
9071,  8Sig Cas,8,Sig,,Cas,224572,35947,,359.752083,55.755,4.88,,-0.07,B1V,0.009,-0.004,0.006,false
9072, 28Ome Psc,28,Ome,,Psc,224617,128513,14793,359.827917,6.863333,4.01,,0.42,F4IV,0.153,-0.115,0.018,false
9073,,,,,,224630,192294,,359.86625,-29.485,5.62,,1.6,K5III,-0.001,-0.001,,false
9074,,,,,,224635,73656,,359.871667,33.724444,6.58,H,0.55,G0V,-0.06,-0.08,0.051,false
9075,,,,,,224636,73656,,359.871667,33.724444,6.58,H,,G0V,-0.06,-0.08,0.051,false
9076,   Eps Tuc,,Eps,,Tuc,224686,255619,,359.979167,-65.577222,4.5,,-0.08,B9IV,0.048,-0.024,,false
9077,,,,,,224750,231888,,0.08,-44.290556,6.29,,0.76,G3IV,0.08,-0.111,,false
9078,,,,,,224758,91648,,0.099583,26.918333,6.46,,0.5,F7-8IV-V,0.044,-0.052,,false
9079,,,,,,224784,35983,,0.12875,59.559722,6.19,,1.01,G9III-IV,-0.077,-0.024,,false
9080,,,,,,224801,53568,CG And,0.182083,45.253333,6.38,,-0.07,B9pSiEu,0.027,0.005,,false
9081,   Tau Phe,,Tau,,Phe,224834,231895,,0.26875,-48.81,5.71,,0.91,G8III,-0.022,-0.009,,false
9082,,,,,,224865,248103,,0.333333,-50.337222,5.53,,1.6,M2III,0.002,0.013,0.008,false
9083,,,,,,224870,53573,,0.330417,49.981667,6.22,,0.97,G7II-III,0.018,-0.006,,false
9084,   The Oct,,The,,Oct,224889,258207,,0.39875,-77.065833,4.78,,1.27,K3III,-0.063,-0.177,0.017,false
9085,,,,,,224893,21009,,0.40375,61.223056,5.55,,0.41,F0III,-0.006,0.005,,false
9086,,,,,,224906,53580,,0.4325,42.367222,6.25,,-0.03,B9IIIpHg:Mn:,0.005,-0.003,,false
9087, 29    Psc,29,,,Psc,224926,147041,14804,0.455833,-3.0275,5.1,,-0.12,B7III-IV,0.016,-0.009,,false
9088, 85    Peg,85,,,Peg,224930,91669,14809,0.5425,27.081944,5.75,,0.67,G5VbFe-2,0.841,-0.991,0.083,false
9089, 30    Psc,30,,,Psc,224935,147042,YY Psc,0.49,-6.014167,4.41,,1.63,M3III,0.051,-0.041,0.006,false
9090,,,,,,224960,166005,W Cet,0.530417,-14.676111,7.1,,1.8,S7.3e,-0.01,-0.019,,false
9091,   Zet Scl,,Zet,,Scl,224990,,,0.582917,-29.720278,5.01,,-0.15,B4III,0.019,0.016,,false
9092, 31    Psc,31,,,Psc,224995,128544,,0.600833,8.956944,6.32,,0.18,A6V,0.005,-0.003,,false
9093, 32    Psc,32,,,Psc,225003,128547,,0.62375,8.485556,5.63,,0.29,F0V,-0.092,-0.047,,false
9094,,,,,,225009,10937,,0.650417,66.098889,5.86,,1.09,G8III,0.01,-0.001,0.01,false
9095,,,,,,225045,166014,,0.74,-20.046111,6.25,,0.53,F6V,0.11,0.071,,false
9096,,,,,,225069,166016,,0.782083,-24.145278,6.44,,1.18,G5,0.039,0.0,,false
9097,,,,,,225094,10942,V639 Cas,0.857083,63.641944,6.24,,0.33,B3Ia,-0.008,0.057,,false
9098,  2    Cet,2,,,Cet,225132,147059,,0.935,-17.336111,4.55,,-0.05,B9.5Vn,0.026,-0.009,0.007,false
9099,,,,,,225136,10948,,0.96625,66.712222,6.29,,1.67,M4III,0.021,-0.008,,false
9100,  9    Cas,9,,,Cas,225180,10954,,1.056667,62.287778,5.88,,0.3,A1III,-0.004,0.006,,false
9101,,,,,,225197,147064,,1.082083,-16.528889,5.78,,1.1,K2III,0.039,-0.059,,false
9102,,,,,,225200,166031,,1.084583,-29.268611,6.4,,0.0,A0V,0.03,0.014,,false
9103,  3    Cet,3,,,Cet,225212,147066,13,1.125417,-10.509444,4.94,,1.63,K3Ib,-0.005,-0.011,0.016,false
9104,,,,,,225216,10956,,1.175,67.166667,5.67,,1.07,K1III,0.092,0.03,0.013,false
9105,,,,,,225218,36037,,1.152917,42.092222,6.01,R,,B9III,0.005,-0.022,,false
9106,,,,,,225233,255629,,1.127917,-72.897778,7.31,,0.44,F2V,0.01,-0.054,,false
9107,,,,,,225239,53622,,1.224167,34.659722,6.12,,0.62,G2V,0.772,0.089,0.035,false
9108,,,,,,225253,255631,,1.172083,-71.436944,5.59,,-0.12,B8IV-V,0.028,-0.014,,false
9109,,,,,,225276,73731,,1.233333,26.648889,6.25,,1.4,K4IIIb,0.11,-0.012,,false
9110,,,,,,225289,10962,V567 Cas,1.275833,61.314167,5.8,,-0.09,B8IVpHgMn,0.015,0.005,,false
