baily,constellation,member_type,seq,latin,english,caption
1,UMi,figure,1,Quae est in extremitate caudae,The one at the tip of the tail,The very tip of the Little Bear's tail — Polaris
2,UMi,figure,2,Quae post ipsam in cauda est,"The one after it, in the tail","Second star of the tail, inward from the tip"
3,UMi,figure,3,Quae post istam prope radicem caudae,"The one after that, near the root of the tail","Third star of the tail, near its root at the bowl"
4,UMi,figure,4,Australis Stella praecedentis lateris figurae quadrilaterae,The southern star of the preceding side of the quadrilateral figure,The southern corner of the bowl's western side
5,UMi,figure,5,Borealis ejusdem lateris,The northern one of the same side,The northern corner of the bowl's western side
6,UMi,figure,6,Australis earum quae in sequenti latere sunt,The southern of those on the following side,The southern corner of the bowl's eastern side
7,UMi,figure,7,Borealis ejusdem lateris,The northern one of the same side,The northern corner of the bowl's eastern side
8,UMi,unformed,1,Australissima extra figuram in recta sequentis lateris,"Southernmost, outside the figure, in line with the following side",
9,UMa,figure,1,Quae est in extremitate rictus,The one at the tip of the muzzle,The tip of the Great Bear's muzzle
10,UMa,figure,2,Praecedens earum quae in duobus oculis sunt,The preceding of the two in the eyes,The western of the Bear's two eye stars
11,UMa,figure,3,Sequens earum,The following of them,The eastern of the Bear's two eye stars
12,UMa,figure,4,Praecedens earum quae in fronte sunt,The preceding of the two in the forehead,The western of the two stars in the brow
13,UMa,figure,5,Sequens earum,The following of them,The eastern of the two stars in the brow
14,UMa,figure,6,Quae in extremitate praecedentis auris est,The one at the tip of the preceding ear,The tip of the Bear's western ear
15,UMa,figure,7,Praecedens earum quae in collo sunt,The preceding of the two in the neck,The western of the two stars in the neck
16,UMa,figure,8,Sequens earum,The following of them,The eastern of the two stars in the neck
17,UMa,figure,9,Borealior de duabus quae in pectore sunt,The more northern of the two in the chest,The northern of the two stars in the chest
18,UMa,figure,10,Australior ipsarum,The more southern of them,The southern of the two stars in the chest
19,UMa,figure,11,Quae in genu sinistro est,The one in the left knee,The Bear's left knee
20,UMa,figure,12,Borealis earum quae in anterioris extremitate pedis sinistri sunt,The northern of those at the tip of the left forefoot,The northern star at the tip of the left forefoot
21,UMa,figure,13,Australior ipsarum,The more southern of them,The southern star at the tip of the left forefoot
22,UMa,figure,14,Quae supra genu dextrum est,The one above the right knee,Above the right knee
23,UMa,figure,15,Quae infra genu dextrum est,The one below the right knee,Below the right knee
24,UMa,figure,16,"Earum quae sunt in quadrilatera figura, illa in dorse est","Of those in the quadrilateral figure, the one on the back","The Bear's back — Dubhe, the bowl's northwest corner"
25,UMa,figure,17,Quae de istis in ursae latere est,"Of these, the one on the Bear's flank","The Bear's flank — Merak, the bowl's southwest corner"
26,UMa,figure,18,Quae in radice caudae,The one at the root of the tail,"The root of the tail — Megrez, the bowl's northeast corner"
27,UMa,figure,19,Reliqua quae est in posteriori sinistra coxa,"The remaining one, in the left hind thigh","The left hind thigh — Phecda, the bowl's southeast corner"
28,UMa,figure,20,Praecedens earum quae in extremitate posteriorum sinistri pedis sunt,The preceding of those at the tip of the left hind foot,The western star at the tip of the left hind foot
29,UMa,figure,21,Quae istam sequitur,The one following it,The eastern star at the tip of the left hind foot
30,UMa,figure,22,Quae est in poplite sinistro,The one in the left hock,"The left hock, midway down the hind leg"
31,UMa,figure,23,Borealium earum quae in extremitate posterioris dextri pedis sunt,The northern of those at the tip of the right hind foot,The northern star at the tip of the right hind foot
32,UMa,figure,24,Australior earum,The more southern of them,The southern star at the tip of the right hind foot
33,UMa,figure,25,"De tribus in cauda locatarum, prima post caudae radicem",Of the three placed in the tail: the first after the tail's root,First star of the tail after its root — Alioth
34,UMa,figure,26,Media ipsarum,The middle of them,The middle star of the tail — Mizar
35,UMa,figure,27,"Tertia, et in ipsa extremitate caudae","The third, at the very tip of the tail",The very tip of the long tail — Alkaid
36,UMa,unformed,1,Quae sub cauda procul ad austrum est,The one far south below the tail,
37,UMa,unformed,2,Quae istam praecedit obscurior,The dimmer one preceding it,
38,UMa,unformed,3,Australior quae inter anteriores ursae pedes et caput Leonis est,The more southern one between the Bear's forefeet and Leo's head,
39,UMa,unformed,4,Borealior hac,The one more northern than this,
40,UMa,unformed,5,Sequens reliquarum trium obscurarum,The following of the remaining three dim ones,
41,UMa,unformed,6,Praecedens istam,The one preceding it,
42,UMa,unformed,7,Hanc etiam praecedens,Preceding this one as well,
43,UMa,unformed,8,Quae inter anteriores pedes et Geminos est,The one between the forefeet and Gemini,
44,Dra,figure,1,Quae in lingua draconis est,The one on the Dragon's tongue,The star on the Dragon's flickering tongue
45,Dra,figure,2,Quae in ore est,The one in the mouth,The star in the Dragon's mouth
46,Dra,figure,3,Quae supra oculum,The one above the eye,Above the Dragon's eye
47,Dra,figure,4,Quae in maxilla,The one in the jaw,The star in the jaw
48,Dra,figure,5,Quae supra caput,The one above the head,"Above the head, crowning the lozenge"
49,Dra,figure,6,Borealis de tribus quae sunt in recta linea et in prima flexione colli,"The northern of the three in a straight line, at the first bend of the neck",The northern star of the straight-line trio at the neck's first bend
50,Dra,figure,7,Australis ipsarum,The southern of them,The southern star of that first-bend trio
51,Dra,figure,8,Media ipsarum,The middle of them,The middle star of that first-bend trio
52,Dra,figure,9,Sequens istas versus ortum,"The one following these, toward the east",The star just east of the first-bend trio
53,Dra,figure,10,"Quae in sequenti fluxu est, australior earum quae sunt in praecedente latere quadrilaterae","The one at the following bend, more southern than those on the preceding side of the quadrilateral",The southern-west corner of the first coil's quadrilateral
54,Dra,figure,11,Borealior earum quae sunt in antecedente latere,The more northern of those on the preceding side,The northern-west corner of the first coil's quadrilateral
55,Dra,figure,12,Borealis earum quae sunt in latere sequente,The northern of those on the following side,The northern-east corner of the first coil's quadrilateral
56,Dra,figure,13,Australis lateris sequentis,The southern one of the following side,The southern-east corner of the first coil's quadrilateral
57,Dra,figure,14,"Australis sequenti fluxu, trianguli","The southern one at the following bend, of the triangle","The southern point of the eastern triangle, at the next bend"
58,Dra,figure,15,Praecedens de reliquis duabus trianguli,The preceding of the remaining two of the triangle,The western of the eastern triangle's other two points
59,Dra,figure,16,Sequens de ipsis,The following of these,The eastern of the eastern triangle's other two points
60,Dra,figure,17,Sequens de tribus quae in antecedente deinceps triangulo sunt,"The following of the three that come next, in the preceding triangle",The eastern point of the western triangle
61,Dra,figure,18,Australis de reliquis duabus trianguli,The southern of the remaining two of that triangle,The southern point of the western triangle
62,Dra,figure,19,Borealior reliquis duabus,The more northern of the remaining two,The northern point of the western triangle
63,Dra,figure,20,Quae de duabus parvis ad occidentalem partem trianguli sequitur,The following of the two small ones toward the western part of the triangle,The eastern of the two small stars west of the triangle
64,Dra,figure,21,Praecedens de ipsis,The preceding of these,The western of those two small stars
65,Dra,figure,22,Australior de tribus quae deinceps per rectam lineam sunt,The more southern of the three that come next along a straight line,The southern star of the straight-line trio beginning the tail
66,Dra,figure,23,Media ipsarum,The middle of them,The middle star of that trio
67,Dra,figure,24,Borealior ipsarum,The more northern of them,The northern star of that trio
68,Dra,figure,25,Borealior duarum quae deinceps ad occasum sunt,"The more northern of the two that come next, toward the west",The northern of the next pair westward along the tail
69,Dra,figure,26,Australior ipsarum,The more southern of them,The southern of that pair
70,Dra,figure,27,Quae de istis in flexu caudae ad occasum est,"Of these, the one at the westward bend of the tail",The star at the tail's westward bend
71,Dra,figure,28,Praecedens de duabus satis ab ista distantibus,The preceding of the two standing well apart from it,The western of the pair standing well apart beyond the bend
72,Dra,figure,29,Quae ipsas sequitur,The one following them,The eastern of that far-standing pair
73,Dra,figure,30,Quae istis prope caudam adhaeret,"The one clinging close to these, near the tail","The star clinging close to them, near the tail's end"
74,Dra,figure,31,Reliqua quae in extremitate caudae est,"The remaining one, at the tip of the tail","The last star, at the very tip of the Dragon's tail"
75,Cep,figure,1,Quae in pede dextro est,The one in the right foot,The King's right foot
76,Cep,figure,2,Quae in pede sinistro,The one in the left foot,The King's left foot
77,Cep,figure,3,Quae ad cingulum est in dextro latere,"The one at the belt, on the right side","The belt star, at his right side"
78,Cep,figure,4,Quae super dextrum humerum est tangens ipsum,"The one above the right shoulder, touching it","Just above the right shoulder, touching it"
79,Cep,figure,5,Quae supra dextrum cubitum tangens ipsum,"The one above the right elbow, touching it","Just above the right elbow, touching it"
80,Cep,figure,6,Quae sub hoc cubito ipsum quoque tangens,"The one below that elbow, also touching it","Just below that elbow, touching it too"
81,Cep,figure,7,Quae in pectore,The one in the chest,The star in the King's chest
82,Cep,figure,8,Quae in sinistra brachio,The one in the left arm,The star in the left arm
83,Cep,figure,9,Australis de tribus quae in tiara sunt,The southern of the three in the tiara,The southern star of the three in the tiara
84,Cep,figure,10,Media ipsarum,The middle of them,The middle star of the tiara
85,Cep,figure,11,Borealis ipsarum,The northern of them,The northern star of the tiara
86,Cep,unformed,1,Praecedens tiaram,The one preceding the tiara,
87,Cep,unformed,2,Sequens tiaram,The one following the tiara,
88,Boo,figure,1,Praecedens de tribus quae sunt in manu sinistra,The preceding of the three in the left hand,The western star of the three in the Herdsman's left hand
89,Boo,figure,2,Media et australior de tribus,The middle and more southern of the three,The middle and southernmost star of the left hand
90,Boo,figure,3,Sequens de tribus,The following of the three,The eastern star of the left hand
91,Boo,figure,4,Quae in sinistro cubito est,The one in the left elbow,The Herdsman's left elbow
92,Boo,figure,5,Quae est in humero sinistro,The one in the left shoulder,The left shoulder
93,Boo,figure,6,Quae est in capite,The one in the head,The star in the Herdsman's head
94,Boo,figure,7,Quae in humero dextro,The one in the right shoulder,"The right shoulder, where the crook rises"
95,Boo,figure,8,Borealior ipsarum et in collorobo,"The more northern of these, in the crook","In the crook's shaft, north of the right shoulder"
96,Boo,figure,9,Adhuc borealior ista et in extremitate collorobi,"Still more northern than that, at the tip of the crook","The tip of the shepherd's crook, northernmost of all"
97,Boo,figure,10,Borealior duarum quae sunt in clava sub humero,The more northern of the two in the club below the shoulder,The northern star of the club below the shoulder
98,Boo,figure,11,Australior ipsarum,The more southern of them,The southern star of the club
99,Boo,figure,12,Quae in extremitate dextrae manus est,The one at the tip of the right hand,The very tip of the right hand
100,Boo,figure,13,Praecedens de duabus quae in vola manus sunt,The preceding of the two in the palm of the hand,The western star of the pair in the palm
101,Boo,figure,14,Sequens ipsarum,The following of them,The eastern star of the pair in the palm
102,Boo,figure,15,Quae in extremitate capuli collorobi,The one at the end of the crook's handle,"The end of the crook's handle, laid across the hand"
103,Boo,figure,16,Quae in crure dextro juxta cingulum,"The one in the right leg, by the belt","The star in the right leg, beside the belt"
104,Boo,figure,17,Sequens de duabus quae in cingulo sunt,The following of the two in the belt,The eastern star of the two in the belt
105,Boo,figure,18,Praecedens ipsarum,The preceding of them,The western star of the two in the belt
106,Boo,figure,19,Quae est in dextro calcaneo,The one in the right heel,The Herdsman's right heel
107,Boo,figure,20,Borealis de tribus quae sunt in sinistra tibia,The northern of the three in the left shin,The northern star of the left-shin trio
108,Boo,figure,21,Media ipsarum,The middle of them,The middle star of the left-shin trio
109,Boo,figure,22,Australis ipsarum,The southern of them,The southern star of the left-shin trio
110,Boo,unformed,1,Quae est inter crura et vocatur Arcturus subrufa,"The one between the thighs, called Arcturus, reddish",
111,CrB,figure,1,Fulgens earum quae sunt in corona,The brilliant one among those in the crown,"The jewel of the Crown — its brilliant star, Alphecca"
112,CrB,figure,2,Quae omnes istas praecedit,The one preceding them all,The star leading the whole arc from the west
113,CrB,figure,3,Borealior quae istam sequitur,The more northern one following it,The northern star at the arc's western end
114,CrB,figure,4,Sequens istam et borealior ista,"The one following that, and more northern still",The small companion riding north of the band
115,CrB,figure,5,Quae fulgentem a meridie sequitur,"The one following the brilliant one, from the south","First follower of the jewel, along the southern arc"
116,CrB,figure,6,Quae istam propius sequitur,The one following it more closely,"The next star east, following close"
117,CrB,figure,7,Quae post istas rursus sequitur,The one following again after these,"The next again, climbing the eastern arc"
118,CrB,figure,8,Sequens cunctas quae in corona sunt,The last of all those in the crown,The last star of all in the Crown
119,Her,figure,1,Quae in capite,The one in the head,"The Kneeler's head, hanging beside the head of Ophiuchus"
120,Her,figure,2,Quae in humero dextro penes axillam seu scapulam,"The one in the right shoulder, by the armpit or shoulder-blade","The right shoulder, by the armpit"
121,Her,figure,3,Quae in brachio dextro,The one in the right arm,The star in the right arm
122,Her,figure,4,Quae in cubito dextro,The one in the right elbow,The right elbow
123,Her,figure,5,Quae in humero sinistro,The one in the left shoulder,The left shoulder
124,Her,figure,6,Quae in brachio sinistro,The one in the left arm,The star in the left arm
125,Her,figure,7,Quae in sinistro cubito,The one in the left elbow,The left elbow
126,Her,figure,8,De tribus quae sunt in sinistra manus vola illa quae sequitur,"Of the three in the palm of the left hand, the one that follows",The eastern star of the three in the open left palm
127,Her,figure,9,Borealis de duabus reliquis,The northern of the remaining two,The northern star of the palm's other two
128,Her,figure,10,Australior ipsarum,The more southern of them,The southern star of the palm's other two
129,Her,figure,11,Quae in dextro latere,The one in the right side,The star in the Kneeler's right side
130,Her,figure,12,Quae in latere sinistro,The one in the left side,The star in the left side
131,Her,figure,13,Borealior ista in vertebro sinistrae coxae,"The one more northern than that, at the joint of the left hip",The joint of the left hip
132,Her,figure,14,Quae in capite cruris ejusdem,The one at the head of the same thigh,The head of the left thigh
133,Her,figure,15,Praecedens de tribus quae sunt in sinistro crure,The preceding of the three in the left thigh,The western star of the trio along the left thigh
134,Her,figure,16,Sequens istam,The one following it,The middle star of the left-thigh trio
135,Her,figure,17,Quae adhuc istam sequitur,The one following it still,The eastern star of the left-thigh trio
136,Her,figure,18,Quae in genu sinistro,The one in the left knee,The bent left knee
137,Her,figure,19,Quae in sinistra sura,The one in the left calf,The left calf
138,Her,figure,20,Praecedens de tribus quae sunt in extremitate pedis sinistri,The preceding of the three at the tip of the left foot,The western star of the three at the left foot's tip
139,Her,figure,21,Media de tribus,The middle of the three,The middle star of the left foot's three
140,Her,figure,22,Sequens ipsarum,The following of them,The eastern star of the left foot's three
141,Her,figure,23,Quae in vertebro coxae dextrae,The one at the joint of the right hip,The joint of the right hip
142,Her,figure,24,Borealior ista in eodem crure,"The one more northern than that, on the same thigh","On the right thigh, north of the hip joint"
143,Her,figure,25,Quae in genu dextro,The one in the right knee,The kneeling right knee
144,Her,figure,26,Australior duarum quae in genu dextro sunt,The more southern of the two in the right knee,The southern of the two stars beside the right knee
145,Her,figure,27,Borealior ipsarum,The more northern of them,The northern of the two stars beside the right knee
146,Her,figure,28,Quae in tibia dextra,The one in the right shin,The right shin
147,Her,figure,29,Quae in extremitate dextri pedis est ipsa eadem in extremitate collorobi,The one at the tip of the right foot — the very same as the tip of the crook,The tip of the right foot — the very star that tips the Herdsman's crook
148,Her,unformed,1,Australior illa quae est in brachio dextro,The one more southern than that in the right arm,
149,Lyr,figure,1,Fulgens quae in testa est et vocatur Lyra,"The brilliant one on the shell, called Lyra","The brilliant star on the shell, called Lyra — Vega"
150,Lyr,figure,2,Borealis de duabus quae isti adhaerent,The northern of the two adjoining it,The northern of the two faint stars beside Vega
151,Lyr,figure,3,Australior ipsarum,The more southern of them,The southern of the two faint stars beside Vega
152,Lyr,figure,4,Quae istas sequitur et media inter ortum cornuum,"The one following these, midway between the springing of the horns",The star midway between the springing of the two horns
153,Lyr,figure,5,Borealior de duabus contiguis quae sunt ad orientalem testae partem,The more northern of the two close-set stars at the eastern part of the shell,The northern of the close pair at the shell's eastern edge
154,Lyr,figure,6,Australior ipsarum,The more southern of them,The southern of that close pair
155,Lyr,figure,7,Borealior duarum praecedentium quae in jugo lyrae sunt,The more northern of the two preceding stars in the yoke,The northern-west corner of the yoke's parallelogram
156,Lyr,figure,8,Australior ipsarum,The more southern of them,The southern-west corner of the yoke
157,Lyr,figure,9,Borealior duarum sequentium quae in jugo lyrae sunt,The more northern of the two following stars in the yoke,The northern-east corner of the yoke
158,Lyr,figure,10,Australior ipsarum,The more southern of them,The southern-east corner of the yoke
159,Cyg,figure,1,Quae est in ore,The one in the beak,The star in the Bird's beak — Albireo
160,Cyg,figure,2,Quae istam sequitur et est in capite,"The one following it, in the head","The star in the head, behind the beak"
161,Cyg,figure,3,Quae in medio collo,The one in the middle of the neck,The middle of the long neck
162,Cyg,figure,4,Quae in pectore,The one in the breast,The Bird's breast
163,Cyg,figure,5,Fulgens quae in cauda est,The brilliant one in the tail,The brilliant star in the tail — Deneb
164,Cyg,figure,6,Quae in cubito alae dextrae est,The one in the elbow of the right wing,The elbow of the right wing
165,Cyg,figure,7,Australis de tribus quae sunt in pectine dextrae alae,The southern of the three in the feather-edge of the right wing,The southern star of the right wing's feather-edge
166,Cyg,figure,8,Media de tribus,The middle of the three,The middle star of the right wing's feather-edge
167,Cyg,figure,9,Borealis ipsarum quae est in extremitate pectinis,"The northern of them, at the tip of the feather-edge",The tip of the right wing's feather-edge
168,Cyg,figure,10,Quae in cubito alae sinistrae,The one in the elbow of the left wing,The elbow of the left wing
169,Cyg,figure,11,Borealior ipsarum et in medio ejusdem alae,"The one more northern than that, in the middle of the same wing","The middle of the left wing, north of its elbow"
170,Cyg,figure,12,Quae in extremitate pectinis alae sinistrae,The one at the tip of the feather-edge of the left wing,The tip of the left wing's feather-edge
171,Cyg,figure,13,Quae in pede sinistro,The one in the left foot,The Bird's left foot
172,Cyg,figure,14,Quae in genu sinistro,The one in the left knee,"The left knee, tucked beneath"
173,Cyg,figure,15,Praecedens de duabus quae sunt in pede dextro,The preceding of the two in the right foot,The western star of the pair in the right foot
174,Cyg,figure,16,Sequens ipsarum,The following of them,The eastern star of that pair
175,Cyg,figure,17,Quae in genu dextro nubi similis,"The one in the right knee, like a little cloud",The right knee — a star like a little cloud
176,Cyg,unformed,1,Australior duarum quae sunt sub ala sinistra,The more southern of the two beneath the left wing,
177,Cyg,unformed,2,Borealior ipsarum,The more northern of them,
178,Cas,figure,1,Quae in capite,The one in the head,The Queen's head
179,Cas,figure,2,Quae in pectore,The one in the breast,The star in her breast — Schedar
180,Cas,figure,3,Borealior ipsa et est in cingulo,"The one more northern than that, in the girdle",The girdle at her waist
181,Cas,figure,4,Quae supra sedem in cruribus est,"The one above the seat, at the thighs","Her thighs, resting on the seat"
182,Cas,figure,5,Quae in genibus,The one in the knees,The star at her knees
183,Cas,figure,6,Quae in tibia,The one in the shin,The shin below
184,Cas,figure,7,Quae in extremitate pedis,The one at the tip of the foot,The tip of her foot
185,Cas,figure,8,Quae in sinistro brachio,The one in the left arm,"Her left arm, reaching from the breast"
186,Cas,figure,9,Quae sub cubito sinistro,The one below the left elbow,Below the left elbow
187,Cas,figure,10,Quae in brachio dextro,The one in the right arm,Her right arm
188,Cas,figure,11,Quae supra pedem sedis est,The one above the foot of the seat,"The throne, above the foot of the seat"
189,Cas,figure,12,Quae in media sede seu cathedra,"The one in the middle of the seat, the throne itself",The middle of the seat — the throne itself
190,Cas,figure,13,Quae in extremitate sedis,The one at the edge of the seat,The edge of the seat
191,Per,figure,1,Quae in dextrae manus extremitate et est nebulosa,"The one at the tip of the right hand, and it is nebulous",The raised right hand — a nebulous smudge that is two whole star-clusters
192,Per,figure,2,Quae in dextro cubito,The one in the right elbow,The right elbow of the sword arm
193,Per,figure,3,Quae in humero dextro,The one in the right shoulder,The right shoulder
194,Per,figure,4,Quae in humero sinistro,The one in the left shoulder,The left shoulder
195,Per,figure,5,Quae in capite,The one in the head,The hero's head
196,Per,figure,6,Quae in occipite,The one at the back of the head,The back of the head
197,Per,figure,7,Fulgens quae est in dextro latere Persei,The brilliant one in the right side of Perseus,The brilliant star in Perseus' right side — Mirfak
198,Per,figure,8,Praecedens de tribus quae sunt post illam quae est in latere,The preceding of the three that follow the one in the side,The western star of the three trailing the side
199,Per,figure,9,Media de tribus,The middle of the three,The middle star of that trailing trio
200,Per,figure,10,Sequens ipsarum,The following of them,The eastern star of that trailing trio
201,Per,figure,11,Quae in cubito sinistro,The one in the left elbow,"The left elbow, from which the Gorgon swings"
202,Per,figure,12,Fulgens quae est in Gorgoneo,The brilliant one in the Gorgon's head,"The brilliant star in the Gorgon's head — Algol, the winking demon"
203,Per,figure,13,Quae istam sequitur,The one following it,The star just east of Algol in the severed head
204,Per,figure,14,Quae splendidam praecedit,The one preceding the brilliant one,The star just west of Algol
205,Per,figure,15,Reliqua quae istam adhuc praecedit,"The remaining one, preceding that still",The far western star of the Gorgon's face
206,Per,figure,16,Quae in genu dextro,The one in the right knee,The right knee
207,Per,figure,17,Praecedens ipsam et est supra genu,"The one preceding it, above the knee","Above the right knee, to its west"
208,Per,figure,18,Praecedens de duabus quae supra poplitem,The preceding of the two above the hollow of the knee,The western star of the pair above the knee-hollow
209,Per,figure,19,Sequens quae in ipso poplite est,"The following one, at the hollow itself",The star at the knee-hollow itself
210,Per,figure,20,Quae in dextra sura,The one in the right calf,The right calf
211,Per,figure,21,Quae in talo dextro,The one in the right ankle,The right ankle
212,Per,figure,22,Quae in crure sinistro,The one in the left thigh,The left thigh
213,Per,figure,23,Quae in genu sinistro,The one in the left knee,The left knee
214,Per,figure,24,Quae in tibia sinistra,The one in the left shin,The left shin
215,Per,figure,25,Quae in sinistra calcaneo,The one in the left heel,The left heel
216,Per,figure,26,Quae istam sequitur et est in extremitate pedis sinistri,"The one following it, at the tip of the left foot",The tip of the striding left foot
217,Per,unformed,1,Quae ad ortum respectu ejus quae in genu sinistro est,The one to the east of the one in the left knee,
218,Per,unformed,2,Quae ad septentrionem respectu earum quae in genu dextro est,The one to the north of those at the right knee,
219,Per,unformed,3,Praecedens earum quae in Gorgoneo sunt,The one preceding those in the Gorgon's head,
220,Aur,figure,1,Australior de tribus quae sunt in capite,The more southern of those in the head,The southern star in the Charioteer's head
221,Aur,figure,2,Borealior et est supra caput,"The more northern one, above the head","The northern star, above the head"
222,Aur,figure,3,Quae in humero sinistro et vocatur Capella,"The one in the left shoulder, called Capella",The she-goat on the left shoulder — Capella
223,Aur,figure,4,Quae in humero dextro,The one in the right shoulder,The right shoulder — Menkalinan
224,Aur,figure,5,Quae in cubito dextro,The one in the right elbow,"The right elbow, holding the reins"
225,Aur,figure,6,Quae in vola dextra,The one in the right palm,The right palm
226,Aur,figure,7,Quae in cubito sinistro,The one in the left elbow,"The left elbow, where the Kids nestle"
227,Aur,figure,8,Sequens de duabus quae sunt in vola sinistra et vocantur hoedi,"The following of the two in the left palm, which are called the Kids",The eastern of the two Kids in the left palm
228,Aur,figure,9,Praecedens ipsas,The one preceding them,The western of the two Kids
229,Aur,figure,10,Quae in talo sinistro,The one in the left ankle,The left ankle
230,Aur,figure,11,Quae in talo dextro communis cum Tauri cornu,"The one in the right ankle, shared with the horn of the Bull",The right ankle — one star shared with the tip of the Bull's horn
231,Aur,figure,12,Quae ad septentrionem respectu ejus est in extremitate pedis,"The one to the north of it, at the tip of the foot","North of the shared ankle, at the tip of the foot"
232,Aur,figure,13,Adhuc borealior ista et est in vertebro,"Still more northern than that, at the joint","Further north still, at the joint"
233,Aur,figure,14,Parva quae est supra sinistrum pedem,The small one above the left foot,The small star above the left foot
234,Oph,figure,1,Quae in capite,The one in the head,"The Serpent-Bearer's head, crown to crown with the Kneeler"
235,Oph,figure,2,Praecedens de duabus quae sunt in humero dextro,The preceding of the two in the right shoulder,The western star of the right shoulder pair
236,Oph,figure,3,Sequens ipsarum,The following of them,The eastern star of the right shoulder pair
237,Oph,figure,4,Praecedens de duabus quae sunt in humero sinistro,The preceding of the two in the left shoulder,The western star of the left shoulder pair
238,Oph,figure,5,Sequens ipsarum,The following of them,The eastern star of the left shoulder pair
239,Oph,figure,6,Quae in cubito sinistro,The one in the left elbow,The left elbow
240,Oph,figure,7,Praecedens de duabus quae sunt in extremitate manus sinistrae,The preceding of the two at the tip of the left hand,"The western star of the left fist, gripping the serpent's neck"
241,Oph,figure,8,Sequens ipsarum,The following of them,The eastern star of the left fist
242,Oph,figure,9,Quae in cubito dextro,The one in the right elbow,The right elbow
243,Oph,figure,10,Praecedens de duabus quae sunt in extremitate manus dextrae,The preceding of the two at the tip of the right hand,"The western star of the right fist, far down the serpent's tail"
244,Oph,figure,11,Sequens ipsarum,The following of them,The eastern star of the right fist
245,Oph,figure,12,Quae in genu dextro,The one in the right knee,The right knee
246,Oph,figure,13,Quae in tibia dextra,The one in the right shin,The right shin
247,Oph,figure,14,Praecedens de quatuor quae sunt in pede dextro,The preceding of the four in the right foot,The westernmost of the four stars in the right foot
248,Oph,figure,15,Quae istam sequitur,The one following it,"Second of the four foot stars, going east"
249,Oph,figure,16,Quae adhuc istam sequitur,The one following it still,Third of the four foot stars
250,Oph,figure,17,Reliqua de quatuor quae omnes sequitur,"The remaining one of the four, following them all","The last of the four, easternmost in the foot"
251,Oph,figure,18,Quae istas sequitur et tangit calcaneum,"The one following these, touching the heel","The star behind them, touching the heel"
252,Oph,figure,19,Quae in sinistro genu,The one in the left knee,The left knee
253,Oph,figure,20,Borealior de tribus quae sunt in sinistra tibia secundum rectam lineam,"The northern of the three in the left shin, along a straight line",The northern star of the straight left-shin trio
254,Oph,figure,21,Media ipsarum,The middle of them,The middle star of the left-shin trio
255,Oph,figure,22,Australior de tribus,The more southern of the three,The southern star of the left-shin trio
256,Oph,figure,23,Quae in sinistro calcaneo,The one in the left heel,The left heel
257,Oph,figure,24,Quae tangit plantam sinistri pedis,The one touching the sole of the left foot,The star touching the sole of the left foot
258,Oph,unformed,1,Borealior de tribus quae sunt ad ortum humeri dextri,The more northern of the three to the east of the right shoulder,
259,Oph,unformed,2,Media de tribus,The middle of the three,
260,Oph,unformed,3,Australior ipsarum,The more southern of them,
261,Oph,unformed,4,Sequens de tribus quasi supra mediam,"The one following the three, as if above the middle one",
262,Oph,unformed,5,Borealior de quatuor et est solitaria,"The more northern of the four, standing alone",
263,Ser,figure,1,Quae in extremitate maxillae est de illis quae in capite quadrilaterae sunt,"The one at the tip of the jaw, of those in the quadrilateral of the head","The tip of the Serpent's jaw, a corner of the head"
264,Ser,figure,2,Quae nares tangit,The one touching the nostrils,The corner star touching the nostrils
265,Ser,figure,3,Quae in tempore,The one in the temple,The corner star at the temple
266,Ser,figure,4,Quae in radice colli,The one at the root of the neck,The corner star at the root of the neck
267,Ser,figure,5,Media quadrilateri et est in ore,"The middle one of the quadrilateral, in the mouth","Inside the head's quadrilateral, in the open mouth"
268,Ser,figure,6,Exterior et ad septentrionem capitis,"The one outside, to the north of the head",The loose star north of the head
269,Ser,figure,7,Quae post primum colli flexum est,The one after the first bend of the neck,The star after the neck's first bend
270,Ser,figure,8,Borealis de tribus deinceps sequentibus,The northern of the three following next,The northern star of the trio following the bend
271,Ser,figure,9,Media de tribus,The middle of the three,The middle star of that trio
272,Ser,figure,10,Australis ipsarum,The southern of them,The southern star of that trio
273,Ser,figure,11,Praecedens manum sinistram Ophiuchi post sequentem flexum,"The one preceding the left hand of Ophiuchus, after the following bend",The coil just west of Ophiuchus' left hand
274,Ser,figure,12,Sequens eas quae in manu sunt,The one following those in the hand,The coil just past his left hand
275,Ser,figure,13,Quae post posteriorem partem dextri cruris Ophiuchi,The one behind the back of Ophiuchus' right thigh,The star behind Ophiuchus' right thigh
276,Ser,figure,14,Australior de duabus sequentibus istam,The more southern of the two following it,The southern of the two stars beyond the thigh
277,Ser,figure,15,Borealior ipsarum,The more northern of them,The northern of those two
278,Ser,figure,16,Quae post manum dextram in flexu caudae,"The one behind the right hand, in the bend of the tail","The bend of the tail, past his right hand"
279,Ser,figure,17,Quae istam sequitur et est in cauda similiter,"The one following it, likewise in the tail",The next star out along the tail
280,Ser,figure,18,Quae in extrema cauda est,The one at the tip of the tail,The very tip of the Serpent's tail
281,Sge,figure,1,Quae in ferro sagittae solitaria est,The solitary one in the iron head of the arrow,The solitary star in the Arrow's iron head
282,Sge,figure,2,Sequens de tribus quae in arundine sunt,The following of the three in the shaft,The eastern star of the three in the reed shaft
283,Sge,figure,3,Media ipsarum,The middle of them,The middle star of the shaft
284,Sge,figure,4,Praecedens de tribus,The preceding of the three,The western star of the shaft
285,Sge,figure,5,Quae in extremitate γλυφίδος sagittae,The one at the tip of the arrow's notch,The notch where the bowstring sat
286,Aql,figure,1,Quae in medio capite,The one in the middle of the head,The star in the middle of the Eagle's head
287,Aql,figure,2,Quae istam praecedit et est in collo,"The one preceding it, in the neck","The star in the neck, west of Altair"
288,Aql,figure,3,Fulgens quae in occipite et vocatur Aquila,"The brilliant one at the back of the head, called Aquila",The brilliant star called Aquila itself — Altair
289,Aql,figure,4,Quae prope hanc ad septentrionem est,"The one near it, to the north",The close companion just north of Altair
290,Aql,figure,5,Praecedens de duabus quae sunt in humero sinistro,The preceding of the two in the left shoulder,The western star of the left wing's shoulder
291,Aql,figure,6,Quae istam sequitur,The one following it,The eastern star of the left wing's shoulder
292,Aql,figure,7,Praecedens de duabus quae sunt in humero dextro,The preceding of the two in the right shoulder,The western star of the right wing's shoulder
293,Aql,figure,8,Quae hanc sequitur,The one following it,The eastern star of the right wing's shoulder
294,Aql,figure,9,Quae sub Aquilae cauda remotior est et lacteum circulum tangit,"The one far below the Eagle's tail, touching the Milky Way","The far star below the Eagle's tail, touching the Milky Way"
295,Aql,unformed,1,Praecedens de duabus quae sunt ab australi capitis parte,The preceding of the two on the southern side of the head,
296,Aql,unformed,2,Quae istam sequitur,The one following it,
297,Aql,unformed,3,Quae ab austro et africo dextri aquilae humeri est,The one south-southwest of the Eagle's right shoulder,
298,Aql,unformed,4,Quae a meridie hujus est,The one to the south of it,
299,Aql,unformed,5,Quae australior hac adhuc est,The one more southern still,
300,Aql,unformed,6,Quae cunctas praecedit,The one preceding them all,
301,Del,figure,1,Praecedens de tribus quae in cauda sunt,The preceding of the three in the tail,The western star of the three in the Dolphin's tail
302,Del,figure,2,Borealior de duabus reliquis,The more northern of the two remaining,The northern star of the tail's other two
303,Del,figure,3,Australior ipsarum,The more southern of them,The southern star of the tail's other two
304,Del,figure,4,Australis earum quae sunt in antecedente latere quadrilateri rhomboidis,The southern of those on the preceding side of the rhomboid quadrilateral,"The southern corner of the rhombus, on its western side"
305,Del,figure,5,Borealior antecedentis lateris,The more northern one of the preceding side,The northern corner of the rhombus' western side
306,Del,figure,6,Australis sequentis lateris rhombi,The southern one of the following side of the rhombus,The southern corner of the rhombus' eastern side
307,Del,figure,7,Borealis sequentis lateris,The northern one of the following side,The northern corner of the rhombus' eastern side
308,Del,figure,8,Australis de tribus quae sunt inter caudam et rhombum,The southern of the three between the tail and the rhombus,The southern star of the three between tail and rhombus
309,Del,figure,9,Praecedens de duabus reliquis borealibus,The preceding of the two remaining northern ones,The western of the two northern between-stars
310,Del,figure,10,Reliqua de ipsis et sequens,The remaining and following one of them,The eastern of the two northern between-stars
311,Equ,figure,1,Praecedens duarum quae sunt in capite,The preceding of the two in the head,The western star of the pair in the foal's head
312,Equ,figure,2,Quae ipsam sequitur,The one following it,The eastern star of the head pair
313,Equ,figure,3,Praecedens duarum quae in ore sunt,The preceding of the two in the mouth,The western star of the pair in the mouth — the muzzle's far tip
314,Equ,figure,4,Quae ipsam sequitur,The one following it,The eastern star of the mouth pair
315,Peg,figure,1,Quae in umbilico est et communis cum capite Andromedae,"The one at the navel, shared with the head of Andromeda",The navel — one star shared with the head of Andromeda
316,Peg,figure,2,Quae in lumbis et extremitate pennae,The one at the loins and the wing's tip,"The loins and the wing's tip, a corner of the Great Square"
317,Peg,figure,3,Quae in humero dextro et in ipsa pedis radice,The one at the right shoulder and the very root of the leg,"The right shoulder at the leg's root, a corner of the Great Square"
318,Peg,figure,4,Quae in occipite et humero alae,The one at the back of the head and the wing's shoulder,"The back of the head and the wing's shoulder, a corner of the Great Square"
319,Peg,figure,5,Borealior duarum quae sunt in corpore sub ala,The more northern of the two in the body beneath the wing,The northern of the two body stars beneath the wing
320,Peg,figure,6,Australior ipsarum,The more southern of them,The southern of those two
321,Peg,figure,7,Borealior duarum quae in genu dextro sunt,The more northern of the two in the right knee,The northern star of the right knee pair
322,Peg,figure,8,Australior ipsarum,The more southern of them,The southern star of the right knee pair
323,Peg,figure,9,Antecedens duarum propinquarum quae in pectore sunt,The preceding of the two close-set stars in the chest,The western of the close pair in the chest
324,Peg,figure,10,Sequens ipsarum,The following of them,The eastern of the chest pair
325,Peg,figure,11,Praecedens duarum propinquarum quae in collo sunt,The preceding of the two close-set stars in the neck,The western of the close pair in the neck
326,Peg,figure,12,Sequens ipsarum,The following of them,The eastern of the neck pair
327,Peg,figure,13,Australior duarum quae in juba sunt,The more southern of the two in the mane,The southern star of the mane
328,Peg,figure,14,Borealior ipsarum,The more northern of them,The northern star of the mane
329,Peg,figure,15,Borealior duarum propinquarum quae in capite sunt,The more northern of the two close-set stars in the head,The northern of the close pair in the head
330,Peg,figure,16,Australior ipsarum,The more southern of them,The southern of the head pair
331,Peg,figure,17,Quae in rictu est,The one in the muzzle,The single star in the muzzle — Enif
332,Peg,figure,18,Quae in dextro talo,The one in the right ankle,The right ankle
333,Peg,figure,19,Quae in genu sinistro,The one in the left knee,"The left knee, raised before the neck"
334,Peg,figure,20,Quae in talo sinistro,The one in the left ankle,The left ankle
335,And,figure,1,Quae in occipite,The one at the back of the head,The back of the Princess' head — the star she shares with Pegasus
336,And,figure,2,Quae in humero dextro,The one in the right shoulder,Her right shoulder
337,And,figure,3,Quae in humero sinistro,The one in the left shoulder,Her left shoulder
338,And,figure,4,Australis de tribus quae sunt in dextro brachio,The southern of the three in the right arm,The southern star of the three in the right arm
339,And,figure,5,Borealior ipsarum,The more northern of them,The northern star of the right-arm trio
340,And,figure,6,Media de tribus,The middle of the three,The middle star of the right-arm trio
341,And,figure,7,Australis de tribus quae sunt in extremitate manus dextrae,The southern of the three at the tip of the right hand,The southern star of the three at the right hand's tip
342,And,figure,8,Media ipsarum,The middle of them,The middle star of the right hand
343,And,figure,9,Borealis de tribus,The northern of the three,The northern star of the right hand
344,And,figure,10,Quae in brachio sinistro,The one in the left arm,The star in the left arm
345,And,figure,11,Quae in cubito sinistro,The one in the left elbow,The left elbow
346,And,figure,12,Australior de tribus quae sunt supra cingulum,The more southern of the three above the girdle,The southern star of the girdle's three — Mirach
347,And,figure,13,Media ipsarum,The middle of them,The middle star of the girdle
348,And,figure,14,Borealis de tribus,The northern of the three,The northern star of the girdle
349,And,figure,15,Quae supra pedem sinistrum,The one above the left foot,The star above the left foot
350,And,figure,16,Quae in pede dextro,The one in the right foot,The right foot
351,And,figure,17,Australior hac,The one more southern than it,The toe just south of the right foot
352,And,figure,18,Borealior duarum quae sunt in poplite sinistro,The more northern of the two at the left hollow of the knee,The northern star at the hollow of the left knee
353,And,figure,19,Australior ipsarum,The more southern of them,The southern star at that knee-hollow
354,And,figure,20,Quae in genu dextro,The one in the right knee,The right knee
355,And,figure,21,Borealior duarum quae sunt in syrmate,The more northern of the two in the train of the robe,The northern of the two stars in the robe's train
356,And,figure,22,Australior ipsarum,The more southern of them,The southern of the train pair
357,And,figure,23,Exterior praecedensque de tribus quae sunt in extremitate manus dextrae,The outer and preceding one of the three at the tip of the right hand,The outer star west of the right hand's tip — the chain's far reach
358,Tri,figure,1,Quae in vertice trianguli est,The one at the apex of the triangle,The apex of the Triangle
359,Tri,figure,2,Praecedens de tribus quae sunt in basi,The preceding of the three in the base,The western star of the three in the base
360,Tri,figure,3,Media ipsarum,The middle of them,The middle star of the base
361,Tri,figure,4,Sequens de tribus,The following of the three,The eastern star of the base
362,Ari,figure,1,Praecedens duarum quae sunt in cornu,The preceding of the two in the horn,The western star of the pair in the horn
363,Ari,figure,2,Sequens ipsarum,The following of them,The eastern star of the horn pair — Hamal
364,Ari,figure,3,Borealior duarum quae in rictu sunt,The more northern of the two in the muzzle,The northern star of the pair in the turned-back muzzle
365,Ari,figure,4,Australior ipsarum,The more southern of them,The southern star of the muzzle pair
366,Ari,figure,5,Quae in collo est,The one in the neck,"The star in the Ram's neck, below the horns"
367,Ari,figure,6,Quae in lumbo est,The one in the loin,The star in the loin
368,Ari,figure,7,Quae in radice caudae,The one at the root of the tail,The root of the tail
369,Ari,figure,8,Praecedens de tribus quae in cauda sunt,The preceding of the three in the tail,The western star of the three in the tail
370,Ari,figure,9,Media de tribus,The middle of the three,The middle star of the tail
371,Ari,figure,10,Sequens ipsarum,The following of them,The eastern star of the tail
372,Ari,figure,11,Quae in posteriore parte cruris est,The one in the hind part of the leg,The hind part of the folded leg
373,Ari,figure,12,Quae sub poplite,The one below the hollow of the knee,Below the hollow of the hind knee
374,Ari,figure,13,Quae in extremitate posterioris pedis,The one at the tip of the hind foot,The tip of the hind foot
375,Ari,unformed,1,Quae supra caput est quam Hipparchus in collo dicit,"The one above the head, which Hipparchus places in the neck",
376,Ari,unformed,2,Sequens fulgentiorque de quatuor quae supra lumbos sunt,The following and brighter of the four above the loins,
377,Ari,unformed,3,Borealior reliquarum trium minusque splendidarum,"The more northern of the remaining three, fainter ones",
378,Ari,unformed,4,Media de tribus,The middle of the three,
379,Ari,unformed,5,Australis ipsarum,The southern of them,
380,Tau,figure,1,Borealis de quatuor quae sunt in abscissione,The northern of the four at the cut-off,"The northern star of the four at the cut-off, where the half-figure ends"
381,Tau,figure,2,Sequens ipsam,The one following it,Second star down the cut-off line
382,Tau,figure,3,Quae istam adhuc sequitur,The one following it still,Third star down the cut-off line
383,Tau,figure,4,Australissima de quatuor,The southernmost of the four,The southernmost star of the cut-off
384,Tau,figure,5,Quae istas sequitur et est in dextra scapula,"The one following these, in the right shoulder-blade","The right shoulder-blade, east of the cut"
385,Tau,figure,6,Quae in pectore,The one in the chest,The star in the Bull's chest
386,Tau,figure,7,Quae in genu dextro,The one in the right knee,The right knee
387,Tau,figure,8,Quae in talo dextro,The one in the right ankle,The right ankle
388,Tau,figure,9,Quae in genu sinistro,The one in the left knee,"The left knee, folded above the elbow"
389,Tau,figure,10,Quae in cubito sinistro,The one in the left elbow,The left elbow
390,Tau,figure,11,"De Hyades, sic enim vocantur quae in facie sunt, ea quae in naribus",Of the Hyades — for so are called those in the face — the one in the nostrils,"The Hyad in the nostrils, at the point of the V"
391,Tau,figure,12,Quae inter hanc et borealem oculum est,The one between it and the northern eye,The Hyad between the nostrils and the northern eye
392,Tau,figure,13,Quae inter istam et australem oculum,The one between it and the southern eye,The Hyad between the nostrils and the southern eye
393,Tau,figure,14,"Fulgens de Hyades, et est in oculo australi subrufa","The bright one of the Hyades, in the southern eye, reddish","The bright Hyad in the southern eye, reddish — Aldebaran"
394,Tau,figure,15,Reliqua quae est in oculo boreali,"The remaining one, in the northern eye",The Hyad in the northern eye
395,Tau,figure,16,Quae est in radice australis cornu et in aure,"The one at the root of the southern horn, and in the ear","The root of the southern horn, at the ear"
396,Tau,figure,17,Australior duarum quae sunt in cornu australi,The more southern of the two in the southern horn,The southern of the two stars along the southern horn
397,Tau,figure,18,Borealior ipsarum,The more northern of them,The northern of those two
398,Tau,figure,19,Quae est in extremitate cornu australis,The one at the tip of the southern horn,The tip of the southern horn
399,Tau,figure,20,Quae est in radice cornu borealis,The one at the root of the northern horn,The root of the northern horn
400,Tau,figure,21,"Quae est in extremitate borealis cornu, eademque in dextro pede Aurigae","The one at the tip of the northern horn, the same as the one in Auriga's right foot",The tip of the northern horn — one star shared with Auriga's right foot
401,Tau,figure,22,Borealior duarum propinquarum quae sunt in aure boreali,The more northern of the two close-set stars in the northern ear,The northern of the close pair in the northern ear
402,Tau,figure,23,Australior ipsarum,The more southern of them,The southern of that ear pair
403,Tau,figure,24,Praecedens duarum parvarum quae in collo sunt,The preceding of the two small stars in the neck,The western of the two small stars in the neck
404,Tau,figure,25,Quae ipsam sequitur,The one following it,The eastern of the neck's small pair
405,Tau,figure,26,Australior antecedentis lateris quadrilaterae figurae quae in collo est,The more southern one of the preceding side of the quadrilateral figure in the neck,The southern corner of the neck quadrilateral's western side
406,Tau,figure,27,Borealior antecedentis lateris,The more northern one of the preceding side,The northern corner of its western side
407,Tau,figure,28,Australior sequentis lateris,The more southern one of the following side,The southern corner of its eastern side
408,Tau,figure,29,Borealior sequentis lateris,The more northern one of the following side,The northern corner of its eastern side
409,Tau,figure,30,Borealis terminus antecedentis Pleiadum lateris,The northern end of the preceding side of the Pleiades,The northern end of the Pleiades' western side
410,Tau,figure,31,Australis terminus antecedentis lateris,The southern end of the preceding side,The southern end of the Pleiades' western side
411,Tau,figure,32,Sequens et angustissimus Pleiadum terminus,The following and narrowest end of the Pleiades,The narrow eastern end of the Pleiades
412,Tau,figure,33,Exterior et parva Pleiadum a septentrione,"The small outer one of the Pleiades, to the north","The small outer Pleiad, to the north"
413,Tau,unformed,1,Quae sub pede dextro est et scapula,The one below the right foot and the shoulder-blade,
414,Tau,unformed,2,Praecedens de tribus quae supra cornu australe,The preceding of the three above the southern horn,
415,Tau,unformed,3,Media de tribus,The middle of the three,
416,Tau,unformed,4,Sequens ipsarum,The following of them,
417,Tau,unformed,5,Borealior de duabus quae sunt sub extremitate cornu australis,The more northern of the two below the tip of the southern horn,
418,Tau,unformed,6,Australior ipsarum,The more southern of them,
419,Tau,unformed,7,Praecedens de quinque quae sub cornu boreali sequuntur,The preceding of the five that follow below the northern horn,
420,Tau,unformed,8,Quae istam sequitur,The one following it,
421,Tau,unformed,9,Quae istam adhuc sequitur,The one following it still,
422,Tau,unformed,10,Borealior reliquarum duarum sequentium,The more northern of the remaining two followers,
423,Tau,unformed,11,Australior ipsarum,The more southern of them,
424,Gem,figure,1,Quae est in capite praecedentis Geminorum,The one in the head of the preceding Twin,The head of the western Twin — Castor
425,Gem,figure,2,"Quae est in capite sequentis Geminorum, subrufa","The one in the head of the following Twin, reddish","The head of the eastern Twin, reddish — Pollux"
426,Gem,figure,3,Quae est in sinistro praecedentis Geminorum cubito,The one in the left elbow of the preceding Twin,The western Twin's left elbow
427,Gem,figure,4,Quae in eodem brachio,The one in the same arm,The star in the same left arm
428,Gem,figure,5,Quae ipsam sequitur et est in occipite,"The one following it, at the back of the head",The back of the western Twin's head
429,Gem,figure,6,Quae istam sequitur et est in dextro humero ejusdem,"The one following it, in the right shoulder of the same Twin",The western Twin's right shoulder
430,Gem,figure,7,Quae in humero sequenti sequentis Geminorum,The one in the following shoulder of the following Twin,The eastern Twin's outer shoulder
431,Gem,figure,8,Quae in dextro latere antecedentis Geminorum,The one in the right side of the preceding Twin,The western Twin's right side
432,Gem,figure,9,Quae in sinistro latere sequentis Geminorum,The one in the left side of the following Twin,The eastern Twin's left side
433,Gem,figure,10,Quae in sinistro genu praecedentis Geminorum,The one in the left knee of the preceding Twin,The western Twin's left knee
434,Gem,figure,11,Quae sub sinistro genu sequentis Geminorum,The one below the left knee of the following Twin,Below the eastern Twin's left knee
435,Gem,figure,12,Quae in sinistra sequentis Geminorum axilla,The one in the left armpit of the following Twin,The eastern Twin's left armpit
436,Gem,figure,13,Quae supra dextrum poplitem ejusdem Geminorum,The one above the right knee-hollow of the same Twin,Above the eastern Twin's right knee-hollow
437,Gem,figure,14,Quae in extremo pede praecedentis Geminorum,The one in the far foot of the preceding Twin,The western star in the western Twin's far foot
438,Gem,figure,15,Quae hanc in eodem pede sequitur,"The one following it, in the same foot",The eastern star in that same foot
439,Gem,figure,16,Quae in extremitate dextri pedis praecedentis Geminorum,The one at the tip of the right foot of the preceding Twin,The tip of the western Twin's right foot
440,Gem,figure,17,Quae in extremitate sinistri pedis sequentis Geminorum,The one at the tip of the left foot of the following Twin,The tip of the eastern Twin's left foot — Alhena
441,Gem,figure,18,Quae in extremitate dextri pedis sequentis Geminorum,The one at the tip of the right foot of the following Twin,The tip of the eastern Twin's right foot
442,Gem,unformed,1,Praecedens extremitatem pedum antecedentis Geminorum,The one preceding the foot-tips of the preceding Twin,
443,Gem,unformed,2,Praecedens eam quae est in genu antecedentis Geminorum et est splendida,The bright one preceding the knee of the preceding Twin,
444,Gem,unformed,3,Quae praecedit genu sinistrum sequentis Geminorum,The one preceding the left knee of the following Twin,
445,Gem,unformed,4,Borealis trium sequentium dextram sequentis Geminorum per rectam lineam,The northern of the three in a straight line following the right hand of the following Twin,
446,Gem,unformed,5,Media de tribus,The middle of the three,
447,Gem,unformed,6,Australis ipsarum et ad cubitum manus,"The southern of them, at the elbow of the hand",
448,Gem,unformed,7,Quae dictas tres sequitur et est splendida,The bright one following the said three,
449,Cnc,figure,1,Media nubiformis convolutionis quae in pectore dicta Praesepe,"The middle of the cloud-like convolution in the chest, called the Manger",The Manger — the cloud in the Crab's chest that is the Beehive cluster
450,Cnc,figure,2,"Borealior duarum praecedentium quadrilaterae figurae, quae est in nebula","The more northern of the two preceding stars of the quadrilateral, at the nebula","The northwest corner of the body, at the nebula's edge"
451,Cnc,figure,3,Australior praecedentium duarum,The more southern of the preceding two,The southwest corner of the body
452,Cnc,figure,4,Borealis duarum sequentium quadrilaterae quae vocantur Aselli,"The northern of the two following stars of the quadrilateral, which are called the Asses","The northeast corner — the northern Ass, feeding at the Manger"
453,Cnc,figure,5,Australis ipsarum,The southern of them,The southeast corner — the southern Ass
454,Cnc,figure,6,Quae in australi forfice,The one in the southern claw,The tip of the southern claw
455,Cnc,figure,7,Quae in boreali forfice,The one in the northern claw,The tip of the northern claw
456,Cnc,figure,8,Quae in posteriore pede boreali,The one in the northern hind foot,The northern hind foot
457,Cnc,figure,9,Quae in posteriore pede australi,The one in the southern hind foot,The southern hind foot
458,Cnc,unformed,1,Quae super cubitum australis forficis est,The one above the elbow of the southern claw,
459,Cnc,unformed,2,Quae sequitur extremitatem australis forficis,The one following the tip of the southern claw,
460,Cnc,unformed,3,Praecedens duarum sequentium quae sunt super nebulam,The preceding of the two following stars above the nebula,
461,Cnc,unformed,4,Sequens ipsarum,The following of them,
462,Leo,figure,1,Quae in extremitate naris,The one at the tip of the nostrils,The tip of the Lion's nostrils
463,Leo,figure,2,Quae in apertione oris,The one at the opening of the mouth,The opening of the mouth
464,Leo,figure,3,Borealior duarum quae sunt in capite,The more northern of the two in the head,The northern star of the pair in the head
465,Leo,figure,4,Australior ipsarum,The more southern of them,The southern star of the head pair
466,Leo,figure,5,Borealis de tribus quae in collo sunt,The northern of the three in the neck,The northern star of the three in the neck
467,Leo,figure,6,Sequens et media de tribus,The following and middle of the three,"The middle star of the neck, on its eastern edge"
468,Leo,figure,7,Australis ipsarum,The southern of them,"The southern star of the neck, bending to the heart"
469,Leo,figure,8,Quae est in corde et vocatur Regulus,"The one in the heart, called Regulus","The Lion's heart — Regulus, the little king"
470,Leo,figure,9,Australior ipsa et est quasi in pectore,"The one more southern than it, almost in the chest","Just south of the heart, almost in the chest"
471,Leo,figure,10,Parum antecedens illam quae in corde est,The one a little ahead of the one in the heart,The star a little west of the heart
472,Leo,figure,11,Quae in genu dextro,The one in the right knee,The right knee
473,Leo,figure,12,Quae in anteriore dextrae vola,The one in the forward right paw,The forward right paw
474,Leo,figure,13,Quae in anteriore sinistrae vola,The one in the forward left paw,The forward left paw
475,Leo,figure,14,Quae in genu sinistro,The one in the left knee,The left knee
476,Leo,figure,15,Quae in axilla sinistra,The one in the left armpit,The left armpit
477,Leo,figure,16,Praecedens de tribus quae sunt in ventre,The preceding of the three in the belly,The western star of the three in the belly
478,Leo,figure,17,Borealis reliquarum et sequentium duarum,"The northern of the remaining, following two",The northern of the belly's eastern two
479,Leo,figure,18,Australior ipsarum,The more southern of them,The southern of the belly's eastern two
480,Leo,figure,19,Praecedens de duabus quae sunt in lumbis,The preceding of the two in the loins,The western star of the pair in the loins
481,Leo,figure,20,Sequens ipsarum,The following of them,The eastern star of the loins
482,Leo,figure,21,Borealior duarum quae sunt in vertebris,The more northern of the two in the rump,The northern star of the rump pair
483,Leo,figure,22,Australior ipsarum,The more southern of them,The southern star of the rump pair
484,Leo,figure,23,Quae in posterioribus cruribus,The one in the hind legs,The star standing for the hind legs
485,Leo,figure,24,Quae in posterioribus poplitibus,The one in the hind knee-hollows,The hind knee-hollows
486,Leo,figure,25,Australior hac et quasi in cubitis,"The one more southern than it, almost at the shanks","Lower still, at the shanks"
487,Leo,figure,26,Quae in posterioribus volis,The one in the hind paws,The hind paws
488,Leo,figure,27,Quae in extremitate caudae,The one at the tip of the tail,The tip of the Lion's tail — Denebola
489,Leo,unformed,1,Praecedens de duabus quae sunt super scapulam,The preceding of the two above the shoulder-blade,
490,Leo,unformed,2,Sequens ipsarum,The following of them,
491,Leo,unformed,3,"Borealis de tribus, quae sunt sub latere",The northern of the three below the flank,
492,Leo,unformed,4,Media ipsarum,The middle of them,
493,Leo,unformed,5,Australis ipsarum,The southern of them,
494,Leo,unformed,6,"Borealissimum convolutionis nubilosae quae Coma Berenices vocatur, et est inter extrema Leonis et Ursae","The northernmost of the nebulous cluster called Berenice's Hair, between the edges of Leo and the Bear",
495,Leo,unformed,7,Praecedens de australibus eminentibus Comae Berenices,The preceding of the southern outliers of Berenice's Hair,
496,Leo,unformed,8,Sequens de ipsis in figura folii edere,"The following of them, in the shape of an ivy leaf",
497,Vir,figure,1,Australis de duabus quae sunt in extremo craneo Virginis,The southern of the two at the crown of the Virgin's head,The southern star of the pair at the crown of the Maiden's head
498,Vir,figure,2,Borealior ipsarum,The more northern of them,The northern star of the crown pair
499,Vir,figure,3,Borealior de sequentibus ipsas in facie,"The more northern of those following them, in the face",The northern star of the pair in the face
500,Vir,figure,4,Australior ipsarum,The more southern of them,The southern star of the face pair
501,Vir,figure,5,Quae est in extremitate australis alae atque sinistrae,"The one at the tip of the southern, left wing",The tip of the southern wing
502,Vir,figure,6,"Praecedens de quatuor, quae sunt in ala sinistra",The preceding of the four in the left wing,"The first of the four along the southern wing, westernmost"
503,Vir,figure,7,Quae ipsam sequitur,The one following it,The second star along the southern wing
504,Vir,figure,8,Quae adhuc istam sequitur,The one following it still,The third star along the southern wing
505,Vir,figure,9,Ultima et sequens de quatuor,The last and following of the four,"The last of the four, at the wing's eastern end"
506,Vir,figure,10,Quae est sub cingulo in dextro latere,"The one below the girdle, in the right side","Below the girdle, in the right side"
507,Vir,figure,11,Praecedens de tribus quae in dextra borealique ala sunt,"The preceding of the three in the right, northern wing",The western star of the northern wing's three
508,Vir,figure,12,Australis reliquarum duarum,The southern of the remaining two,The southern of the northern wing's other two
509,Vir,figure,13,Borealis ipsarum et vocatur Previndemiatrix,"The northern of them, called Previndemiatrix","The herald of the vintage — Previndemiatrix, on the northern wing"
510,Vir,figure,14,Quae in extremitate manus sinistrae et vocatur Spica,"The one at the tip of the left hand, called Spica",The ear of wheat in the left hand — Spica
511,Vir,figure,15,Quae sub cingulo juxta dextrum vertebrum,"The one below the girdle, by the right hip","Below the girdle, by the right hip"
512,Vir,figure,16,Borealis antecedentis lateris quadrilaterae figurae quae est in crure sinistro,The northern one of the preceding side of the quadrilateral figure in the left leg,The northwest star of the four in the left leg
513,Vir,figure,17,Australis antecedentis lateris,The southern one of the preceding side,The southwest star of the left-leg four
514,Vir,figure,18,"Borealior de duabus, quae in sequenti latere sunt",The more northern of the two on the following side,The northeast star of the left-leg four
515,Vir,figure,19,Australior lateris sequentis,The more southern one of the following side,The southeast star of the left-leg four
516,Vir,figure,20,Quae in genu sinistro,The one in the left knee,The left knee
517,Vir,figure,21,Quae in dextro crure posteriore,The one in the right hind leg,The star in the right hind leg
518,Vir,figure,22,Media de tribus quae sunt in syrmate,The middle of the three in the train of the robe,The middle star of the three in the robe's train
519,Vir,figure,23,Australis ipsarum,The southern of them,The southern star of the train
520,Vir,figure,24,Borealis ipsarum,The northern of them,The northern star of the train
521,Vir,figure,25,Quae in extremitate sinistri pedis atque australis,"The one at the tip of the left, southern foot","The tip of the southern, left foot"
522,Vir,figure,26,Quae in extremitate dextri pedis atque borealis,"The one at the tip of the right, northern foot","The tip of the northern, right foot"
523,Vir,unformed,1,Praecedens de tribus quae ad rectam lineam sub sinistro cubito sunt,The preceding of the three in a straight line below the left elbow,
524,Vir,unformed,2,Media ipsarum,The middle of them,
525,Vir,unformed,3,Sequens ipsarum,The following of them,
526,Vir,unformed,4,Praecedens de tribus quae quasi ad rectam lineam sub Spica sunt,The preceding of the three almost in a straight line below Spica,
527,Vir,unformed,5,Media ipsarum et duplex,"The middle of them, and it is double",
528,Vir,unformed,6,Sequens trium,The following of the three,
529,Lib,figure,1,Fulgens earum quae sunt in extremitate australis forficis,The bright one of those at the tip of the southern claw,The bright tip of the southern claw — Zubenelgenubi
530,Lib,figure,2,Borealior ipsa et minus splendida,"The one more northern than it, and less brilliant",The dimmer star just north of the southern tip
531,Lib,figure,3,Fulgens earum quae sunt in extremitate borealis forficis,The bright one of those at the tip of the northern claw,The bright tip of the northern claw — Zubeneschamali
532,Lib,figure,4,Praecedens ipsas et obscura,"The one preceding them, and dim",The dim star west of the northern tip
533,Lib,figure,5,Quae est in medio australis forficis,The one in the middle of the southern claw,The middle of the southern claw
534,Lib,figure,6,Quae istam praecedit in eadem forfice,The one preceding it in the same claw,The star west of the southern claw's middle
535,Lib,figure,7,Quae est in medio borealis forficis,The one in the middle of the northern claw,The middle of the northern claw
536,Lib,figure,8,Quae istam in eadem forfice sequitur,The one following it in the same claw,The star east of the northern claw's middle
537,Lib,unformed,1,Antecedens de tribus borealibus quae sunt in forfice boreali,The preceding of the three northern ones at the northern claw,
538,Lib,unformed,2,Australis sequentium duarum,The southern of the following two,
539,Lib,unformed,3,Borealis ipsarum,The northern of them,
540,Lib,unformed,4,Sequens de tribus intermediis,The following of the three in between,
541,Lib,unformed,5,Borealis reliquarum duarum praecedentium,The northern of the remaining two preceding ones,
542,Lib,unformed,6,Australis ipsarum,The southern of them,
543,Lib,unformed,7,"Praecedens de tribus australioribus, quae sunt in forfice australi","The preceding of the three more southern ones, at the southern claw",
544,Lib,unformed,8,Borealior duarum reliquarum sequentium,The more northern of the remaining two followers,
545,Lib,unformed,9,Australior ipsarum,The more southern of them,
546,Sco,figure,1,"Borealis de tribus splendidis, quae sunt in fronte",The northern of the three bright ones in the brow,The northern of the three bright stars in the Scorpion's brow
547,Sco,figure,2,Media ipsarum,The middle of them,The middle star of the brow — Dschubba
548,Sco,figure,3,Australior de tribus,The more southern of the three,The southern star of the brow
549,Sco,figure,4,Australior adhuc ista in altero pedum,"The one more southern still, in one of the feet","Further south still, in one of the forefeet"
550,Sco,figure,5,"Borealior duarum, quae borealissimae splendidarum adhaeret",The more northern of the two adjoining the northernmost of the bright ones,The northern of the close pair beside the brow's northern star
551,Sco,figure,6,Australis ipsarum,The southern of them,The southern of that close pair
552,Sco,figure,7,"Praecedens de tribus splendidis, quae sunt in corpore",The preceding of the three bright ones in the body,The western of the three bright stars in the body
553,Sco,figure,8,Media ipsarum et subrufa quae vocatur Antares,"The middle of them, reddish, which is called Antares","The Scorpion's heart, reddish — Antares"
554,Sco,figure,9,Sequens de tribus,The following of the three,The eastern of the body's bright three
555,Sco,figure,10,Praecedens duarum quae sub ipsis in extremo pede sunt,"The preceding of the two below them, at the end of the foot","The western star of the pair below the body, at the foot's end"
556,Sco,figure,11,Sequens ipsarum,The following of them,The eastern star of that under-foot pair
557,Sco,figure,12,Quae in primo spondilo a corpore,"The one in the first segment, from the body","The first segment of the tail, counting from the body"
558,Sco,figure,13,Quae post hanc in secundo spondilo,"The one after it, in the second segment",The second segment of the tail
559,Sco,figure,14,Borealis de binis quae in tertio spondilo sunt,The northern of the pair in the third segment,The northern star of the third segment's pair
560,Sco,figure,15,Australior de binis,The more southern of the pair,The southern star of the third segment's pair
561,Sco,figure,16,Quae deinceps in quarto spondilo est,"The next one, in the fourth segment",The fourth segment of the tail
562,Sco,figure,17,Quae post ipsam in quinto spondilo est,"The one after it, in the fifth segment",The fifth segment of the tail
563,Sco,figure,18,Quae deinceps in sexto spondilo,"The next, in the sixth segment","The sixth segment, deep in the curve"
564,Sco,figure,19,Quae in septimo spondilo juxta aculeum,"The one in the seventh segment, by the sting","The seventh segment, hard by the sting"
565,Sco,figure,20,Sequens de duabus quae in aculeo sunt,The following of the two in the sting,The eastern barb of the two-star sting — Shaula
566,Sco,figure,21,Praecedens ipsarum,The preceding of them,The western barb of the sting
567,Sco,unformed,1,Quae aculeum sequitur et est nebulosa,"The one following the sting, and it is nebulous",
568,Sco,unformed,2,"Praecedens duarum, quae a septentrione aculei sunt",The preceding of the two north of the sting,
569,Sco,unformed,3,Sequens ipsarum,The following of them,
570,Sgr,figure,1,Quae in ferro sagittae,The one in the point of the arrow,"The point of the arrow, aimed at the Scorpion"
571,Sgr,figure,2,Quae in capulo sinistrae manus est,The one in the grip of the left hand,The grip of the left hand on the arrow's shaft
572,Sgr,figure,3,Quae in australi parte Sagittarii est,The one in the southern part of the Archer,The bow's southern arc
573,Sgr,figure,4,Australior earum quae sunt in boreali parte Sagittarii,The more southern of those in the northern part of the Archer,The lower star of the bow's northern arc
574,Sgr,figure,5,Borealior ipsarum et in extremitate arcus,"The more northern of them, and at the tip of the bow","The tip of the bow, northernmost — Kaus Borealis"
575,Sgr,figure,6,Quae in humero sinistro,The one in the left shoulder,"The Archer's left shoulder, the bow-arm"
576,Sgr,figure,7,Quae hanc praecedit et est in sagitta,"The one preceding it, and it is on the arrow","The star on the arrow, behind the grip"
577,Sgr,figure,8,Quae in oculo est nebulosa et bina,"The one in the eye, nebulous and double","The eye — nebulous and double, two faint things wrapped in haze"
578,Sgr,figure,9,Praecedens de tribus quae sunt in capite,The preceding of the three in the head,The western star of the three in the head
579,Sgr,figure,10,Media ipsarum,The middle of them,The middle star of the head
580,Sgr,figure,11,Sequens de tribus,The following of the three,The eastern star of the head
581,Sgr,figure,12,"Australior de tribus, quae in boreali interscapilio sunt",The more southern of the three in the northern shoulder-cloth,The southern star of the three in the northern shoulder-cloth
582,Sgr,figure,13,Media ipsarum,The middle of them,The middle star of the northern cloth
583,Sgr,figure,14,Borealis ipsarum,The northern of them,The northern star of the northern cloth
584,Sgr,figure,15,Obscura quae tres istas sequitur,The dim one following those three,The dim star trailing east of the northern cloth
585,Sgr,figure,16,Borealior de duabus quae in australi interscapilio sunt,The more northern of the two in the southern shoulder-cloth,The northern star of the southern shoulder-cloth pair
586,Sgr,figure,17,Australior ipsarum,The more southern of them,"The southern star of the southern cloth, where the back meets the tail"
587,Sgr,figure,18,Quae in humero dextro,The one in the right shoulder,The right shoulder of the draw-arm
588,Sgr,figure,19,Quae in cubito dextro,The one in the right elbow,"The right elbow, drawn back"
589,Sgr,figure,20,"De tribus quae sunt in scapula, quae prope occiput est","Of the three in the shoulder-blade, the one near the back of the head",The shoulder-blade star near the back of the head
590,Sgr,figure,21,Media ipsarum et in ipsa latitudine scapulae,"The middle of them, in the very breadth of the shoulder-blade","The middle star, in the breadth of the shoulder-blade"
591,Sgr,figure,22,Reliqua et quasi sub axilla,"The remaining one, almost under the armpit","The last of the shoulder-blade three, almost under the armpit"
592,Sgr,figure,23,Quae in anteriori sinistro talo,The one in the front left ankle,The front left ankle
593,Sgr,figure,24,Quae in genu ejusdem pedis,The one in the knee of the same leg,The knee of the same front left leg
594,Sgr,figure,25,Quae in anteriori dextro talo,The one in the front right ankle,The front right ankle
595,Sgr,figure,26,Quae in crure sinistro,The one in the left shin,"The left shin, below the rump"
596,Sgr,figure,27,Quae in posteriore dextro cubito,The one in the hind right elbow,The hind right elbow
597,Sgr,figure,28,Praecedens borealis lateris de quatuor quae sunt in radice caudae,The preceding one of the northern side of the four at the root of the tail,The northwest corner of the tail-root's quadrilateral
598,Sgr,figure,29,Sequens borealis lateris,The following one of the northern side,The northeast corner of the tail-root
599,Sgr,figure,30,Antecedens australis lateris,The preceding one of the southern side,The southwest corner of the tail-root
600,Sgr,figure,31,Sequens australis lateris,The following one of the southern side,The southeast corner of the tail-root
601,Cap,figure,1,Borealis de tribus quae sunt in sequenti cornu,The northern of the three in the following horn,The northern star of the three in the eastern horn — Algedi
602,Cap,figure,2,Media ipsarum,The middle of them,The middle star of the eastern horn
603,Cap,figure,3,Australis de tribus,The southern of the three,The southern star of the eastern horn — Dabih
604,Cap,figure,4,Quae in extremitate antecedentis cornu est,The one at the tip of the preceding horn,The lone tip of the western horn
605,Cap,figure,5,Australis de tribus quae sunt in rictu,The southern of the three in the muzzle,The southern star of the three in the muzzle
606,Cap,figure,6,Praecedens reliquarum duarum,The preceding of the remaining two,The western star of the muzzle's other two
607,Cap,figure,7,Sequens ipsarum,The following of them,"The eastern star of those two, at the lip"
608,Cap,figure,8,Praecedens de tribus quae sunt sub oculo dextro,The preceding of the three below the right eye,The western of the three below the right eye
609,Cap,figure,9,Borealior duarum quae sunt in collo,The more northern of the two in the neck,The northern star of the pair in the neck
610,Cap,figure,10,Australior earum,The more southern of them,The southern star of the neck pair
611,Cap,figure,11,Quae sub genu dextro,The one below the right knee,Below the right knee
612,Cap,figure,12,Quae est in genu sinistro atque flexo,"The one in the left, bent knee","The left knee, the one the catalogue calls bent"
613,Cap,figure,13,Quae in humero sinistro,The one in the left shoulder,The left shoulder of the goat half
614,Cap,figure,14,Praecedens duarum contiguarum quae sunt sub ventre,The preceding of the two close-set stars below the belly,The western of the close pair below the belly
615,Cap,figure,15,Sequens ipsarum,The following of them,The eastern of the belly pair
616,Cap,figure,16,Sequens de tribus quae sunt in medio corpore,The following of the three in the middle of the body,The eastern star of the mid-body three
617,Cap,figure,17,Australior reliquarum duarum antecedentium,"The more southern of the remaining two, preceding ones",The southern of the mid-body's western two
618,Cap,figure,18,Borealior ipsarum,The more northern of them,The northern of the mid-body's western two
619,Cap,figure,19,"Antecedens duarum, quae sunt in scapula",The preceding of the two in the back,The western star of the pair in the back
620,Cap,figure,20,Sequens ipsarum,The following of them,The eastern star of the back pair
621,Cap,figure,21,"Antecedens duarum, quae sunt in spina australi",The preceding of the two in the southern spine,The western star of the southern spine pair
622,Cap,figure,22,Sequens ipsarum,The following of them,The eastern star of the southern spine
623,Cap,figure,23,"Antecedens duarum, quae sunt apud caudam",The preceding of the two at the tail,The western star of the pair at the tail
624,Cap,figure,24,Sequens ipsarum,The following of them,The eastern star of the tail pair — Nashira
625,Cap,figure,25,"Antecedens de quatuor, quae sunt in boreali caudae parte",The preceding of the four in the northern part of the tail-fin,The western star of the four in the tail-fin
626,Cap,figure,26,Australis reliquarum trium,The southern of the remaining three,The southern star of the fin's other three — Deneb Algedi
627,Cap,figure,27,Media ipsarum,The middle of them,The middle star of those three
628,Cap,figure,28,Borealis ipsarum,The northern of them,The northern star of those three
629,Aqr,figure,1,Quae est in capite Aquarii,The one in the head of the Water-Pourer,The star in the Water-Pourer's head
630,Aqr,figure,2,"Fulgentior duarum, quae sunt in humero dextro",The brighter of the two in the right shoulder,The brighter star of the right shoulder — Sadalmelik
631,Aqr,figure,3,Quae sub ipsa obscurior,The dimmer one below it,The dimmer star below the right shoulder
632,Aqr,figure,4,Quae in humero sinistro,The one in the left shoulder,The left shoulder — Sadalsuud
633,Aqr,figure,5,Quae sub ipsa in scapula et quasi sub axilla,"The one below it, in the shoulder-blade, almost under the armpit","Below the left shoulder, almost under the armpit"
634,Aqr,figure,6,"Sequens de tribus, quae sunt in vestimento manus sinistrae",The following of the three in the drapery at the left hand,The eastern star of the three in the drapery at the left hand
635,Aqr,figure,7,Media ipsarum,The middle of them,The middle star of the drapery
636,Aqr,figure,8,Antecedens de tribus,The preceding of the three,The western star of the drapery
637,Aqr,figure,9,Quae in cubito dextro,The one in the right elbow,The right elbow of the pouring arm
638,Aqr,figure,10,"Borealis de tribus, quae sunt in extremitate manus dextrae",The northern of the three at the tip of the right hand,The northern star of the three at the right hand's tip — Sadachbia
639,Aqr,figure,11,Antecedens duarum reliquarum et borealium,"The preceding of the remaining two, northern ones",The western of the hand's other two
640,Aqr,figure,12,Sequens ipsarum,The following of them,The eastern of the hand's other two
641,Aqr,figure,13,"Praecedens duarum contiguarum, quae sunt in dextro vertebro",The preceding of the two close-set stars in the right hip,The western of the close pair in the right hip
642,Aqr,figure,14,Sequens ipsarum,The following of them,The eastern of the hip pair
643,Aqr,figure,15,Quae in dextro clune,The one in the right buttock,The right buttock
644,Aqr,figure,16,Australis duarum quae sunt in sinistro clune,The southern of the two in the left buttock,The southern star of the pair in the left buttock
645,Aqr,figure,17,Borealior ipsarum,The more northern of them,The northern star of that pair
646,Aqr,figure,18,Australior duarum quae sunt in tibia dextra,The more southern of the two in the right shin,The southern star of the pair in the right shin
647,Aqr,figure,19,Borealior ipsarum et est sub poplite,"The more northern of them, below the knee-hollow","The northern star of the right shin, below the knee-hollow"
648,Aqr,figure,20,Quae in posteriori sinistri cruris parte,The one at the back of the left leg,The back of the left leg
649,Aqr,figure,21,Australior duarum quae sunt in tibia sinistra,The more southern of the two in the left shin,The southern star of the pair in the left shin
650,Aqr,figure,22,Borealior ipsarum et est sub genu,"The more northern of them, below the knee","The northern star of the left shin, below the knee"
651,Aqr,figure,23,Antecedens duarum quae sunt in ipso aquae fluxu à manu,The preceding of the two in the very stream of water from the hand,"The first drop of water, in the stream as it leaves the hand"
652,Aqr,figure,24,Quae istam ex austro sequitur,"The one following it, from the south","The second star of the stream, south of the first"
653,Aqr,figure,25,Adhuc quae istam sequitur et est post flexum,"The one following it still, past the bend","The third, past the stream's first bend"
654,Aqr,figure,26,Quae istam adhuc sequitur,The one following it yet again,"The fourth, following the bend eastward"
655,Aqr,figure,27,Quae est in flexu a meridie istius,"The one in the bend, to the south of it",The star at the southern bend of the cascade
656,Aqr,figure,28,Borealior duarum quae adhuc a meridie istius sunt,The more northern of the two still further south of it,The northern of the falling pair below the bend
657,Aqr,figure,29,Australior ipsarum,The more southern of them,The southern of that falling pair
658,Aqr,figure,30,Solitaria ad meridiem istarum,The solitary one to the south of those,"The solitary drop, alone to the south"
659,Aqr,figure,31,Antecedens duarum contiguarum post ipsam,The preceding of the two close together after it,The western of the close pair after the solitary drop
660,Aqr,figure,32,Sequens ipsarum,The following of them,The eastern of that close pair
661,Aqr,figure,33,Borealis de tribus quae sunt in convolutione sequenti,The northern of the three in the following coil,The northern star of the eastern coil's three
662,Aqr,figure,34,Media de tribus,The middle of the three,The middle star of the eastern coil
663,Aqr,figure,35,Sequens ipsarum,The following of them,The eastern star of the eastern coil
664,Aqr,figure,36,Borealis de tribus quae deinceps similiter sunt,The northern of the three in the next row likewise,The northern star of the next coil's three
665,Aqr,figure,37,Media ipsarum,The middle of them,The middle star of that coil
666,Aqr,figure,38,Australior ipsis de tribus,The more southern of the three,The southern star of that coil
667,Aqr,figure,39,"Praecedens de tribus, quae sunt in reliqua convolutione",The preceding of the three in the remaining coil,The western star of the last coil's three
668,Aqr,figure,40,Australior reliquarum duarum,The more southern of the remaining two,The southern of the last coil's other two
669,Aqr,figure,41,Borealior ipsarum,The more northern of them,The northern of the last coil's other two
670,Aqr,figure,42,Aquae ipsius ultima et est in ore Piscis Austrinus,"The last star of the water itself, in the mouth of the Southern Fish","The last star of the water, falling into the mouth of the Southern Fish — Fomalhaut"
671,Aqr,unformed,1,"Praecedens de tribus, quae flexum id est curvaturam aquae sequuntur","The preceding of the three following the bend — that is, the curve — of the water",
672,Aqr,unformed,2,Borealior reliquarum duarum,The more northern of the remaining two,
673,Aqr,unformed,3,Australior ipsarum,The more southern of them,
674,Psc,figure,1,Quae in antecedentis Piscis ore,The one in the mouth of the preceding Fish,"The mouth of the western Fish, at its pointed snout"
675,Psc,figure,2,Australior duarum quae sunt in cranio ejus,The more southern of the two in its skull,The southern star of the pair in its skull
676,Psc,figure,3,Borealior ipsarum,The more northern of them,The northern star of the skull pair
677,Psc,figure,4,Antecedens duarum quae sunt in dorso,The preceding of the two in the back,The western star of the pair in the back
678,Psc,figure,5,Sequens ipsarum,The following of them,The eastern star of the back pair
679,Psc,figure,6,Antecedens duarum quae sunt in ventre,The preceding of the two in the belly,The western star of the pair in the belly
680,Psc,figure,7,Sequens ipsarum,The following of them,The eastern star of the belly pair
681,Psc,figure,8,Quae est in cauda Piscis ejusdem,The one in the tail of the same Fish,"The tail of the western Fish, where the cord begins"
682,Psc,figure,9,Prima post caudam in lino,"The first after the tail, on the cord","First star of the cord, just past the tail"
683,Psc,figure,10,Sequens ipsarum,The one following it,Second star of the cord
684,Psc,figure,11,"Antecedens de tribus splendidis, quae deinceps sunt",The preceding of the three bright ones next in order,The western of the three bright cord stars
685,Psc,figure,12,Media ipsarum,The middle of them,The middle of the bright three
686,Psc,figure,13,Sequens de tribus,The following of the three,The eastern of the bright three
687,Psc,figure,14,"Borealior duarum parvarum, quae sub ipsis in flexu sunt","The more northern of the two small ones below them, in the bend",The northern of the two small stars at the cord's dip
688,Psc,figure,15,Australior ipsarum,The more southern of them,The southern of the two small dip stars
689,Psc,figure,16,Praecedens de tribus quae sunt post flexum,The preceding of the three after the bend,The western star of the three beyond the dip
690,Psc,figure,17,Media ipsarum,The middle of them,The middle star of those three
691,Psc,figure,18,Sequens de tribus,The following of the three,"The eastern star of those three, nearest the Knot"
692,Psc,figure,19,Quae est in nodo linorum duorum,The one at the knot of the two cords,The Knot where the two cords are tied — Alrescha
693,Psc,figure,20,Antecedens earum quae sunt a nodo in boreali lino,The preceding of those running from the knot along the northern cord,The first star up the northern cord from the Knot
694,Psc,figure,21,Australis de tribus quae deinceps post ipsam sunt,The southern of the three next after it,The southern star of the trio along the northern cord
695,Psc,figure,22,Media ipsarum,The middle of them,The middle star of that trio
696,Psc,figure,23,Borealis de tribus et est in extremitate caudae,"The northern of the three, at the tip of the tail","The northern star of the trio, at the eastern Fish's tail"
697,Psc,figure,24,Borealior duarum quae sunt in ore piscis sequentis,The more northern of the two in the mouth of the following Fish,The northern star of the pair in the eastern Fish's mouth
698,Psc,figure,25,Australior ipsarum,The more southern of them,The southern star of that mouth pair
699,Psc,figure,26,Sequens de tribus parvis quae sunt in capite,The following of the three small ones in the head,The eastern star of the three small head stars
700,Psc,figure,27,Media ipsarum,The middle of them,The middle small star of the head
701,Psc,figure,28,Antecedens de tribus,The preceding of the three,The western small star of the head
702,Psc,figure,29,"Praecedens de tribus quae in australi spina, post cubitum Andromedae","The preceding of the three in the southern fin, behind the elbow of Andromeda","The western star of the southern fin, behind Andromeda's elbow"
703,Psc,figure,30,Media ipsarum,The middle of them,The middle star of the southern fin
704,Psc,figure,31,Sequens ipsarum,The following of them,The eastern star of the southern fin
705,Psc,figure,32,Borealior duarum quae sunt in ventre,The more northern of the two in the belly,The northern star of the pair in the eastern Fish's belly
706,Psc,figure,33,Australior ipsarum,The more southern of them,The southern star of that belly pair
707,Psc,figure,34,Quae est in spina sequenti juxta caudam,"The one in the following fin, by the tail","The star in the eastern fin, hard by the tail"
708,Psc,unformed,1,Praecedens de duabus borealibus quadrilaterae figurae quae est sub Pisce antecedente,The preceding of the two northern ones of the quadrilateral figure below the preceding Fish,
709,Psc,unformed,2,Sequens earum,The following of them,
710,Psc,unformed,3,Praecedens australis lateris,The preceding one of the southern side,
711,Psc,unformed,4,Sequens australis lateris,The following one of the southern side,
712,Cet,figure,1,Quae in extremitate naris,The one at the tip of the nostrils,The tip of the Sea-Monster's nostrils
713,Cet,figure,2,"Sequens de tribus quae sunt in rictu, et est in extrema maxilla","The following of the three in the muzzle, at the end of the jaw","The end of the jaw, easternmost of the muzzle's three"
714,Cet,figure,3,Media ipsarum et est in ore medio,"The middle of them, in the middle of the mouth",The middle of the open mouth
715,Cet,figure,4,Praecedens de tribus et est in mento,"The preceding of the three, in the chin","The western muzzle star, in the chin"
716,Cet,figure,5,Quae est in supercilio et in oculo,The one at the eyebrow and the eye,"The eye, at the eyebrow"
717,Cet,figure,6,Borealior hac et est quasi in capillis,"The one more northern than it, almost in the hair","North of the eye, almost in the hair"
718,Cet,figure,7,"Praecedens hanc, et est quasi in juba","The one preceding it, almost in the mane","West of the hair, almost in the mane"
719,Cet,figure,8,Borealis antecedentis lateris quadrilaterae figurae quae est in pectore,The northern one of the preceding side of the quadrilateral figure in the chest,The northwest corner of the chest's quadrilateral
720,Cet,figure,9,Australis antecedentis lateris,The southern one of the preceding side,The southwest corner of the chest
721,Cet,figure,10,Borealis sequentis lateris,The northern one of the following side,The northeast corner of the chest
722,Cet,figure,11,Australis sequentis lateris,The southern one of the following side,The southeast corner of the chest
723,Cet,figure,12,Media de tribus quae sunt in corpore,The middle of the three in the body,The middle star of the three in the body
724,Cet,figure,13,Australis ipsarum,The southern of them,The southern star of the body's three
725,Cet,figure,14,Borealis de tribus,The northern of the three,The northern star of the body's three
726,Cet,figure,15,Sequens duarum quae sunt juxta caudam,The following of the two by the tail,The eastern star of the pair by the tail
727,Cet,figure,16,Antecedens ipsarum,The preceding of them,The western star of that pair
728,Cet,figure,17,"Borealis sequentis lateris figurae quadrilaterae, quae est in cauda",The northern one of the following side of the quadrilateral figure in the tail,The northeast corner of the tail's quadrilateral
729,Cet,figure,18,Australis sequentis lateris,The southern one of the following side,The southeast corner of the tail
730,Cet,figure,19,Borealis praecedentis lateris,The northern one of the preceding side,The northwest corner of the tail
731,Cet,figure,20,Australis praecedentis lateris,The southern one of the preceding side,The southwest corner of the tail
732,Cet,figure,21,"De duabus quae sunt in extremis caudae, quae in boreali est","Of the two at the tail's ends, the one in the north",The northern tip of the tail's fluke
733,Cet,figure,22,Quae in extremitate australi caudae,The one at the southern tip of the tail,The southern tip of the fluke
734,Ori,figure,1,Nebulosa quae in capite Orionis est,The nebulous one in the head of Orion,The Hunter's head — a nebulous glow between the shoulders
735,Ori,figure,2,Splendida quae in humero dextro et est subrufa,"The brilliant one in the right shoulder, reddish","The right shoulder, brilliant and reddish — Betelgeuse"
736,Ori,figure,3,Quae in humero sinistro,The one in the left shoulder,The left shoulder — Bellatrix
737,Ori,figure,4,Quae sub ista sequitur,The one following below it,The star trailing below Bellatrix
738,Ori,figure,5,Quae est in cubito dextro,The one in the right elbow,"The right elbow, raising the club"
739,Ori,figure,6,Quae in brachio dextro,The one in the right arm,The star in the right arm
740,Ori,figure,7,Sequens et bina australis lateris figurae quadrilaterae quae est in extremitate manus dextrae,The following and double one of the southern side of the quadrilateral figure at the tip of the right hand,"The southeast corner of the fist — a double star, says the catalogue"
741,Ori,figure,8,Antecedens australis lateris,The preceding one of the southern side,The southwest corner of the fist
742,Ori,figure,9,Sequens borealis lateris,The following one of the northern side,The northeast corner of the fist
743,Ori,figure,10,Praecedens borealis lateris,The preceding one of the northern side,The northwest corner of the fist
744,Ori,figure,11,Praecedens de duabus quae sunt in collorobo,The preceding of the two in the club,The western star of the two in the club
745,Ori,figure,12,Sequens ipsarum,The following of them,"The eastern star of the club, swung high"
746,Ori,figure,13,Sequens de quatuor quae sunt in scapula quasi ad rectam lineam,"The following of the four in the shoulder-blade, almost in a straight line",The eastern end of the shoulder-blade's straight line of four
747,Ori,figure,14,Praecedens istam,The one preceding it,Second star west along the shoulder-blade line
748,Ori,figure,15,Quae adhuc hanc praecedit,The one preceding that still,Third star west along the line
749,Ori,figure,16,Reliqua et antecedens de quatuor,The remaining and preceding one of the four,The western end of the shoulder-blade line
750,Ori,figure,17,Borealissima earum quae sunt in pelle manus sinistrae,The northernmost of those in the pelt of the left hand,The northern end of the pelt raised on the left arm
751,Ori,figure,18,Secunda a borealissima,The second from the northernmost,Second star down the pelt's edge
752,Ori,figure,19,Tertia a borealissima,The third from the northernmost,Third star down the pelt
753,Ori,figure,20,Quarta a borealissima,The fourth from the northernmost,Fourth star down the pelt
754,Ori,figure,21,Quinta a borealissima,The fifth from the northernmost,Fifth star down the pelt
755,Ori,figure,22,Sexta a borealissima,The sixth from the northernmost,Sixth star down the pelt
756,Ori,figure,23,Septima a borealissima,The seventh from the northernmost,Seventh star down the pelt
757,Ori,figure,24,Octava a borealissima,The eighth from the northernmost,Eighth star down the pelt
758,Ori,figure,25,Reliqua et australissima earum quae sunt in pelle,The remaining and southernmost of those in the pelt,The southern end of the pelt's nine
759,Ori,figure,26,Antecedens de tribus quae sunt in cingulo,The preceding of the three in the belt,The western star of the belt — Mintaka
760,Ori,figure,27,Media ipsarum,The middle of them,The middle star of the belt — Alnilam
761,Ori,figure,28,Sequens de tribus,The following of the three,The eastern star of the belt — Alnitak
762,Ori,figure,29,Quae in ensis capulo,The one in the hilt of the sword,"The hilt of the sword, hanging west below the belt"
763,Ori,figure,30,Borealis de tribus conjunctis quae sunt in ensis extremitate,The northern of the three joined together at the tip of the sword,The northern of the three joined at the sword's tip — the Great Nebula shines here
764,Ori,figure,31,Media ipsarum,The middle of them,The middle of the sword-tip's three
765,Ori,figure,32,Australis de tribus,The southern of the three,The southern of the sword-tip's three
766,Ori,figure,33,Sequens de duabus quae sunt sub ensis extremitate,The following of the two below the tip of the sword,The eastern star of the pair below the sword
767,Ori,figure,34,Praecedens ipsarum,The preceding of them,The western star of that pair
768,Ori,figure,35,Splendida quae est in extremitate pedis sinistri communis cum aqua,"The brilliant one at the tip of the left foot, shared with the water","The left foot, brilliant, shared with the River — Rigel"
769,Ori,figure,36,Borealior ipsarum supra talum in tibia,"The one more northern than it, above the ankle, in the shin","Above the ankle, in the shin over Rigel"
770,Ori,figure,37,Exterior sub sinistro calcaneo,The outer one below the left heel,The outer star below the left heel
771,Ori,figure,38,Quae sub dextro et sequenti genu,"The one below the right, following knee","Below the right knee, on the eastern side"
772,Eri,figure,1,Quae post illam quae est in extremo pede Orionis in principio fluvii,"The one after the star at the tip of Orion's foot, at the river's beginning","The river's first star, rising beside Orion's foot"
773,Eri,figure,2,Borealior hac in flexu juxta suram Orionis,"The one more northern than it, at the bend by Orion's shin","North of the source, at the bend by Orion's shin"
774,Eri,figure,3,Sequens de duabus quae post istam deinceps sunt,The following of the two next after it,The eastern star of the first meander's pair
775,Eri,figure,4,Praecedens ipsarum,The preceding of them,The western star of that pair
776,Eri,figure,5,Sequens duarum quae rursus deinceps sunt,The following of the two next again,The eastern star of the second pair
777,Eri,figure,6,Praecedens ipsarum,The preceding of them,The western star of the second pair
778,Eri,figure,7,Sequens de tribus quae post ipsam sunt,The following of the three after it,The eastern star of the trio that follows
779,Eri,figure,8,Media ipsarum,The middle of them,The middle star of that trio
780,Eri,figure,9,Praecedens de tribus,The preceding of the three,The western star of that trio
781,Eri,figure,10,Sequens de quatuor quae parum deinceps distant,The following of the four a little way onward,The eastern star of the first four-star reach
782,Eri,figure,11,Praecedens istam,The one preceding it,Second star west along the first reach
783,Eri,figure,12,Praecedens adhuc istam,The one preceding that still,Third star west along the first reach
784,Eri,figure,13,Praecedens de quatuor,The preceding of the four,The western end of the first reach
785,Eri,figure,14,Sequens de quatuor quae parum deinceps distantia distant,The following of the four again a little apart,The eastern star of the second four-star reach
786,Eri,figure,15,Praecedens istam,The one preceding it,Second star west along the second reach
787,Eri,figure,16,Praecedens adhuc istam,The one preceding that still,Third star west along the second reach
788,Eri,figure,17,Praecedens de quatuor,The preceding of the four,The western end of the second reach
789,Eri,figure,18,"Quae in flexu fluvii est, primumque tangit pectus Ceti","The one at the river's bend, first to touch the chest of Cetus",The great bend — the star that first touches the chest of Cetus
790,Eri,figure,19,Sequens istam,The one following it,The star following the bend
791,Eri,figure,20,Praecedens de tribus quae deinceps sunt,The preceding of the three next in order,The western star of the trio in the long southern run
792,Eri,figure,21,Media ipsarum,The middle of them,The middle star of that trio
793,Eri,figure,22,Sequens de tribus,The following of the three,The eastern star of that trio
794,Eri,figure,23,Borealis antecedentis lateris de quatuor quae deinceps quasi quadrangulum faciunt,The northern one of the preceding side of the four that next make almost a quadrangle,The northern star of the pool's western side
795,Eri,figure,24,Australior antecedentis lateris,The more southern one of the preceding side,The southern star of the pool's western side
796,Eri,figure,25,Antecedens sequentis lateris,The preceding one of the following side,The nearer star of the pool's eastern side
797,Eri,figure,26,Sequens hujus lateris et reliqua de quatuor,"The following one of this side, the last of the four","The far star of the pool's eastern side, last of its four"
798,Eri,figure,27,Borealis de duabus contiguis quae ab istis ad ortum distant,The northern of the two close-set stars at some distance eastward,The northern of the close pair some way east of the pool
799,Eri,figure,28,Australior ipsarum,The more southern of them,The southern of that close pair
800,Eri,figure,29,Sequens duarum quae deinceps post flexum sunt,The following of the two next after the bend,The eastern star of the pair past the last bend
801,Eri,figure,30,Praecedens ipsarum,The preceding of them,The western star of that pair
802,Eri,figure,31,Sequens de tribus quae deinceps in nonnulla distantia sunt,The following of the three next at some distance,The eastern star of the final trio
803,Eri,figure,32,Media ipsarum,The middle of them,The middle star of the final trio
804,Eri,figure,33,Praecedens de tribus,The preceding of the three,The western star of the final trio
805,Eri,figure,34,Ultima fluvii et est splendida,"The last of the river, and it is brilliant","The last star of the river, and it is brilliant — Acamar"
806,Lep,figure,1,Borealis antecedentis lateris quadrangulae figurae quae in auribus,The northern one of the preceding side of the quadrangular figure in the ears,The northwest corner of the quadrangle in the Hare's ears
807,Lep,figure,2,Australis antecedentis lateris,The southern one of the preceding side,The southwest corner of the ears
808,Lep,figure,3,Borealis sequentis lateris,The northern one of the following side,The northeast corner of the ears
809,Lep,figure,4,Australis sequentis lateris,The southern one of the following side,The southeast corner of the ears
810,Lep,figure,5,Quae in mento est,The one in the chin,The Hare's chin
811,Lep,figure,6,Quae in extremitate anterioris sinistri pedis,The one at the tip of the front left foot,"The tip of the front left foot, tucked to the chin"
812,Lep,figure,7,Quae in medio corpore,The one in the middle of the body,The middle of the crouched body — Arneb
813,Lep,figure,8,Quae sub ventre,The one below the belly,Below the belly
814,Lep,figure,9,"Borealior duarum, quae sunt in posterioribus pedibus",The more northern of the two in the hind feet,The northern star of the pair in the hind feet
815,Lep,figure,10,Australior ipsarum,The more southern of them,The southern star of the hind-feet pair
816,Lep,figure,11,Quae in lumbis,The one in the loins,The star in the loins
817,Lep,figure,12,Quae in extremitate caudae,The one at the tip of the tail,The tip of the Hare's tail
818,CMa,figure,1,"Quae in ore fulgentissima est,et vocatur Sirius,et est subrufa","The most brilliant one in the mouth, called Sirius, and it is reddish","The most brilliant star in the sky, in the Dog's mouth — Sirius, which the catalogue calls reddish"
819,CMa,figure,2,Quae in auribus,The one in the ears,The star in the ears
820,CMa,figure,3,Quae in capite,The one in the head,The star in the head
821,CMa,figure,4,Borealis duarum quae sunt in collo,The northern of the two in the neck,The northern star of the pair in the neck
822,CMa,figure,5,Australis ipsarum,The southern of them,The southern star of the neck pair
823,CMa,figure,6,Quae in pectore,The one in the chest,The Dog's chest
824,CMa,figure,7,Borealis duarum quae sunt in genu dextro,The northern of the two in the right knee,The northern star of the right knee pair
825,CMa,figure,8,Australior ipsarum,The more southern of them,The southern star of the right knee pair
826,CMa,figure,9,Quae in extremitate anterioris pedis,The one at the tip of the front foot,The tip of the front foot — Mirzam
827,CMa,figure,10,Antecedens duarum quae sunt in genu sinistro,The preceding of the two in the left knee,The western star of the left knee pair
828,CMa,figure,11,Sequens ipsarum,The following of them,The eastern star of the left knee pair
829,CMa,figure,12,Sequens duarum quae sunt in humero sinistro,The following of the two in the left shoulder,The eastern star of the left shoulder pair
830,CMa,figure,13,Praecedens ipsarum,The preceding of them,The western star of the left shoulder pair
831,CMa,figure,14,Quae est in cruris sinistri radice,The one at the root of the left leg,The root of the hind left leg — Wezen
832,CMa,figure,15,Quae sub ventre inter crura,"The one below the belly, between the legs","Below the belly, between the legs"
833,CMa,figure,16,Quae in poplite pedis dextri,The one in the hollow of the right foot,The hollow of the right hind foot
834,CMa,figure,17,Quae in extremitate pedis dextri,The one at the tip of the right foot,The tip of the right hind foot — Adhara
835,CMa,figure,18,Quae in cauda,The one in the tail,The star in the tail — Aludra
836,CMa,unformed,1,Quae a septentrione capite canis,The one north of the Dog's head,
837,CMa,unformed,2,Australissima de quatuor quae sunt sub posterioribus pedibus quasi ad rectam lineam,"The southernmost of the four below the hind feet, almost in a straight line",
838,CMa,unformed,3,Borealior hac,The one more northern than it,
839,CMa,unformed,4,Borealior adhuc ista,The one more northern still,
840,CMa,unformed,5,Reliqua et borealior de quatuor,The remaining and most northern of the four,
841,CMa,unformed,6,Praecedens de tribus quae sunt ad occasum rerum istarum quatuor quasi ad rectam lineam,"The preceding of the three west of those four, almost in a straight line",
842,CMa,unformed,7,Media ipsarum,The middle of them,
843,CMa,unformed,8,Sequens de tribus,The following of the three,
844,CMa,unformed,9,Sequens de duabus splendidis quae sunt sub istis,The following of the two bright ones below them,
845,CMa,unformed,10,Praecedens ipsarum,The preceding of them,
846,CMa,unformed,11,Reliqua et australior supradictis,"The remaining one, more southern than those above",
847,CMi,figure,1,Quae in collo,The one in the neck,The star in the Little Dog's neck — Gomeisa
848,CMi,figure,2,Fulgens quae est in posterioribus et vocatur Procyon,"The bright one in the hindquarters, called Procyon","The bright star in the hindquarters — Procyon, herald of Sirius"
849,Arg,figure,1,Praecedens duarum quae sunt in extremitate navis,The preceding of the two at the ship's end,The western star of the pair at the ship's stern-end
850,Arg,figure,2,Sequens earum,The following of them,The eastern star of the stern-end pair
851,Arg,figure,3,Borealior duarum contiguarum quae sunt supra scutulum in puppi,The more northern of the two close together above the little shield in the stern,The northern of the close pair above the stern's little shield
852,Arg,figure,4,Australior ipsarum,The more southern of them,The southern of that close pair
853,Arg,figure,5,Praecedens istarum,The one preceding them,The star just west of the shield pair
854,Arg,figure,6,Splendida quae est in medio scutulo,The brilliant one in the middle of the little shield,The brilliant boss in the middle of the little shield
855,Arg,figure,7,Praecedens de tribus quae sunt sub scutulo,The preceding of the three below the little shield,The western star of the three below the shield
856,Arg,figure,8,Sequens ipsarum,The following of them,The eastern star of those three
857,Arg,figure,9,Media de tribus,The middle of the three,The middle star of those three
858,Arg,figure,10,Quae in χηνίσκου sive anserculo est,"The one in the cheniskos, or the little goose",The goose-head ornament at the sternpost — the cheniskos
859,Arg,figure,11,Borealior duarum quae sunt in carina puppis,The more northern of the two in the keel of the stern,The northern star of the stern keel's pair
860,Arg,figure,12,Australior ipsarum,The more southern of them,The southern star of the stern keel
861,Arg,figure,13,Borealior earum quae sunt in foris puppis,The more northern of those in the deck of the stern,The northern star in the stern's deck
862,Arg,figure,14,Praecedens de tribus quae deinceps sunt,The preceding of the three next in order,The western star of the deck trio
863,Arg,figure,15,Media ipsarum,The middle of them,The middle star of the deck trio
864,Arg,figure,16,Sequens de tribus,The following of the three,The eastern star of the deck trio
865,Arg,figure,17,Splendida quae istas in foris sequitur,"The brilliant one following them, on the deck",The brilliant star east along the deck
866,Arg,figure,18,"Praecedens de duabus obscuris, quae sunt sub splendida",The preceding of the two dim ones below the brilliant one,The western of the two dim stars below the brilliant deck star
867,Arg,figure,19,Sequens ipsarum,The following of them,The eastern of those dim two
868,Arg,figure,20,Praecedens de duabus quae sunt supra splendidam dictam,The preceding of the two above the said brilliant one,The western of the pair above the brilliant deck star
869,Arg,figure,21,Sequens ipsarum,The following of them,The eastern of that upper pair
870,Arg,figure,22,Borealis de tribus quae sunt in scutulis et est quasi in malo,"The northern of the three in the little shields, almost at the mast",The northern star of the shields at the mast's step
871,Arg,figure,23,Media ipsarum,The middle of them,The middle star at the mast's step
872,Arg,figure,24,Australis de tribus,The southern of the three,The southern star at the mast's step
873,Arg,figure,25,Borealior de duabus contiguis quae sunt sub istis,The more northern of the two close together below them,The northern of the close pair below the mast-step
874,Arg,figure,26,Australior ipsarum,The more southern of them,The southern of that close pair
875,Arg,figure,27,"Australis de duabus, quae sunt in medio malo",The southern of the two in the middle of the mast,The southern star of the mid-mast pair
876,Arg,figure,28,Borealior ipsarum,The more northern of them,The northern star of the mid-mast pair
877,Arg,figure,29,Praecedens de duabus quae sunt in extremitate mali,The preceding of the two at the tip of the mast,The western star at the masthead
878,Arg,figure,30,Sequens ipsarum,The following of them,The eastern star at the masthead
879,Arg,figure,31,Quae est sub tertia in sequento scutulo,"The one below the third, in the following little shield","The star below the third shield, on the eastern side"
880,Arg,figure,32,Quae in abscissione fororum est,The one at the cut-off of the decking,"The cut-off of the decking, where the hull ends"
881,Arg,figure,33,Quae inter gubernacula in carina,"The one between the steering-oars, in the keel",The keel star between the two steering-oars
882,Arg,figure,34,Sequens istam obscura,The dim one following it,The dim star east of the between-oars keel star
883,Arg,figure,35,Splendida sequens istam sub foris,"The brilliant one following it, below the decks",The brilliant keel star below the decks
884,Arg,figure,36,Splendida quae ad meridiem istius est in inferiore carina,"The brilliant one to the south of it, lower in the keel",The brilliant star lower still in the keel
885,Arg,figure,37,"Antecedens de tribus, quae istam sequuntur",The preceding of the three that follow it,The western star of the trio following the bright keel
886,Arg,figure,38,Media ipsarum,The middle of them,The middle star of that keel trio
887,Arg,figure,39,Sequens de tribus,The following of the three,The eastern star of that trio
888,Arg,figure,40,Praecedens de duabus sequentibus has juxta abscissionem,"The preceding of the two following these, by the cut-off",The western star of the pair by the cut-off
889,Arg,figure,41,Sequens ipsarum,The following of them,The eastern star of that pair
890,Arg,figure,42,Antecedens de duabus quae sunt in boreali et praecedenti gubernaculo,"The preceding of the two in the northern, preceding steering-oar",The far blade of the northern steering-oar
891,Arg,figure,43,Sequens ipsarum,The following of them,The near star of the northern steering-oar
892,Arg,figure,44,Praecedens duarum reliquarum in gubernaculo et vocatur Canopus,"The preceding of the two remaining, in the steering-oar, and it is called Canopus","The blade of the southern steering-oar — Canopus, second-brightest of all stars"
893,Arg,figure,45,Reliqua et sequens ipsarum,The remaining and following of them,The near star of the southern steering-oar
894,Hya,figure,1,Australis duarum praecedentium de quinque quae sunt in capite et est in naribus,"The southern of the two preceding, of the five in the head, in the nostrils",The Snake's nostrils — the southwest star of the five in the head
895,Hya,figure,2,Borealior ipsarum et est supra oculum,"The more northern of them, above the eye","Above the eye, north of the nostrils"
896,Hya,figure,3,Borealis de duabus sequentibus et est quasi in cranio,"The northern of the two following, almost in the skull",The skull — the northeast star of the head
897,Hya,figure,4,Australior ipsarum et est in oris hiatu,"The more southern of them, at the gape of the mouth","The gape of the mouth, below the skull"
898,Hya,figure,5,Quae omnes istas sequitur et est quasi in mento,"The one following them all, almost in the chin","The chin, easternmost of the head's five"
899,Hya,figure,6,Praecedens duarum quae sunt in radice colli,The preceding of the two at the root of the neck,The western star of the pair at the neck's root
900,Hya,figure,7,Sequens ipsarum,The following of them,The eastern star of the neck-root pair
901,Hya,figure,8,Media de tribus quae deinceps in flexu colli sunt,The middle of the three next along the bend of the neck,The middle star of the trio at the neck's bend
902,Hya,figure,9,Sequens de tribus,The following of the three,The eastern star of the bend trio
903,Hya,figure,10,Australissima ipsarum,The southernmost of them,The southernmost star of the bend trio
904,Hya,figure,11,Borealis et obscura de duabus contiguis quae sunt ab austro,The northern and dim one of the two close together to the south,The dim northern star of the close throat pair
905,Hya,figure,12,Splendida de duabus contiguis,The bright one of the close pair,The bright star of the throat pair — Alphard's herald
906,Hya,figure,13,Praecedens de tribus sequentibus post flexum,The preceding of the three following after the bend,The western star of the trio after the bend
907,Hya,figure,14,Media ipsarum,The middle of them,The middle star of that trio
908,Hya,figure,15,Sequens de tribus,The following of the three,The eastern star of that trio
909,Hya,figure,16,Praecedens de tribus quae deinceps quasi ad rectam lineam sunt,"The preceding of the three next, almost in a straight line",The western star of the straight-line trio in the body
910,Hya,figure,17,Media ipsarum,The middle of them,The middle star of the straight-line trio
911,Hya,figure,18,Sequens de tribus,The following of the three,The eastern star of the straight-line trio
912,Hya,figure,19,Borealis de duabus quae sunt post basim Craterae,The northern of the two behind the base of the Cup,The northern star of the pair behind the Cup's base
913,Hya,figure,20,Australior ipsarum,The more southern of them,The southern star of that pair
914,Hya,figure,21,Praecedens de tribus post istas quae sunt quasi in triangulo,"The preceding of the three after those, almost in a triangle",The western point of the near-triangle in the body
915,Hya,figure,22,Media et australior ipsarum,The middle and more southern of them,"The southern, middle point of the near-triangle"
916,Hya,figure,23,Sequens de tribus,The following of the three,The eastern point of the near-triangle
917,Hya,figure,24,Quae post corvum est prope caudam,"The one after the Crow, near the tail","The star past the Crow, nearing the tail"
918,Hya,figure,25,Quae in extremitate caudae,The one at the tip of the tail,The tip of the Water-Snake's long tail
919,Hya,unformed,1,Quae a meridie capitis,The one south of the head,
920,Hya,unformed,2,Sequens eas quae in collo sunt non multum ab illis distans,"The one following those in the neck, not far distant from them",
921,Crt,figure,1,Quae in basi Craterae est communis cum Hydro,"The one in the base of the Cup, shared with the Water-Snake",The base of the Cup — one star shared with the Water-Snake beneath it
922,Crt,figure,2,Australior de duabus quae sunt in medio Craterae,The more southern of the two in the middle of the Cup,The southern star of the pair in the Cup's middle
923,Crt,figure,3,Borealior ipsarum,The more northern of them,The northern star of the Cup's middle
924,Crt,figure,4,Quae est in australi arcu oris,The one at the southern rim of the mouth,The southern rim of the mouth
925,Crt,figure,5,Quae est in boreali arcu oris,The one at the northern rim of the mouth,The northern rim of the mouth
926,Crt,figure,6,Quae est in ansa australi,The one in the southern handle,The southern handle
927,Crt,figure,7,Quae est in ansa boreali,The one in the northern handle,The northern handle
928,Crv,figure,1,Quae in rostro communis cum Hydro,"The one in the beak, shared with the Water-Snake",The Crow's beak — one star shared with the Water-Snake
929,Crv,figure,2,Quae est in collo juxta caput,"The one in the neck, by the head","The neck, close by the head"
930,Crv,figure,3,Quae in pectore,The one in the breast,The star in the breast
931,Crv,figure,4,Quae in antecedente dextraque ala,"The one in the preceding, right wing","The western, right wing — Gienah"
932,Crv,figure,5,Praecedens de duabus quae sunt in ala sequenti,The preceding of the two in the following wing,The western star of the eastern wing's pair
933,Crv,figure,6,Sequens ipsarum,The following of them,The eastern star of the eastern wing's pair
934,Crv,figure,7,Quae in extremo pede communis cum Hydro,"The one at the tip of the foot, shared with the Water-Snake","The foot, planted on the Water-Snake it perches on"
935,Cen,figure,1,Australissima de quatuor quae sunt in capite,The southernmost of the four in the head,The southernmost of the four stars in the Centaur's head
936,Cen,figure,2,Borealior ipsarum,The more northern of them,The northernmost of the head's four
937,Cen,figure,3,Antecedens de duabus reliquis et mediis,"The preceding of the remaining two, in the middle",The western of the head's middle two
938,Cen,figure,4,Sequens ipsarum et reliqua de quatuor,"The following of them, the last of the four","The eastern of the head's middle two, last of the four"
939,Cen,figure,5,Quae in sinistro antecedentique humero,"The one in the left, preceding shoulder","The left, western shoulder"
940,Cen,figure,6,Quae in humero dextro,The one in the right shoulder,The right shoulder
941,Cen,figure,7,Quae in sinistra scapula,The one in the left shoulder-blade,"The left shoulder-blade, where the thyrsus is carried"
942,Cen,figure,8,Borealior de duabus praecedentibus quae sunt in Thyrso,The more northern of the two preceding stars in the Thyrsus,The northern star of the thyrsus' western pair
943,Cen,figure,9,Australior ipsarum,The more southern of them,The southern star of the thyrsus' western pair
944,Cen,figure,10,De reliquis duabus quae est in extremo Thyrsi,"Of the remaining two, the one at the tip of the Thyrsus",The tip of the thyrsus wand
945,Cen,figure,11,Reliqua et australior hac,"The remaining one, more southern than it","The last thyrsus star, south of the tip"
946,Cen,figure,12,Praecedens de tribus quae sunt in dextro latere,The preceding of the three in the right side,The western star of the three in the right side
947,Cen,figure,13,Media ipsarum,The middle of them,The middle star of the right side
948,Cen,figure,14,Sequens de tribus,The following of the three,The eastern star of the right side
949,Cen,figure,15,Quae est in dextro brachio,The one in the right arm,"The right arm, reaching for the Beast"
950,Cen,figure,16,Quae in dextro cubito,The one in the right elbow,The right elbow
951,Cen,figure,17,Quae in extremitate manus dextrae,The one at the tip of the right hand,"The tip of the right hand, at the Beast's caught foot"
952,Cen,figure,18,Splendida quae est in conjunctione humani corporis,The brilliant one at the join of the human body,"The brilliant star at the join, where man becomes horse"
953,Cen,figure,19,"Sequens de duabus obscuris, quae sunt borealiores hac",The following of the two dim ones more northern than it,The eastern of the two dim stars north of the join
954,Cen,figure,20,Praecedens ipsarum,The preceding of them,The western of those dim two
955,Cen,figure,21,Quae est in principio scapulae,The one at the start of the shoulder-blade,The start of the horse's shoulder-blade
956,Cen,figure,22,Antecedens hanc in dorso equi,"The one preceding it, on the horse's back","On the horse's back, west of the shoulder-blade"
957,Cen,figure,23,Sequens de tribus quae sunt in lumbis,The following of the three in the loins,The eastern star of the three in the loins
958,Cen,figure,24,Media ipsarum,The middle of them,The middle star of the loins
959,Cen,figure,25,Antecedens de tribus,The preceding of the three,The western star of the loins
960,Cen,figure,26,Praecedens de duabus contiguis quae sunt in crure dextro,The preceding of the two close together in the right thigh,The western of the close pair in the right thigh
961,Cen,figure,27,Sequens ipsarum,The following of them,The eastern of the thigh pair
962,Cen,figure,28,Quae in pectore sub axilla equi,"The one in the chest, below the horse's armpit","The horse's chest, below the armpit"
963,Cen,figure,29,Praecedens de duabus quae sunt sub ventre,The preceding of the two below the belly,The western star of the pair below the belly
964,Cen,figure,30,Sequens ipsarum,The following of them,The eastern star of the belly pair
965,Cen,figure,31,Quae est in poplite pedis dextri,The one in the hollow of the right foot,The hollow of the right hind leg — Hadar
966,Cen,figure,32,Quae est in talo ejusdem pedis,The one in the ankle of the same foot,"The ankle of the same right foot — Rigil Kentaurus, nearest of all the night's stars"
967,Cen,figure,33,Quae sub poplite sinistri pedis,The one below the hollow of the left foot,Below the hollow of the left hind foot
968,Cen,figure,34,Quae in sura ejusdem pedis,The one in the calf of the same foot,The calf of the left hind foot
969,Cen,figure,35,Quae in extremo anterioris dextri pedis,The one at the tip of the front right foot,The tip of the striding front right foot
970,Cen,figure,36,Quae in genu sinistri pedis,The one in the knee of the left foot,The knee of the front left foot
971,Cen,figure,37,Quae est extra sub dextro posteriore pede,"The one outside, below the right hind foot",The outlier below the right hind foot
972,Lup,figure,1,Quae in extremo posteriore pede apud manum Centauri,"The one at the tip of the hind foot, at the hand of the Centaur","The tip of the Beast's hind foot, caught in the Centaur's hand"
973,Lup,figure,2,Quae in poplite ejusdem pedis,The one in the hollow of the same foot,The hollow of the same captured foot
974,Lup,figure,3,Praecedens de duabus quae sunt in scapula,The preceding of the two in the shoulder,The western star of the pair in the shoulder
975,Lup,figure,4,Sequens earum,The following of them,The eastern star of the shoulder pair
976,Lup,figure,5,Quae in medio ferae corpore,The one in the middle of the beast's body,The middle of the Beast's body
977,Lup,figure,6,Quae in ventre sub latere,"The one in the belly, below the flank","The belly, below the flank"
978,Lup,figure,7,Quae in crure,The one in the thigh,The star in the thigh
979,Lup,figure,8,Borealior de duabus quae sunt juxta radicem cruris,The more northern of the two at the root of the thigh,The northern star of the pair at the thigh's root
980,Lup,figure,9,Australior ipsarum,The more southern of them,The southern star of that pair
981,Lup,figure,10,Quae in extremis lumbis,The one at the end of the loins,The end of the loins
982,Lup,figure,11,Australis de tribus quae sunt in extrema cauda,The southern of the three at the tip of the tail,The southern star of the three at the tail's tip
983,Lup,figure,12,Media de tribus,The middle of the three,The middle star of the tail's three
984,Lup,figure,13,Borealior ipsarum,The more northern of them,The northern star of the tail's three
985,Lup,figure,14,Australior de duabus quae sunt in collo,The more southern of the two in the neck,The southern star of the pair in the straining neck
986,Lup,figure,15,Borealior ipsarum,The more northern of them,The northern star of the neck pair
987,Lup,figure,16,Praecedens de duabus quae sunt in rictu,The preceding of the two in the muzzle,The western star of the pair in the muzzle
988,Lup,figure,17,Sequens ipsarum,The following of them,The eastern star of the muzzle pair
989,Lup,figure,18,Australior de duabus quae sunt in anteriore pede,The more southern of the two in the front foot,The southern star of the pair in the front foot
990,Lup,figure,19,Borealior ipsarum,The more northern of them,The northern star of the front-foot pair
991,Ara,figure,1,Borealior de duabus quae sunt in basi,The more northern of the two in the base,The northern star of the Altar's base
992,Ara,figure,2,Australior ipsarum,The more southern of them,The southern star of the base
993,Ara,figure,3,Quae est in media arae,The one in the middle of the altar,The middle of the Altar
994,Ara,figure,4,Borealis de tribus quae sunt in foco,The northern of the three in the brazier,The northern star of the three in the brazier
995,Ara,figure,5,Australior reliquarum et contiguarum duarum,"The more southern of the remaining two, close together",The southern star of the brazier's close pair
996,Ara,figure,6,Borealior ipsarum,The more northern of them,The northern star of that close pair
997,Ara,figure,7,Quae est in extremitate,The one at the tip of the flame,"The tip of the flame, rising from the brazier"
998,CrA,figure,1,Antecedens extra australem arcum,"The preceding one, outside the southern arc","The western outlier, outside the Crown's southern arc"
999,CrA,figure,2,Quae ipsam sequitur et est in corona,"The one following it, in the crown","The first star of the wreath proper, east of the outlier"
1000,CrA,figure,3,Quae istam sequitur,The one following that,"The next star east, at the wreath's southern dip"
1001,CrA,figure,4,Sequens adhuc istam,The one following it still,"The next, climbing the western side"
1002,CrA,figure,5,Quae post istam est ante Sagittarii genu,"The one after that, before the knee of Sagittarius",The wreath star before the knee of Sagittarius
1003,CrA,figure,6,Quae post istam est borealior quam fulgens quae est in genu,"The one after it, more northern than the bright star in the knee",North of the bright knee-star of Sagittarius
1004,CrA,figure,7,Borealior hac,The one more northern than that,The next star north along the wreath
1005,CrA,figure,8,Adhuc borealior ista,The one more northern still,"Northward still, at the top of the ring"
1006,CrA,figure,9,Sequens de duabus praecedentibus istam in boreali arcu,The following of the two preceding it in the northern arc,The nearer of the two ahead of it in the northern arc
1007,CrA,figure,10,Praecedens de duabus obscuris,The preceding of the two dim ones,The western of the two dim stars in the northern arc
1008,CrA,figure,11,Hanc etiam satis praecedens,The one well preceding it,The star well west of the dim pair
1009,CrA,figure,12,Adhuc istam praecedens,The one preceding that still,"West again, turning down the ring's far side"
1010,CrA,figure,13,Reliqua et australior quam supradicta,"The remaining one, more southern than those above","The last star, south of the northern arc, closing the wreath"
1011,PsA,figure,1,"Quae est in ore, est eadem cum principio aquae","The one in the mouth, the same as the beginning of the water","The mouth of the Southern Fish, drinking the stream — Fomalhaut"
1012,PsA,figure,2,Praecedens de tribus quae sunt in australi capitis circumferentia,The preceding of the three in the southern curve of the head,The western star of the three in the head's southern curve
1013,PsA,figure,3,Media ipsarum,The middle of them,The middle star of the head's curve
1014,PsA,figure,4,Sequens de tribus,The following of the three,"The eastern star of the curve, nearest the mouth"
1015,PsA,figure,5,Quae est ad branchias,The one at the gills,The star at the gills
1016,PsA,figure,6,Quae est in dorsali australique spina,"The one in the southern, dorsal fin","The southern, dorsal fin — the Fish swims on its back"
1017,PsA,figure,7,Sequens de duabus quae sunt in ventre,The following of the two in the belly,The eastern star of the pair in the upturned belly
1018,PsA,figure,8,Antecedens ipsarum,The preceding of them,The western star of the belly pair
1019,PsA,figure,9,Sequens de tribus quae sunt in boreali spina,The following of the three in the northern fin,The eastern star of the three in the northern fin
1020,PsA,figure,10,Media ipsarum,The middle of them,The middle star of the northern fin
1021,PsA,figure,11,Praecedens de tribus,The preceding of the three,The western star of the northern fin
1022,PsA,figure,12,Quae in extrema cauda,The one at the tip of the tail,The tip of the Fish's tail
1023,PsA,unformed,1,Praecedens de tribus splendidis antecedentibus Piscem,The preceding of the three bright ones ahead of the Fish,
1024,PsA,unformed,2,Media ipsarum,The middle of them,
1025,PsA,unformed,3,Sequens de tribus,The following of the three,
1026,PsA,unformed,4,Praecedens hanc et est obscura,"The one preceding it, and it is dim",
1027,PsA,unformed,5,Australior de duabus reliquis quae sunt in septentrione,"The more southern of the two remaining, to the north",
1028,PsA,unformed,6,Borealis ipsarum,The northern of them,
